-- phpMyAdmin SQL Dump
-- version 3.2.4
-- http://www.phpmyadmin.net
--
-- Host: localhost
-- Generation Time: Apr 06, 2011 at 02:16 PM
-- Server version: 5.1.41
-- PHP Version: 5.3.1

SET SQL_MODE="NO_AUTO_VALUE_ON_ZERO";


/*!40101 SET @OLD_CHARACTER_SET_CLIENT=@@CHARACTER_SET_CLIENT */;
/*!40101 SET @OLD_CHARACTER_SET_RESULTS=@@CHARACTER_SET_RESULTS */;
/*!40101 SET @OLD_COLLATION_CONNECTION=@@COLLATION_CONNECTION */;
/*!40101 SET NAMES utf8 */;

--
-- Database: `taxrecon`
--

-- --------------------------------------------------------

--
-- Table structure for table `1042simports`
--

CREATE TABLE IF NOT EXISTS `1042simports` (
  `MasterKey` varchar(255) NOT NULL,
  `POLID` varchar(255) NOT NULL,
  `COMPANY` varchar(255) NOT NULL,
  `POLICYNUMBER` varchar(255) NOT NULL,
  `COMPANYGROUP` varchar(255) NOT NULL,
  `ACTGGROUP` varchar(255) NOT NULL,
  `TAXGROUP` varchar(255) NOT NULL,
  `TAXYEAR` varchar(255) NOT NULL,
  `FORM` varchar(255) NOT NULL,
  `CORRFLAG` varchar(255) NOT NULL,
  `PAYEETIN` varchar(255) NOT NULL,
  `PAYEEACCTNO` varchar(255) NOT NULL,
  `PAYEENAME1` varchar(255) NOT NULL,
  `PAYEENAME2` varchar(255) NOT NULL,
  `PAYEEADDR1` varchar(255) NOT NULL,
  `PAYEEADDR2` varchar(255) NOT NULL,
  `PAYEECSZ` varchar(255) NOT NULL,
  `PAYEECTRY` varchar(255) NOT NULL,
  `DISTCODE` varchar(255) NOT NULL,
  `YEAR1ROTH` varchar(255) NOT NULL,
  `GROSSDIST` varchar(255) NOT NULL,
  `TAXABLEAMT` varchar(255) NOT NULL,
  `TAXAMTNOTDET` varchar(255) NOT NULL,
  `TOTDIST` varchar(255) NOT NULL,
  `CAPGAIN` varchar(255) NOT NULL,
  `NEWCAPGAIN` varchar(255) NOT NULL,
  `FEDTAXWTHD` varchar(255) NOT NULL,
  `EMPCONT` varchar(255) NOT NULL,
  `UNREALAPPR` varchar(255) NOT NULL,
  `IRASEPIND` varchar(255) NOT NULL,
  `OTHERAMT` varchar(255) NOT NULL,
  `OTHERPCT` varchar(255) NOT NULL,
  `TOTALDISTPCT` varchar(255) NOT NULL,
  `TOTEMPCONT` varchar(255) NOT NULL,
  `STTAXWTHD` varchar(255) NOT NULL,
  `STTAXID` varchar(255) NOT NULL,
  `STDIST` varchar(255) NOT NULL,
  `LCLTAXWTHD` varchar(255) NOT NULL,
  `LCLTAXID` varchar(255) NOT NULL,
  `LCLDIST` varchar(255) NOT NULL,
  `PAYERTIN` varchar(255) NOT NULL,
  `PAYERADDR1` varchar(255) NOT NULL,
  `PAYERADDR2` varchar(255) NOT NULL,
  `PAYERCSZ` varchar(255) NOT NULL,
  `PAYERPHONE` varchar(255) NOT NULL,
  `LOGOFILE` varchar(255) NOT NULL,
  `SDCFORM01` varchar(255) NOT NULL,
  `SDCFORM02` varchar(255) NOT NULL,
  `SDCFORM03` varchar(255) NOT NULL,
  `SDCFORM04` varchar(255) NOT NULL,
  `SDCFORM05` varchar(255) NOT NULL,
  `STATUS` varchar(255) NOT NULL,
  `WARNING` varchar(255) NOT NULL,
  `NOMATCH` tinyint(1) NOT NULL,
  `NEWACCTNO` varchar(255) NOT NULL,
  `NEWTIN` varchar(255) NOT NULL,
  `NEWNAME1` varchar(255) NOT NULL,
  `NEWNAME2` varchar(255) NOT NULL,
  `NEWADDR1` varchar(255) NOT NULL,
  `NEWADDR2` varchar(255) NOT NULL,
  `NEWCITY` varchar(255) NOT NULL,
  `NEWSTATE` varchar(255) NOT NULL,
  `NEWZIP` varchar(255) NOT NULL,
  `NEWDISTCODE` varchar(255) NOT NULL,
  `NEWGROSS` varchar(255) NOT NULL,
  `NEWTAXAMT` varchar(255) NOT NULL,
  `NEWTOTALDIST` varchar(255) NOT NULL,
  `NEWCAPGN` varchar(255) NOT NULL,
  `NEWFITWD` varchar(255) NOT NULL,
  `NEWEMPCB` varchar(255) NOT NULL,
  `NEWNETUN` varchar(255) NOT NULL,
  `NEWOTHER` varchar(255) NOT NULL,
  `NEWTOTEMP` varchar(255) NOT NULL,
  `NEWSTTAX` varchar(255) NOT NULL,
  `NEWTAXST` varchar(255) NOT NULL,
  `NEWLOTAX` varchar(255) NOT NULL,
  `DATEREVIEW` date NOT NULL,
  `FOLLOWUPDATE` date NOT NULL,
  `REVIEWEROPID` varchar(255) NOT NULL,
  `USEROPID` varbinary(255) NOT NULL,
  `CORRECTEDBYOPID` varchar(255) NOT NULL,
  `FIXCODE` varchar(255) NOT NULL,
  `REASONCODE` varchar(255) NOT NULL,
  `REPORTNUMBER` varchar(255) NOT NULL,
  `COMMENTS` text NOT NULL,
  `DELETE` varchar(255) NOT NULL,
  `CLAIMSFILTER` varchar(255) NOT NULL,
  `2NDTINNOTICE` varchar(255) NOT NULL,
  `RENTS` varchar(255) NOT NULL,
  `ROYALTIES` varchar(255) NOT NULL,
  `OTHERINC` varchar(255) NOT NULL,
  `FISHBOATPRO` varchar(255) NOT NULL,
  `MEDPAYMTS` varchar(255) NOT NULL,
  `NONEMPCOMP` varchar(255) NOT NULL,
  `SUBSPAYMTS` varchar(255) NOT NULL,
  `DIRSALESIND` varchar(255) NOT NULL,
  `CROPINS` varchar(255) NOT NULL,
  `EXGOLDPARA` varchar(255) NOT NULL,
  `GROSSATTY` varchar(255) NOT NULL,
  `409ADEFER` varchar(255) NOT NULL,
  `409AINCOME` varchar(255) NOT NULL,
  `INTINCOME` varchar(255) NOT NULL,
  `EARLYWTHDPNLTY` varchar(255) NOT NULL,
  `SAVBONDINT` varchar(255) NOT NULL,
  `INVESTEXP` varchar(255) NOT NULL,
  `FGNTAXPAID` varchar(255) NOT NULL,
  `FGNCNTRY` varchar(255) NOT NULL,
  `TAXEXEMPTINT` varchar(255) NOT NULL,
  `PVTACTBONDINT` varchar(255) NOT NULL,
  `PAYERRTN` varchar(255) NOT NULL,
  `NEWSTATUS` varchar(255) NOT NULL,
  `PRORATAIND` varchar(255) NOT NULL,
  `PAYEESSNIND` varchar(255) NOT NULL,
  `PAYEEEININD` varchar(255) NOT NULL,
  `PAYEEQIEININD` varchar(255) NOT NULL,
  `PAYEEGNTTAXID` varchar(255) NOT NULL,
  `PAYEECTRYCODE` varchar(255) NOT NULL,
  `RECIPCODE` varchar(255) NOT NULL,
  `INCOMECODE` varchar(255) NOT NULL,
  `GROSSINCOME` varchar(255) NOT NULL,
  `WTHDALLOW` varchar(255) NOT NULL,
  `NETINCOME` varchar(255) NOT NULL,
  `TAXRATE` varchar(255) NOT NULL,
  `EXEMPTCODE` varchar(255) NOT NULL,
  `OTHERAGTWTHD` varchar(255) NOT NULL,
  `TOTALWTHD` varchar(255) NOT NULL,
  `AMTREPAID` varchar(255) NOT NULL,
  `NQINAME1` varchar(255) NOT NULL,
  `NQIADDR1` varchar(255) NOT NULL,
  `NQIADDR2` varchar(255) NOT NULL,
  `NQICSZ` varchar(255) NOT NULL,
  `NQICTRYCD` varchar(255) NOT NULL,
  `TAXINGSTATE` varchar(255) NOT NULL,
  `WAGTTIN` varchar(255) NOT NULL,
  `WAGTENININD` varchar(255) NOT NULL,
  `WAGTADDR1` varchar(255) NOT NULL,
  `WAGTADDR2` varchar(255) NOT NULL,
  `WAGTADDR3` varchar(255) NOT NULL,
  `WAGTCSZ` varchar(255) NOT NULL,
  `WAGTPHONE` varchar(255) NOT NULL,
  `WAGTQIEININD` varchar(255) NOT NULL,
  `PAYERADDR3` varchar(255) NOT NULL,
  `modifier_id` int(11) NOT NULL,
  `modified` date NOT NULL,
  `creator_id` int(11) NOT NULL,
  `created` date NOT NULL,
  UNIQUE KEY `MasterKey` (`MasterKey`)
) ENGINE=MyISAM DEFAULT CHARSET=latin1;

--
-- Dumping data for table `1042simports`
--


-- --------------------------------------------------------

--
-- Table structure for table `1099intimports`
--

CREATE TABLE IF NOT EXISTS `1099intimports` (
  `MasterKey` varchar(255) NOT NULL,
  `POLID` varchar(255) NOT NULL,
  `COMPANY` varchar(255) NOT NULL,
  `POLICYNUMBER` varchar(255) NOT NULL,
  `COMPANYGROUP` varchar(255) NOT NULL,
  `ACTGGROUP` varchar(255) NOT NULL,
  `TAXGROUP` varchar(255) NOT NULL,
  `TAXYEAR` varchar(255) NOT NULL,
  `FORM` varchar(255) NOT NULL,
  `CORRFLAG` varchar(255) NOT NULL,
  `PAYEETIN` varchar(255) NOT NULL,
  `PAYEEACCTNO` varchar(255) NOT NULL,
  `PAYEENAME1` varchar(255) NOT NULL,
  `PAYEENAME2` varchar(255) NOT NULL,
  `PAYEEADDR1` varchar(255) NOT NULL,
  `PAYEEADDR2` varchar(255) NOT NULL,
  `PAYEECSZ` varchar(255) NOT NULL,
  `PAYEECTRY` varchar(255) NOT NULL,
  `DISTCODE` varchar(255) NOT NULL,
  `YEAR1ROTH` varchar(255) NOT NULL,
  `GROSSDIST` varchar(255) NOT NULL,
  `TAXABLEAMT` varchar(255) NOT NULL,
  `TAXAMTNOTDET` varchar(255) NOT NULL,
  `TOTDIST` varchar(255) NOT NULL,
  `CAPGAIN` varchar(255) NOT NULL,
  `NEWCAPGAIN` varchar(255) NOT NULL,
  `FEDTAXWTHD` varchar(255) NOT NULL,
  `EMPCONT` varchar(255) NOT NULL,
  `UNREALAPPR` varchar(255) NOT NULL,
  `IRASEPIND` varchar(255) NOT NULL,
  `OTHERAMT` varchar(255) NOT NULL,
  `OTHERPCT` varchar(255) NOT NULL,
  `TOTALDISTPCT` varchar(255) NOT NULL,
  `TOTEMPCONT` varchar(255) NOT NULL,
  `STTAXWTHD` varchar(255) NOT NULL,
  `STTAXID` varchar(255) NOT NULL,
  `STDIST` varchar(255) NOT NULL,
  `LCLTAXWTHD` varchar(255) NOT NULL,
  `LCLTAXID` varchar(255) NOT NULL,
  `LCLDIST` varchar(255) NOT NULL,
  `PAYERTIN` varchar(255) NOT NULL,
  `PAYERADDR1` varchar(255) NOT NULL,
  `PAYERADDR2` varchar(255) NOT NULL,
  `PAYERCSZ` varchar(255) NOT NULL,
  `PAYERPHONE` varchar(255) NOT NULL,
  `LOGOFILE` varchar(255) NOT NULL,
  `SDCFORM01` varchar(255) NOT NULL,
  `SDCFORM02` varchar(255) NOT NULL,
  `SDCFORM03` varchar(255) NOT NULL,
  `SDCFORM04` varchar(255) NOT NULL,
  `SDCFORM05` varchar(255) NOT NULL,
  `STATUS` varchar(255) NOT NULL,
  `WARNING` varchar(255) NOT NULL,
  `NOMATCH` tinyint(1) NOT NULL,
  `NEWACCTNO` varchar(255) NOT NULL,
  `NEWTIN` varchar(255) NOT NULL,
  `NEWNAME1` varchar(255) NOT NULL,
  `NEWNAME2` varchar(255) NOT NULL,
  `NEWADDR1` varchar(255) NOT NULL,
  `NEWADDR2` varchar(255) NOT NULL,
  `NEWCITY` varchar(255) NOT NULL,
  `NEWSTATE` varchar(255) NOT NULL,
  `NEWZIP` varchar(255) NOT NULL,
  `NEWDISTCODE` varchar(255) NOT NULL,
  `NEWGROSS` varchar(255) NOT NULL,
  `NEWTAXAMT` varchar(255) NOT NULL,
  `NEWTOTALDIST` varchar(255) NOT NULL,
  `NEWCAPGN` varchar(255) NOT NULL,
  `NEWFITWD` varchar(255) NOT NULL,
  `NEWEMPCB` varchar(255) NOT NULL,
  `NEWNETUN` varchar(255) NOT NULL,
  `NEWOTHER` varchar(255) NOT NULL,
  `NEWTOTEMP` varchar(255) NOT NULL,
  `NEWSTTAX` varchar(255) NOT NULL,
  `NEWTAXST` varchar(255) NOT NULL,
  `NEWLOTAX` varchar(255) NOT NULL,
  `DATEREVIEW` date NOT NULL,
  `FOLLOWUPDATE` date NOT NULL,
  `REVIEWEROPID` varchar(255) NOT NULL,
  `USEROPID` varbinary(255) NOT NULL,
  `CORRECTEDBYOPID` varchar(255) NOT NULL,
  `FIXCODE` varchar(255) NOT NULL,
  `REASONCODE` varchar(255) NOT NULL,
  `REPORTNUMBER` varchar(255) NOT NULL,
  `COMMENTS` text NOT NULL,
  `DELETE` varchar(255) NOT NULL,
  `CLAIMSFILTER` varchar(255) NOT NULL,
  `2NDTINNOTICE` varchar(255) NOT NULL,
  `RENTS` varchar(255) NOT NULL,
  `ROYALTIES` varchar(255) NOT NULL,
  `OTHERINC` varchar(255) NOT NULL,
  `FISHBOATPRO` varchar(255) NOT NULL,
  `MEDPAYMTS` varchar(255) NOT NULL,
  `NONEMPCOMP` varchar(255) NOT NULL,
  `SUBSPAYMTS` varchar(255) NOT NULL,
  `DIRSALESIND` varchar(255) NOT NULL,
  `CROPINS` varchar(255) NOT NULL,
  `EXGOLDPARA` varchar(255) NOT NULL,
  `GROSSATTY` varchar(255) NOT NULL,
  `409ADEFER` varchar(255) NOT NULL,
  `409AINCOME` varchar(255) NOT NULL,
  `INTINCOME` varchar(255) NOT NULL,
  `EARLYWTHDPNLTY` varchar(255) NOT NULL,
  `SAVBONDINT` varchar(255) NOT NULL,
  `INVESTEXP` varchar(255) NOT NULL,
  `FGNTAXPAID` varchar(255) NOT NULL,
  `FGNCNTRY` varchar(255) NOT NULL,
  `TAXEXEMPTINT` varchar(255) NOT NULL,
  `PVTACTBONDINT` varchar(255) NOT NULL,
  `PAYERRTN` varchar(255) NOT NULL,
  `NEWSTATUS` varchar(255) NOT NULL,
  `PRORATAIND` varchar(255) NOT NULL,
  `PAYEESSNIND` varchar(255) NOT NULL,
  `PAYEEEININD` varchar(255) NOT NULL,
  `PAYEEQIEININD` varchar(255) NOT NULL,
  `PAYEEGNTTAXID` varchar(255) NOT NULL,
  `PAYEECTRYCODE` varchar(255) NOT NULL,
  `RECIPCODE` varchar(255) NOT NULL,
  `INCOMECODE` varchar(255) NOT NULL,
  `GROSSINCOME` varchar(255) NOT NULL,
  `WTHDALLOW` varchar(255) NOT NULL,
  `NETINCOME` varchar(255) NOT NULL,
  `TAXRATE` varchar(255) NOT NULL,
  `EXEMPTCODE` varchar(255) NOT NULL,
  `OTHERAGTWTHD` varchar(255) NOT NULL,
  `TOTALWTHD` varchar(255) NOT NULL,
  `AMTREPAID` varchar(255) NOT NULL,
  `NQINAME1` varchar(255) NOT NULL,
  `NQIADDR1` varchar(255) NOT NULL,
  `NQIADDR2` varchar(255) NOT NULL,
  `NQICSZ` varchar(255) NOT NULL,
  `NQICTRYCD` varchar(255) NOT NULL,
  `TAXINGSTATE` varchar(255) NOT NULL,
  `WAGTTIN` varchar(255) NOT NULL,
  `WAGTENININD` varchar(255) NOT NULL,
  `WAGTADDR1` varchar(255) NOT NULL,
  `WAGTADDR2` varchar(255) NOT NULL,
  `WAGTADDR3` varchar(255) NOT NULL,
  `WAGTCSZ` varchar(255) NOT NULL,
  `WAGTPHONE` varchar(255) NOT NULL,
  `WAGTQIEININD` varchar(255) NOT NULL,
  `PAYERADDR3` varchar(255) NOT NULL,
  `modifier_id` int(11) NOT NULL,
  `modified` date NOT NULL,
  `creator_id` int(11) NOT NULL,
  `created` date NOT NULL,
  UNIQUE KEY `MasterKey` (`MasterKey`)
) ENGINE=MyISAM DEFAULT CHARSET=latin1;

--
-- Dumping data for table `1099intimports`
--


-- --------------------------------------------------------

--
-- Table structure for table `1099miscimports`
--

CREATE TABLE IF NOT EXISTS `1099miscimports` (
  `MasterKey` varchar(255) NOT NULL,
  `POLID` varchar(255) NOT NULL,
  `COMPANY` varchar(255) NOT NULL,
  `POLICYNUMBER` varchar(255) NOT NULL,
  `COMPANYGROUP` varchar(255) NOT NULL,
  `ACTGGROUP` varchar(255) NOT NULL,
  `TAXGROUP` varchar(255) NOT NULL,
  `TAXYEAR` varchar(255) NOT NULL,
  `FORM` varchar(255) NOT NULL,
  `CORRFLAG` varchar(255) NOT NULL,
  `PAYEETIN` varchar(255) NOT NULL,
  `PAYEEACCTNO` varchar(255) NOT NULL,
  `PAYEENAME1` varchar(255) NOT NULL,
  `PAYEENAME2` varchar(255) NOT NULL,
  `PAYEEADDR1` varchar(255) NOT NULL,
  `PAYEEADDR2` varchar(255) NOT NULL,
  `PAYEECSZ` varchar(255) NOT NULL,
  `PAYEECTRY` varchar(255) NOT NULL,
  `DISTCODE` varchar(255) NOT NULL,
  `YEAR1ROTH` varchar(255) NOT NULL,
  `GROSSDIST` varchar(255) NOT NULL,
  `TAXABLEAMT` varchar(255) NOT NULL,
  `TAXAMTNOTDET` varchar(255) NOT NULL,
  `TOTDIST` varchar(255) NOT NULL,
  `CAPGAIN` varchar(255) NOT NULL,
  `NEWCAPGAIN` varchar(255) NOT NULL,
  `FEDTAXWTHD` varchar(255) NOT NULL,
  `EMPCONT` varchar(255) NOT NULL,
  `UNREALAPPR` varchar(255) NOT NULL,
  `IRASEPIND` varchar(255) NOT NULL,
  `OTHERAMT` varchar(255) NOT NULL,
  `OTHERPCT` varchar(255) NOT NULL,
  `TOTALDISTPCT` varchar(255) NOT NULL,
  `TOTEMPCONT` varchar(255) NOT NULL,
  `STTAXWTHD` varchar(255) NOT NULL,
  `STTAXID` varchar(255) NOT NULL,
  `STDIST` varchar(255) NOT NULL,
  `LCLTAXWTHD` varchar(255) NOT NULL,
  `LCLTAXID` varchar(255) NOT NULL,
  `LCLDIST` varchar(255) NOT NULL,
  `PAYERTIN` varchar(255) NOT NULL,
  `PAYERADDR1` varchar(255) NOT NULL,
  `PAYERADDR2` varchar(255) NOT NULL,
  `PAYERCSZ` varchar(255) NOT NULL,
  `PAYERPHONE` varchar(255) NOT NULL,
  `LOGOFILE` varchar(255) NOT NULL,
  `SDCFORM01` varchar(255) NOT NULL,
  `SDCFORM02` varchar(255) NOT NULL,
  `SDCFORM03` varchar(255) NOT NULL,
  `SDCFORM04` varchar(255) NOT NULL,
  `SDCFORM05` varchar(255) NOT NULL,
  `STATUS` varchar(255) NOT NULL,
  `WARNING` varchar(255) NOT NULL,
  `NOMATCH` tinyint(1) NOT NULL,
  `NEWACCTNO` varchar(255) NOT NULL,
  `NEWTIN` varchar(255) NOT NULL,
  `NEWNAME1` varchar(255) NOT NULL,
  `NEWNAME2` varchar(255) NOT NULL,
  `NEWADDR1` varchar(255) NOT NULL,
  `NEWADDR2` varchar(255) NOT NULL,
  `NEWCITY` varchar(255) NOT NULL,
  `NEWSTATE` varchar(255) NOT NULL,
  `NEWZIP` varchar(255) NOT NULL,
  `NEWDISTCODE` varchar(255) NOT NULL,
  `NEWGROSS` varchar(255) NOT NULL,
  `NEWTAXAMT` varchar(255) NOT NULL,
  `NEWTOTALDIST` varchar(255) NOT NULL,
  `NEWCAPGN` varchar(255) NOT NULL,
  `NEWFITWD` varchar(255) NOT NULL,
  `NEWEMPCB` varchar(255) NOT NULL,
  `NEWNETUN` varchar(255) NOT NULL,
  `NEWOTHER` varchar(255) NOT NULL,
  `NEWTOTEMP` varchar(255) NOT NULL,
  `NEWSTTAX` varchar(255) NOT NULL,
  `NEWTAXST` varchar(255) NOT NULL,
  `NEWLOTAX` varchar(255) NOT NULL,
  `DATEREVIEW` date NOT NULL,
  `FOLLOWUPDATE` date NOT NULL,
  `REVIEWEROPID` varchar(255) NOT NULL,
  `USEROPID` varbinary(255) NOT NULL,
  `CORRECTEDBYOPID` varchar(255) NOT NULL,
  `FIXCODE` varchar(255) NOT NULL,
  `REASONCODE` varchar(255) NOT NULL,
  `REPORTNUMBER` varchar(255) NOT NULL,
  `COMMENTS` text NOT NULL,
  `DELETE` varchar(255) NOT NULL,
  `CLAIMSFILTER` varchar(255) NOT NULL,
  `2NDTINNOTICE` varchar(255) NOT NULL,
  `RENTS` varchar(255) NOT NULL,
  `ROYALTIES` varchar(255) NOT NULL,
  `OTHERINC` varchar(255) NOT NULL,
  `FISHBOATPRO` varchar(255) NOT NULL,
  `MEDPAYMTS` varchar(255) NOT NULL,
  `NONEMPCOMP` varchar(255) NOT NULL,
  `SUBSPAYMTS` varchar(255) NOT NULL,
  `DIRSALESIND` varchar(255) NOT NULL,
  `CROPINS` varchar(255) NOT NULL,
  `EXGOLDPARA` varchar(255) NOT NULL,
  `GROSSATTY` varchar(255) NOT NULL,
  `409ADEFER` varchar(255) NOT NULL,
  `409AINCOME` varchar(255) NOT NULL,
  `INTINCOME` varchar(255) NOT NULL,
  `EARLYWTHDPNLTY` varchar(255) NOT NULL,
  `SAVBONDINT` varchar(255) NOT NULL,
  `INVESTEXP` varchar(255) NOT NULL,
  `FGNTAXPAID` varchar(255) NOT NULL,
  `FGNCNTRY` varchar(255) NOT NULL,
  `TAXEXEMPTINT` varchar(255) NOT NULL,
  `PVTACTBONDINT` varchar(255) NOT NULL,
  `PAYERRTN` varchar(255) NOT NULL,
  `NEWSTATUS` varchar(255) NOT NULL,
  `PRORATAIND` varchar(255) NOT NULL,
  `PAYEESSNIND` varchar(255) NOT NULL,
  `PAYEEEININD` varchar(255) NOT NULL,
  `PAYEEQIEININD` varchar(255) NOT NULL,
  `PAYEEGNTTAXID` varchar(255) NOT NULL,
  `PAYEECTRYCODE` varchar(255) NOT NULL,
  `RECIPCODE` varchar(255) NOT NULL,
  `INCOMECODE` varchar(255) NOT NULL,
  `GROSSINCOME` varchar(255) NOT NULL,
  `WTHDALLOW` varchar(255) NOT NULL,
  `NETINCOME` varchar(255) NOT NULL,
  `TAXRATE` varchar(255) NOT NULL,
  `EXEMPTCODE` varchar(255) NOT NULL,
  `OTHERAGTWTHD` varchar(255) NOT NULL,
  `TOTALWTHD` varchar(255) NOT NULL,
  `AMTREPAID` varchar(255) NOT NULL,
  `NQINAME1` varchar(255) NOT NULL,
  `NQIADDR1` varchar(255) NOT NULL,
  `NQIADDR2` varchar(255) NOT NULL,
  `NQICSZ` varchar(255) NOT NULL,
  `NQICTRYCD` varchar(255) NOT NULL,
  `TAXINGSTATE` varchar(255) NOT NULL,
  `WAGTTIN` varchar(255) NOT NULL,
  `WAGTENININD` varchar(255) NOT NULL,
  `WAGTADDR1` varchar(255) NOT NULL,
  `WAGTADDR2` varchar(255) NOT NULL,
  `WAGTADDR3` varchar(255) NOT NULL,
  `WAGTCSZ` varchar(255) NOT NULL,
  `WAGTPHONE` varchar(255) NOT NULL,
  `WAGTQIEININD` varchar(255) NOT NULL,
  `PAYERADDR3` varchar(255) NOT NULL,
  `modifier_id` int(11) NOT NULL,
  `modified` date NOT NULL,
  `creator_id` int(11) NOT NULL,
  `created` date NOT NULL,
  UNIQUE KEY `MasterKey` (`MasterKey`)
) ENGINE=MyISAM DEFAULT CHARSET=latin1;

--
-- Dumping data for table `1099miscimports`
--


-- --------------------------------------------------------

--
-- Table structure for table `1099rimports`
--

CREATE TABLE IF NOT EXISTS `1099rimports` (
  `MasterKey` varchar(255) NOT NULL,
  `POLID` varchar(255) NOT NULL,
  `COMPANY` varchar(255) NOT NULL,
  `POLICYNUMBER` varchar(255) NOT NULL,
  `COMPANYGROUP` varchar(255) NOT NULL,
  `ACTGGROUP` varchar(255) NOT NULL,
  `TAXGROUP` varchar(255) NOT NULL,
  `TAXYEAR` varchar(255) NOT NULL,
  `FORM` varchar(255) NOT NULL,
  `CORRFLAG` varchar(255) NOT NULL,
  `PAYEETIN` varchar(255) NOT NULL,
  `PAYEEACCTNO` varchar(255) NOT NULL,
  `PAYEENAME1` varchar(255) NOT NULL,
  `PAYEENAME2` varchar(255) NOT NULL,
  `PAYEEADDR1` varchar(255) NOT NULL,
  `PAYEEADDR2` varchar(255) NOT NULL,
  `PAYEECSZ` varchar(255) NOT NULL,
  `PAYEECTRY` varchar(255) NOT NULL,
  `DISTCODE` varchar(255) NOT NULL,
  `YEAR1ROTH` varchar(255) NOT NULL,
  `GROSSDIST` varchar(255) NOT NULL,
  `TAXABLEAMT` varchar(255) NOT NULL,
  `TAXAMTNOTDET` varchar(255) NOT NULL,
  `TOTDIST` varchar(255) NOT NULL,
  `CAPGAIN` varchar(255) NOT NULL,
  `NEWCAPGAIN` varchar(255) NOT NULL,
  `FEDTAXWTHD` varchar(255) NOT NULL,
  `EMPCONT` varchar(255) NOT NULL,
  `UNREALAPPR` varchar(255) NOT NULL,
  `IRASEPIND` varchar(255) NOT NULL,
  `OTHERAMT` varchar(255) NOT NULL,
  `OTHERPCT` varchar(255) NOT NULL,
  `TOTALDISTPCT` varchar(255) NOT NULL,
  `TOTEMPCONT` varchar(255) NOT NULL,
  `STTAXWTHD` varchar(255) NOT NULL,
  `STTAXID` varchar(255) NOT NULL,
  `STDIST` varchar(255) NOT NULL,
  `LCLTAXWTHD` varchar(255) NOT NULL,
  `LCLTAXID` varchar(255) NOT NULL,
  `LCLDIST` varchar(255) NOT NULL,
  `PAYERTIN` varchar(255) NOT NULL,
  `PAYERADDR1` varchar(255) NOT NULL,
  `PAYERADDR2` varchar(255) NOT NULL,
  `PAYERCSZ` varchar(255) NOT NULL,
  `PAYERPHONE` varchar(255) NOT NULL,
  `LOGOFILE` varchar(255) NOT NULL,
  `SDCFORM01` varchar(255) NOT NULL,
  `SDCFORM02` varchar(255) NOT NULL,
  `SDCFORM03` varchar(255) NOT NULL,
  `SDCFORM04` varchar(255) NOT NULL,
  `SDCFORM05` varchar(255) NOT NULL,
  `STATUS` varchar(255) NOT NULL,
  `WARNING` varchar(255) NOT NULL,
  `NOMATCH` tinyint(1) NOT NULL,
  `NEWACCTNO` varchar(255) NOT NULL,
  `NEWTIN` varchar(255) NOT NULL,
  `NEWNAME1` varchar(255) NOT NULL,
  `NEWNAME2` varchar(255) NOT NULL,
  `NEWADDR1` varchar(255) NOT NULL,
  `NEWADDR2` varchar(255) NOT NULL,
  `NEWCITY` varchar(255) NOT NULL,
  `NEWSTATE` varchar(255) NOT NULL,
  `NEWZIP` varchar(255) NOT NULL,
  `NEWDISTCODE` varchar(255) NOT NULL,
  `NEWGROSS` varchar(255) NOT NULL,
  `NEWTAXAMT` varchar(255) NOT NULL,
  `NEWTOTALDIST` varchar(255) NOT NULL,
  `NEWCAPGN` varchar(255) NOT NULL,
  `NEWFITWD` varchar(255) NOT NULL,
  `NEWEMPCB` varchar(255) NOT NULL,
  `NEWNETUN` varchar(255) NOT NULL,
  `NEWOTHER` varchar(255) NOT NULL,
  `NEWTOTEMP` varchar(255) NOT NULL,
  `NEWSTTAX` varchar(255) NOT NULL,
  `NEWTAXST` varchar(255) NOT NULL,
  `NEWLOTAX` varchar(255) NOT NULL,
  `DATEREVIEW` date NOT NULL,
  `FOLLOWUPDATE` date NOT NULL,
  `REVIEWEROPID` varchar(255) NOT NULL,
  `USEROPID` varbinary(255) NOT NULL,
  `CORRECTEDBYOPID` varchar(255) NOT NULL,
  `FIXCODE` varchar(255) NOT NULL,
  `REASONCODE` varchar(255) NOT NULL,
  `REPORTNUMBER` varchar(255) NOT NULL,
  `COMMENTS` text NOT NULL,
  `DELETE` varchar(255) NOT NULL,
  `CLAIMSFILTER` varchar(255) NOT NULL,
  `2NDTINNOTICE` varchar(255) NOT NULL,
  `RENTS` varchar(255) NOT NULL,
  `ROYALTIES` varchar(255) NOT NULL,
  `OTHERINC` varchar(255) NOT NULL,
  `FISHBOATPRO` varchar(255) NOT NULL,
  `MEDPAYMTS` varchar(255) NOT NULL,
  `NONEMPCOMP` varchar(255) NOT NULL,
  `SUBSPAYMTS` varchar(255) NOT NULL,
  `DIRSALESIND` varchar(255) NOT NULL,
  `CROPINS` varchar(255) NOT NULL,
  `EXGOLDPARA` varchar(255) NOT NULL,
  `GROSSATTY` varchar(255) NOT NULL,
  `409ADEFER` varchar(255) NOT NULL,
  `409AINCOME` varchar(255) NOT NULL,
  `INTINCOME` varchar(255) NOT NULL,
  `EARLYWTHDPNLTY` varchar(255) NOT NULL,
  `SAVBONDINT` varchar(255) NOT NULL,
  `INVESTEXP` varchar(255) NOT NULL,
  `FGNTAXPAID` varchar(255) NOT NULL,
  `FGNCNTRY` varchar(255) NOT NULL,
  `TAXEXEMPTINT` varchar(255) NOT NULL,
  `PVTACTBONDINT` varchar(255) NOT NULL,
  `PAYERRTN` varchar(255) NOT NULL,
  `NEWSTATUS` varchar(255) NOT NULL,
  `PRORATAIND` varchar(255) NOT NULL,
  `PAYEESSNIND` varchar(255) NOT NULL,
  `PAYEEEININD` varchar(255) NOT NULL,
  `PAYEEQIEININD` varchar(255) NOT NULL,
  `PAYEEGNTTAXID` varchar(255) NOT NULL,
  `PAYEECTRYCODE` varchar(255) NOT NULL,
  `RECIPCODE` varchar(255) NOT NULL,
  `INCOMECODE` varchar(255) NOT NULL,
  `GROSSINCOME` varchar(255) NOT NULL,
  `WTHDALLOW` varchar(255) NOT NULL,
  `NETINCOME` varchar(255) NOT NULL,
  `TAXRATE` varchar(255) NOT NULL,
  `EXEMPTCODE` varchar(255) NOT NULL,
  `OTHERAGTWTHD` varchar(255) NOT NULL,
  `TOTALWTHD` varchar(255) NOT NULL,
  `AMTREPAID` varchar(255) NOT NULL,
  `NQINAME1` varchar(255) NOT NULL,
  `NQIADDR1` varchar(255) NOT NULL,
  `NQIADDR2` varchar(255) NOT NULL,
  `NQICSZ` varchar(255) NOT NULL,
  `NQICTRYCD` varchar(255) NOT NULL,
  `TAXINGSTATE` varchar(255) NOT NULL,
  `WAGTTIN` varchar(255) NOT NULL,
  `WAGTENININD` varchar(255) NOT NULL,
  `WAGTADDR1` varchar(255) NOT NULL,
  `WAGTADDR2` varchar(255) NOT NULL,
  `WAGTADDR3` varchar(255) NOT NULL,
  `WAGTCSZ` varchar(255) NOT NULL,
  `WAGTPHONE` varchar(255) NOT NULL,
  `WAGTQIEININD` varchar(255) NOT NULL,
  `PAYERADDR3` varchar(255) NOT NULL,
  `modifier_id` int(11) NOT NULL,
  `modified` date NOT NULL,
  `creator_id` int(11) NOT NULL,
  `created` date NOT NULL,
  UNIQUE KEY `MasterKey` (`MasterKey`)
) ENGINE=MyISAM DEFAULT CHARSET=latin1;

--
-- Dumping data for table `1099rimports`
--


-- --------------------------------------------------------

--
-- Table structure for table `acos`
--

CREATE TABLE IF NOT EXISTS `acos` (
  `id` int(10) NOT NULL AUTO_INCREMENT,
  `parent_id` int(10) DEFAULT NULL,
  `model` varchar(255) DEFAULT NULL,
  `foreign_key` int(10) DEFAULT NULL,
  `alias` varchar(255) DEFAULT NULL,
  `lft` int(10) DEFAULT NULL,
  `rght` int(10) DEFAULT NULL,
  PRIMARY KEY (`id`)
) ENGINE=MyISAM  DEFAULT CHARSET=latin1 AUTO_INCREMENT=146 ;

--
-- Dumping data for table `acos`
--

INSERT INTO `acos` (`id`, `parent_id`, `model`, `foreign_key`, `alias`, `lft`, `rght`) VALUES
(1, NULL, NULL, NULL, 'controllers', 1, 290),
(2, 1, NULL, NULL, 'Pages', 2, 17),
(3, 2, NULL, NULL, 'display', 3, 4),
(4, 2, NULL, NULL, 'index', 5, 6),
(5, 2, NULL, NULL, 'multiedit', 7, 8),
(6, 2, NULL, NULL, 'add', 9, 10),
(7, 2, NULL, NULL, 'edit', 11, 12),
(8, 2, NULL, NULL, 'view', 13, 14),
(9, 2, NULL, NULL, 'delete', 15, 16),
(10, 1, NULL, NULL, 'Coreappsettings', 18, 31),
(11, 10, NULL, NULL, 'index', 19, 20),
(12, 10, NULL, NULL, 'view', 21, 22),
(13, 10, NULL, NULL, 'add', 23, 24),
(14, 10, NULL, NULL, 'edit', 25, 26),
(15, 10, NULL, NULL, 'delete', 27, 28),
(16, 10, NULL, NULL, 'multiedit', 29, 30),
(17, 1, NULL, NULL, 'Depts', 32, 55),
(18, 17, NULL, NULL, 'index', 33, 34),
(19, 17, NULL, NULL, 'view', 35, 36),
(20, 17, NULL, NULL, 'add', 37, 38),
(21, 17, NULL, NULL, 'edit', 39, 40),
(22, 17, NULL, NULL, 'delete', 41, 42),
(23, 17, NULL, NULL, 'admin_index', 43, 44),
(24, 17, NULL, NULL, 'admin_view', 45, 46),
(25, 17, NULL, NULL, 'admin_add', 47, 48),
(26, 17, NULL, NULL, 'admin_edit', 49, 50),
(27, 17, NULL, NULL, 'admin_delete', 51, 52),
(28, 17, NULL, NULL, 'multiedit', 53, 54),
(29, 1, NULL, NULL, 'Groups', 56, 71),
(30, 29, NULL, NULL, 'beforeSave', 57, 58),
(31, 29, NULL, NULL, 'index', 59, 60),
(32, 29, NULL, NULL, 'view', 61, 62),
(33, 29, NULL, NULL, 'add', 63, 64),
(34, 29, NULL, NULL, 'edit', 65, 66),
(35, 29, NULL, NULL, 'delete', 67, 68),
(36, 29, NULL, NULL, 'multiedit', 69, 70),
(37, 1, NULL, NULL, 'Menus', 72, 95),
(38, 37, NULL, NULL, 'populate', 73, 74),
(39, 37, NULL, NULL, 'index', 75, 76),
(40, 37, NULL, NULL, 'add', 77, 78),
(41, 37, NULL, NULL, 'edit', 79, 80),
(42, 37, NULL, NULL, 'delete', 81, 82),
(43, 37, NULL, NULL, 'beforeSave', 83, 84),
(44, 37, NULL, NULL, 'getnodes', 85, 86),
(45, 37, NULL, NULL, 'reorder', 87, 88),
(46, 37, NULL, NULL, 'reparent', 89, 90),
(47, 37, NULL, NULL, 'multiedit', 91, 92),
(48, 37, NULL, NULL, 'view', 93, 94),
(49, 1, NULL, NULL, 'Strainers', 96, 113),
(50, 49, NULL, NULL, 'index', 97, 98),
(51, 49, NULL, NULL, 'add', 99, 100),
(52, 49, NULL, NULL, 'addChildren', 101, 102),
(53, 49, NULL, NULL, 'get_flds_ajax', 103, 104),
(54, 49, NULL, NULL, 'multiedit', 105, 106),
(55, 49, NULL, NULL, 'edit', 107, 108),
(56, 49, NULL, NULL, 'view', 109, 110),
(57, 49, NULL, NULL, 'delete', 111, 112),
(58, 1, NULL, NULL, 'Uploads', 114, 145),
(59, 58, NULL, NULL, 'index', 115, 116),
(60, 58, NULL, NULL, 'view', 117, 118),
(61, 58, NULL, NULL, 'BuildN155000', 119, 120),
(62, 58, NULL, NULL, 'addn155000', 121, 122),
(63, 58, NULL, NULL, 'BuildTaxfiles', 123, 124),
(64, 58, NULL, NULL, 'addt055011', 125, 126),
(65, 58, NULL, NULL, 'addt055021', 127, 128),
(66, 58, NULL, NULL, 'addt055031', 129, 130),
(67, 58, NULL, NULL, 'addt055041', 131, 132),
(68, 58, NULL, NULL, 'addt055051', 133, 134),
(69, 58, NULL, NULL, 'addt055061', 135, 136),
(70, 58, NULL, NULL, 'add', 137, 138),
(71, 58, NULL, NULL, 'edit', 139, 140),
(72, 58, NULL, NULL, 'delete', 141, 142),
(73, 58, NULL, NULL, 'multiedit', 143, 144),
(74, 1, NULL, NULL, 'Users', 146, 193),
(75, 74, NULL, NULL, 'beforeSave', 147, 148),
(76, 74, NULL, NULL, 'sendActivationEmails', 149, 150),
(77, 74, NULL, NULL, 'register', 151, 152),
(78, 74, NULL, NULL, 'resendActivationEmails', 153, 154),
(79, 74, NULL, NULL, 'resend', 155, 156),
(80, 74, NULL, NULL, 'reset', 157, 158),
(81, 74, NULL, NULL, 'login', 159, 160),
(82, 74, NULL, NULL, 'logout', 161, 162),
(83, 74, NULL, NULL, 'view', 163, 164),
(84, 74, NULL, NULL, 'add', 165, 166),
(85, 74, NULL, NULL, 'afterSave', 167, 168),
(86, 74, NULL, NULL, 'edit', 169, 170),
(87, 74, NULL, NULL, 'manage', 171, 172),
(88, 74, NULL, NULL, 'delete', 173, 174),
(89, 74, NULL, NULL, 'admin_index', 175, 176),
(90, 74, NULL, NULL, 'admin_view', 177, 178),
(91, 74, NULL, NULL, 'admin_add', 179, 180),
(92, 74, NULL, NULL, 'admin_edit', 181, 182),
(93, 74, NULL, NULL, 'admin_delete', 183, 184),
(94, 74, NULL, NULL, 'user_actions', 185, 186),
(95, 74, NULL, NULL, 'build_acl', 187, 188),
(96, 74, NULL, NULL, 'index', 189, 190),
(97, 74, NULL, NULL, 'multiedit', 191, 192),
(98, 1, NULL, NULL, 'Usertickets', 194, 211),
(99, 98, NULL, NULL, 'index', 195, 196),
(100, 98, NULL, NULL, 'view', 197, 198),
(101, 98, NULL, NULL, 'add', 199, 200),
(102, 98, NULL, NULL, 'edit', 201, 202),
(103, 98, NULL, NULL, 'delete', 203, 204),
(104, 98, NULL, NULL, 'activate', 205, 206),
(105, 98, NULL, NULL, 'reset', 207, 208),
(106, 98, NULL, NULL, 'multiedit', 209, 210),
(107, 1, NULL, NULL, 'Acl', 212, 289),
(108, 107, NULL, NULL, 'Acl', 213, 228),
(109, 108, NULL, NULL, 'index', 214, 215),
(110, 108, NULL, NULL, 'admin_index', 216, 217),
(111, 108, NULL, NULL, 'multiedit', 218, 219),
(112, 108, NULL, NULL, 'add', 220, 221),
(113, 108, NULL, NULL, 'edit', 222, 223),
(114, 108, NULL, NULL, 'view', 224, 225),
(115, 108, NULL, NULL, 'delete', 226, 227),
(116, 107, NULL, NULL, 'Acos', 229, 248),
(117, 116, NULL, NULL, 'admin_index', 230, 231),
(118, 116, NULL, NULL, 'admin_empty_acos', 232, 233),
(119, 116, NULL, NULL, 'admin_build_acl', 234, 235),
(120, 116, NULL, NULL, 'index', 236, 237),
(121, 116, NULL, NULL, 'multiedit', 238, 239),
(122, 116, NULL, NULL, 'add', 240, 241),
(123, 116, NULL, NULL, 'edit', 242, 243),
(124, 116, NULL, NULL, 'view', 244, 245),
(125, 116, NULL, NULL, 'delete', 246, 247),
(126, 107, NULL, NULL, 'Aros', 249, 288),
(127, 126, NULL, NULL, 'admin_index', 250, 251),
(128, 126, NULL, NULL, 'admin_check', 252, 253),
(129, 126, NULL, NULL, 'admin_users', 254, 255),
(130, 126, NULL, NULL, 'admin_update_user_role', 256, 257),
(131, 126, NULL, NULL, 'admin_role_permissions', 258, 259),
(132, 126, NULL, NULL, 'admin_user_permissions', 260, 261),
(133, 126, NULL, NULL, 'admin_empty_permissions', 262, 263),
(134, 126, NULL, NULL, 'admin_grant_all_controllers', 264, 265),
(135, 126, NULL, NULL, 'admin_deny_all_controllers', 266, 267),
(136, 126, NULL, NULL, 'admin_grant_role_permission', 268, 269),
(137, 126, NULL, NULL, 'admin_deny_role_permission', 270, 271),
(138, 126, NULL, NULL, 'admin_grant_user_permission', 272, 273),
(139, 126, NULL, NULL, 'admin_deny_user_permission', 274, 275),
(140, 126, NULL, NULL, 'index', 276, 277),
(141, 126, NULL, NULL, 'multiedit', 278, 279),
(142, 126, NULL, NULL, 'add', 280, 281),
(143, 126, NULL, NULL, 'edit', 282, 283),
(144, 126, NULL, NULL, 'view', 284, 285),
(145, 126, NULL, NULL, 'delete', 286, 287);

-- --------------------------------------------------------

--
-- Table structure for table `acosbkup`
--

CREATE TABLE IF NOT EXISTS `acosbkup` (
  `id` int(10) NOT NULL AUTO_INCREMENT,
  `parent_id` int(10) DEFAULT NULL,
  `model` varchar(255) DEFAULT NULL,
  `foreign_key` int(10) DEFAULT NULL,
  `alias` varchar(255) DEFAULT NULL,
  `lft` int(10) DEFAULT NULL,
  `rght` int(10) DEFAULT NULL,
  PRIMARY KEY (`id`)
) ENGINE=MyISAM  DEFAULT CHARSET=latin1 AUTO_INCREMENT=162 ;

--
-- Dumping data for table `acosbkup`
--

INSERT INTO `acosbkup` (`id`, `parent_id`, `model`, `foreign_key`, `alias`, `lft`, `rght`) VALUES
(1, NULL, NULL, NULL, 'controllers', 1, 314),
(2, 1, NULL, NULL, 'Pages', 2, 21),
(3, 2, NULL, NULL, 'display', 3, 8),
(4, 2, NULL, NULL, 'index', 9, 10),
(5, 2, NULL, NULL, 'multiedit', 11, 12),
(6, 2, NULL, NULL, 'add', 13, 14),
(7, 2, NULL, NULL, 'edit', 15, 16),
(8, 2, NULL, NULL, 'view', 17, 18),
(9, 2, NULL, NULL, 'delete', 19, 20),
(10, 1, NULL, NULL, 'ArosAcos', 22, 35),
(11, 10, NULL, NULL, 'index', 23, 24),
(12, 10, NULL, NULL, 'view', 25, 26),
(13, 10, NULL, NULL, 'add', 27, 28),
(14, 10, NULL, NULL, 'edit', 29, 30),
(15, 10, NULL, NULL, 'delete', 31, 32),
(16, 10, NULL, NULL, 'multiedit', 33, 34),
(17, 1, NULL, NULL, 'Coreappsettings', 36, 49),
(18, 17, NULL, NULL, 'index', 37, 38),
(19, 17, NULL, NULL, 'view', 39, 40),
(20, 17, NULL, NULL, 'add', 41, 42),
(21, 17, NULL, NULL, 'edit', 43, 44),
(22, 17, NULL, NULL, 'delete', 45, 46),
(23, 17, NULL, NULL, 'multiedit', 47, 48),
(24, 1, NULL, NULL, 'Groups', 50, 65),
(25, 24, NULL, NULL, 'beforeSave', 51, 52),
(26, 24, NULL, NULL, 'index', 53, 54),
(27, 24, NULL, NULL, 'view', 55, 56),
(28, 24, NULL, NULL, 'add', 57, 58),
(29, 24, NULL, NULL, 'edit', 59, 60),
(30, 24, NULL, NULL, 'delete', 61, 62),
(31, 24, NULL, NULL, 'multiedit', 63, 64),
(32, 1, NULL, NULL, 'Menus', 66, 89),
(33, 32, NULL, NULL, 'populate', 67, 68),
(34, 32, NULL, NULL, 'index', 69, 70),
(35, 32, NULL, NULL, 'add', 71, 72),
(36, 32, NULL, NULL, 'edit', 73, 74),
(37, 32, NULL, NULL, 'delete', 75, 76),
(38, 32, NULL, NULL, 'beforeSave', 77, 78),
(39, 32, NULL, NULL, 'getnodes', 79, 80),
(40, 32, NULL, NULL, 'reorder', 81, 82),
(41, 32, NULL, NULL, 'reparent', 83, 84),
(42, 32, NULL, NULL, 'multiedit', 85, 86),
(43, 32, NULL, NULL, 'view', 87, 88),
(44, 1, NULL, NULL, 'Strainers', 90, 107),
(45, 44, NULL, NULL, 'index', 91, 92),
(46, 44, NULL, NULL, 'add', 93, 94),
(47, 44, NULL, NULL, 'addChildren', 95, 96),
(48, 44, NULL, NULL, 'get_flds_ajax', 97, 98),
(49, 44, NULL, NULL, 'multiedit', 99, 100),
(50, 44, NULL, NULL, 'edit', 101, 102),
(51, 44, NULL, NULL, 'view', 103, 104),
(52, 44, NULL, NULL, 'delete', 105, 106),
(53, 1, NULL, NULL, 'Uploads', 108, 143),
(54, 53, NULL, NULL, 'index', 109, 110),
(55, 53, NULL, NULL, 'view', 111, 112),
(56, 53, NULL, NULL, 'addBatch', 113, 114),
(57, 53, NULL, NULL, 'add', 115, 116),
(58, 53, NULL, NULL, 'edit', 117, 118),
(59, 53, NULL, NULL, 'delete', 119, 120),
(60, 53, NULL, NULL, 'multiedit', 121, 122),
(61, 1, NULL, NULL, 'Users', 144, 187),
(62, 61, NULL, NULL, 'sendActivationEmails', 145, 146),
(63, 61, NULL, NULL, 'register', 147, 148),
(64, 61, NULL, NULL, 'resendActivationEmails', 149, 150),
(65, 61, NULL, NULL, 'resend', 151, 152),
(66, 61, NULL, NULL, 'reset', 153, 154),
(67, 61, NULL, NULL, 'login', 155, 156),
(68, 61, NULL, NULL, 'logout', 157, 158),
(69, 61, NULL, NULL, 'view', 159, 160),
(70, 61, NULL, NULL, 'add', 161, 162),
(71, 61, NULL, NULL, 'edit', 163, 164),
(72, 61, NULL, NULL, 'manage', 165, 166),
(73, 61, NULL, NULL, 'delete', 167, 168),
(74, 61, NULL, NULL, 'admin_index', 169, 170),
(75, 61, NULL, NULL, 'admin_view', 171, 172),
(76, 61, NULL, NULL, 'admin_add', 173, 174),
(77, 61, NULL, NULL, 'admin_edit', 175, 176),
(78, 61, NULL, NULL, 'admin_delete', 177, 178),
(79, 61, NULL, NULL, 'user_actions', 179, 180),
(80, 61, NULL, NULL, 'build_acl', 181, 182),
(81, 61, NULL, NULL, 'index', 183, 184),
(82, 61, NULL, NULL, 'multiedit', 185, 186),
(83, 1, NULL, NULL, 'Usertickets', 188, 205),
(84, 83, NULL, NULL, 'index', 189, 190),
(85, 83, NULL, NULL, 'view', 191, 192),
(86, 83, NULL, NULL, 'add', 193, 194),
(87, 83, NULL, NULL, 'edit', 195, 196),
(88, 83, NULL, NULL, 'delete', 197, 198),
(89, 83, NULL, NULL, 'activate', 199, 200),
(90, 83, NULL, NULL, 'reset', 201, 202),
(91, 83, NULL, NULL, 'multiedit', 203, 204),
(92, 1, NULL, NULL, 'Acl', 206, 283),
(93, 92, NULL, NULL, 'Acl', 207, 222),
(94, 93, NULL, NULL, 'index', 208, 209),
(95, 93, NULL, NULL, 'admin_index', 210, 211),
(96, 93, NULL, NULL, 'multiedit', 212, 213),
(97, 93, NULL, NULL, 'add', 214, 215),
(98, 93, NULL, NULL, 'edit', 216, 217),
(99, 93, NULL, NULL, 'view', 218, 219),
(100, 93, NULL, NULL, 'delete', 220, 221),
(101, 92, NULL, NULL, 'Acos', 223, 242),
(102, 101, NULL, NULL, 'admin_index', 224, 225),
(103, 101, NULL, NULL, 'admin_empty_acos', 226, 227),
(104, 101, NULL, NULL, 'admin_build_acl', 228, 229),
(105, 101, NULL, NULL, 'index', 230, 231),
(106, 101, NULL, NULL, 'multiedit', 232, 233),
(107, 101, NULL, NULL, 'add', 234, 235),
(108, 101, NULL, NULL, 'edit', 236, 237),
(109, 101, NULL, NULL, 'view', 238, 239),
(110, 101, NULL, NULL, 'delete', 240, 241),
(111, 92, NULL, NULL, 'Aros', 243, 282),
(112, 111, NULL, NULL, 'admin_index', 244, 245),
(113, 111, NULL, NULL, 'admin_check', 246, 247),
(114, 111, NULL, NULL, 'admin_users', 248, 249),
(115, 111, NULL, NULL, 'admin_update_user_role', 250, 251),
(116, 111, NULL, NULL, 'admin_role_permissions', 252, 253),
(117, 111, NULL, NULL, 'admin_user_permissions', 254, 255),
(118, 111, NULL, NULL, 'admin_empty_permissions', 256, 257),
(119, 111, NULL, NULL, 'admin_grant_all_controllers', 258, 259),
(120, 111, NULL, NULL, 'admin_deny_all_controllers', 260, 261),
(121, 111, NULL, NULL, 'admin_grant_role_permission', 262, 263),
(122, 111, NULL, NULL, 'admin_deny_role_permission', 264, 265),
(123, 111, NULL, NULL, 'admin_grant_user_permission', 266, 267),
(124, 111, NULL, NULL, 'admin_deny_user_permission', 268, 269),
(125, 111, NULL, NULL, 'index', 270, 271),
(126, 111, NULL, NULL, 'multiedit', 272, 273),
(127, 111, NULL, NULL, 'add', 274, 275),
(128, 111, NULL, NULL, 'edit', 276, 277),
(129, 111, NULL, NULL, 'view', 278, 279),
(130, 111, NULL, NULL, 'delete', 280, 281),
(135, 1, 'Menu', NULL, 'home', 284, 289),
(136, 135, 'Menu', NULL, 'test', 285, 286),
(137, 3, 'Menu', NULL, 'subdisplay', 4, 5),
(138, 135, 'menu', NULL, 'index', 287, 288),
(139, 3, 'menu', NULL, 'index', 6, 7),
(140, 1, NULL, NULL, 'Depts', 290, 313),
(141, 140, NULL, NULL, 'index', 291, 292),
(142, 140, NULL, NULL, 'view', 293, 294),
(143, 140, NULL, NULL, 'add', 295, 296),
(144, 140, NULL, NULL, 'edit', 297, 298),
(145, 140, NULL, NULL, 'delete', 299, 300),
(146, 140, NULL, NULL, 'admin_index', 301, 302),
(147, 140, NULL, NULL, 'admin_view', 303, 304),
(148, 140, NULL, NULL, 'admin_add', 305, 306),
(149, 140, NULL, NULL, 'admin_edit', 307, 308),
(150, 140, NULL, NULL, 'admin_delete', 309, 310),
(151, 140, NULL, NULL, 'multiedit', 311, 312),
(152, 53, NULL, NULL, 'addBatchTaskManual', 123, 124),
(153, 53, NULL, NULL, 'BuildN155000', 125, 126),
(154, 53, NULL, NULL, 'addn155000', 127, 128),
(155, 53, NULL, NULL, 'BuildTaxfiles', 129, 130),
(156, 53, NULL, NULL, 'addt055011', 131, 132),
(157, 53, NULL, NULL, 'addt055021', 133, 134),
(158, 53, NULL, NULL, 'addt055031', 135, 136),
(159, 53, NULL, NULL, 'addt055041', 137, 138),
(160, 53, NULL, NULL, 'addt055051', 139, 140),
(161, 53, NULL, NULL, 'addt055061', 141, 142);

-- --------------------------------------------------------

--
-- Table structure for table `acosp`
--

CREATE TABLE IF NOT EXISTS `acosp` (
  `id` int(10) NOT NULL AUTO_INCREMENT,
  `parent_id` int(10) DEFAULT NULL,
  `model` varchar(255) DEFAULT NULL,
  `foreign_key` int(10) DEFAULT NULL,
  `alias` varchar(255) DEFAULT NULL,
  `lft` int(10) DEFAULT NULL,
  `rght` int(10) DEFAULT NULL,
  PRIMARY KEY (`id`)
) ENGINE=MyISAM  DEFAULT CHARSET=latin1 AUTO_INCREMENT=131 ;

--
-- Dumping data for table `acosp`
--

INSERT INTO `acosp` (`id`, `parent_id`, `model`, `foreign_key`, `alias`, `lft`, `rght`) VALUES
(1, NULL, NULL, NULL, 'controllers', 1, 260),
(2, 1, NULL, NULL, 'Pages', 2, 17),
(3, 2, NULL, NULL, 'display', 3, 4),
(4, 2, NULL, NULL, 'index', 5, 6),
(5, 2, NULL, NULL, 'multiedit', 7, 8),
(6, 2, NULL, NULL, 'add', 9, 10),
(7, 2, NULL, NULL, 'edit', 11, 12),
(8, 2, NULL, NULL, 'view', 13, 14),
(9, 2, NULL, NULL, 'delete', 15, 16),
(10, 1, NULL, NULL, 'ArosAcos', 18, 31),
(11, 10, NULL, NULL, 'index', 19, 20),
(12, 10, NULL, NULL, 'view', 21, 22),
(13, 10, NULL, NULL, 'add', 23, 24),
(14, 10, NULL, NULL, 'edit', 25, 26),
(15, 10, NULL, NULL, 'delete', 27, 28),
(16, 10, NULL, NULL, 'multiedit', 29, 30),
(17, 1, NULL, NULL, 'Coreappsettings', 32, 45),
(18, 17, NULL, NULL, 'index', 33, 34),
(19, 17, NULL, NULL, 'view', 35, 36),
(20, 17, NULL, NULL, 'add', 37, 38),
(21, 17, NULL, NULL, 'edit', 39, 40),
(22, 17, NULL, NULL, 'delete', 41, 42),
(23, 17, NULL, NULL, 'multiedit', 43, 44),
(24, 1, NULL, NULL, 'Groups', 46, 61),
(25, 24, NULL, NULL, 'beforeSave', 47, 48),
(26, 24, NULL, NULL, 'index', 49, 50),
(27, 24, NULL, NULL, 'view', 51, 52),
(28, 24, NULL, NULL, 'add', 53, 54),
(29, 24, NULL, NULL, 'edit', 55, 56),
(30, 24, NULL, NULL, 'delete', 57, 58),
(31, 24, NULL, NULL, 'multiedit', 59, 60),
(32, 1, NULL, NULL, 'Menus', 62, 85),
(33, 32, NULL, NULL, 'populate', 63, 64),
(34, 32, NULL, NULL, 'index', 65, 66),
(35, 32, NULL, NULL, 'add', 67, 68),
(36, 32, NULL, NULL, 'edit', 69, 70),
(37, 32, NULL, NULL, 'delete', 71, 72),
(38, 32, NULL, NULL, 'beforeSave', 73, 74),
(39, 32, NULL, NULL, 'getnodes', 75, 76),
(40, 32, NULL, NULL, 'reorder', 77, 78),
(41, 32, NULL, NULL, 'reparent', 79, 80),
(42, 32, NULL, NULL, 'multiedit', 81, 82),
(43, 32, NULL, NULL, 'view', 83, 84),
(44, 1, NULL, NULL, 'Strainers', 86, 103),
(45, 44, NULL, NULL, 'index', 87, 88),
(46, 44, NULL, NULL, 'add', 89, 90),
(47, 44, NULL, NULL, 'addChildren', 91, 92),
(48, 44, NULL, NULL, 'get_flds_ajax', 93, 94),
(49, 44, NULL, NULL, 'multiedit', 95, 96),
(50, 44, NULL, NULL, 'edit', 97, 98),
(51, 44, NULL, NULL, 'view', 99, 100),
(52, 44, NULL, NULL, 'delete', 101, 102),
(53, 1, NULL, NULL, 'Uploads', 104, 119),
(54, 53, NULL, NULL, 'index', 105, 106),
(55, 53, NULL, NULL, 'view', 107, 108),
(56, 53, NULL, NULL, 'addBatch', 109, 110),
(57, 53, NULL, NULL, 'add', 111, 112),
(58, 53, NULL, NULL, 'edit', 113, 114),
(59, 53, NULL, NULL, 'delete', 115, 116),
(60, 53, NULL, NULL, 'multiedit', 117, 118),
(61, 1, NULL, NULL, 'Users', 120, 163),
(62, 61, NULL, NULL, 'sendActivationEmails', 121, 122),
(63, 61, NULL, NULL, 'register', 123, 124),
(64, 61, NULL, NULL, 'resendActivationEmails', 125, 126),
(65, 61, NULL, NULL, 'resend', 127, 128),
(66, 61, NULL, NULL, 'reset', 129, 130),
(67, 61, NULL, NULL, 'login', 131, 132),
(68, 61, NULL, NULL, 'logout', 133, 134),
(69, 61, NULL, NULL, 'view', 135, 136),
(70, 61, NULL, NULL, 'add', 137, 138),
(71, 61, NULL, NULL, 'edit', 139, 140),
(72, 61, NULL, NULL, 'manage', 141, 142),
(73, 61, NULL, NULL, 'delete', 143, 144),
(74, 61, NULL, NULL, 'admin_index', 145, 146),
(75, 61, NULL, NULL, 'admin_view', 147, 148),
(76, 61, NULL, NULL, 'admin_add', 149, 150),
(77, 61, NULL, NULL, 'admin_edit', 151, 152),
(78, 61, NULL, NULL, 'admin_delete', 153, 154),
(79, 61, NULL, NULL, 'user_actions', 155, 156),
(80, 61, NULL, NULL, 'build_acl', 157, 158),
(81, 61, NULL, NULL, 'index', 159, 160),
(82, 61, NULL, NULL, 'multiedit', 161, 162),
(83, 1, NULL, NULL, 'Usertickets', 164, 181),
(84, 83, NULL, NULL, 'index', 165, 166),
(85, 83, NULL, NULL, 'view', 167, 168),
(86, 83, NULL, NULL, 'add', 169, 170),
(87, 83, NULL, NULL, 'edit', 171, 172),
(88, 83, NULL, NULL, 'delete', 173, 174),
(89, 83, NULL, NULL, 'activate', 175, 176),
(90, 83, NULL, NULL, 'reset', 177, 178),
(91, 83, NULL, NULL, 'multiedit', 179, 180),
(92, 1, NULL, NULL, 'Acl', 182, 259),
(93, 92, NULL, NULL, 'Acl', 183, 198),
(94, 93, NULL, NULL, 'index', 184, 185),
(95, 93, NULL, NULL, 'admin_index', 186, 187),
(96, 93, NULL, NULL, 'multiedit', 188, 189),
(97, 93, NULL, NULL, 'add', 190, 191),
(98, 93, NULL, NULL, 'edit', 192, 193),
(99, 93, NULL, NULL, 'view', 194, 195),
(100, 93, NULL, NULL, 'delete', 196, 197),
(101, 92, NULL, NULL, 'Acos', 199, 218),
(102, 101, NULL, NULL, 'admin_index', 200, 201),
(103, 101, NULL, NULL, 'admin_empty_acos', 202, 203),
(104, 101, NULL, NULL, 'admin_build_acl', 204, 205),
(105, 101, NULL, NULL, 'index', 206, 207),
(106, 101, NULL, NULL, 'multiedit', 208, 209),
(107, 101, NULL, NULL, 'add', 210, 211),
(108, 101, NULL, NULL, 'edit', 212, 213),
(109, 101, NULL, NULL, 'view', 214, 215),
(110, 101, NULL, NULL, 'delete', 216, 217),
(111, 92, NULL, NULL, 'Aros', 219, 258),
(112, 111, NULL, NULL, 'admin_index', 220, 221),
(113, 111, NULL, NULL, 'admin_check', 222, 223),
(114, 111, NULL, NULL, 'admin_users', 224, 225),
(115, 111, NULL, NULL, 'admin_update_user_role', 226, 227),
(116, 111, NULL, NULL, 'admin_role_permissions', 228, 229),
(117, 111, NULL, NULL, 'admin_user_permissions', 230, 231),
(118, 111, NULL, NULL, 'admin_empty_permissions', 232, 233),
(119, 111, NULL, NULL, 'admin_grant_all_controllers', 234, 235),
(120, 111, NULL, NULL, 'admin_deny_all_controllers', 236, 237),
(121, 111, NULL, NULL, 'admin_grant_role_permission', 238, 239),
(122, 111, NULL, NULL, 'admin_deny_role_permission', 240, 241),
(123, 111, NULL, NULL, 'admin_grant_user_permission', 242, 243),
(124, 111, NULL, NULL, 'admin_deny_user_permission', 244, 245),
(125, 111, NULL, NULL, 'index', 246, 247),
(126, 111, NULL, NULL, 'multiedit', 248, 249),
(127, 111, NULL, NULL, 'add', 250, 251),
(128, 111, NULL, NULL, 'edit', 252, 253),
(129, 111, NULL, NULL, 'view', 254, 255),
(130, 111, NULL, NULL, 'delete', 256, 257);

-- --------------------------------------------------------

--
-- Table structure for table `aros`
--

CREATE TABLE IF NOT EXISTS `aros` (
  `id` int(10) NOT NULL AUTO_INCREMENT,
  `parent_id` int(10) DEFAULT NULL,
  `model` varchar(255) DEFAULT NULL,
  `foreign_key` int(10) DEFAULT NULL,
  `alias` varchar(255) DEFAULT NULL,
  `lft` int(10) DEFAULT NULL,
  `rght` int(10) DEFAULT NULL,
  PRIMARY KEY (`id`)
) ENGINE=MyISAM  DEFAULT CHARSET=latin1 AUTO_INCREMENT=83 ;

--
-- Dumping data for table `aros`
--

INSERT INTO `aros` (`id`, `parent_id`, `model`, `foreign_key`, `alias`, `lft`, `rght`) VALUES
(1, NULL, 'Group', 1, 'Guests', 1, 16),
(2, 6, 'User', 1, 'dstearns', 6, 7),
(6, 5, 'Group', 26, 'Administrators', 5, 8),
(5, 4, 'Group', 25, 'Mangers', 4, 9),
(4, 3, 'Group', 23, 'Supervisors', 3, 10),
(3, 1, 'Group', 24, 'Users', 2, 15),
(82, 3, 'User', 94, NULL, 13, 14),
(79, 3, 'User', 91, NULL, 11, 12);

-- --------------------------------------------------------

--
-- Table structure for table `arosp`
--

CREATE TABLE IF NOT EXISTS `arosp` (
  `id` int(10) NOT NULL AUTO_INCREMENT,
  `parent_id` int(10) DEFAULT NULL,
  `model` varchar(255) DEFAULT NULL,
  `foreign_key` int(10) DEFAULT NULL,
  `alias` varchar(255) DEFAULT NULL,
  `lft` int(10) DEFAULT NULL,
  `rght` int(10) DEFAULT NULL,
  PRIMARY KEY (`id`)
) ENGINE=MyISAM  DEFAULT CHARSET=latin1 AUTO_INCREMENT=32 ;

--
-- Dumping data for table `arosp`
--

INSERT INTO `arosp` (`id`, `parent_id`, `model`, `foreign_key`, `alias`, `lft`, `rght`) VALUES
(1, NULL, 'Group', 1, 'Administrators', 1, 8),
(2, 1, 'User', 1, NULL, 2, 3),
(3, NULL, 'Group', 8, NULL, 9, 14),
(18, 13, 'User', 53, NULL, 16, 17),
(9, 3, 'User', 47, NULL, 10, 11),
(19, 15, 'User', 54, NULL, 28, 29),
(17, 14, 'User', 52, NULL, 24, 25),
(16, 3, 'User', 51, NULL, 12, 13),
(13, NULL, 'Group', 9, 'Guest', 15, 22),
(14, NULL, 'Group', 10, NULL, 23, 26),
(15, NULL, 'Group', 11, NULL, 27, 30),
(31, 30, 'User', 58, NULL, 32, 33),
(30, NULL, 'Group', 15, NULL, 31, 38),
(29, 28, 'User', 57, NULL, 35, 36),
(28, 30, 'Group', 14, NULL, 34, 37);

-- --------------------------------------------------------

--
-- Table structure for table `aros_acos`
--

CREATE TABLE IF NOT EXISTS `aros_acos` (
  `id` int(10) NOT NULL AUTO_INCREMENT,
  `aro_id` int(10) NOT NULL,
  `aco_id` int(10) NOT NULL,
  `_create` varchar(2) NOT NULL DEFAULT '0',
  `_read` varchar(2) NOT NULL DEFAULT '0',
  `_update` varchar(2) NOT NULL DEFAULT '0',
  `_delete` varchar(2) NOT NULL DEFAULT '0',
  PRIMARY KEY (`id`),
  UNIQUE KEY `ARO_ACO_KEY` (`aro_id`,`aco_id`)
) ENGINE=MyISAM  DEFAULT CHARSET=latin1 AUTO_INCREMENT=335 ;

--
-- Dumping data for table `aros_acos`
--

INSERT INTO `aros_acos` (`id`, `aro_id`, `aco_id`, `_create`, `_read`, `_update`, `_delete`) VALUES
(219, 4, 47, '1', '1', '1', '1'),
(218, 4, 48, '1', '1', '1', '1'),
(217, 4, 45, '1', '1', '1', '1'),
(216, 4, 57, '1', '1', '1', '1'),
(215, 4, 56, '1', '1', '1', '1'),
(214, 4, 59, '1', '1', '1', '1'),
(213, 4, 58, '1', '1', '1', '1'),
(1, 6, 1, '1', '1', '1', '1'),
(212, 4, 54, '1', '1', '1', '1'),
(211, 4, 78, '1', '1', '1', '1'),
(210, 4, 60, '1', '1', '1', '1'),
(209, 4, 55, '1', '1', '1', '1'),
(208, 4, 70, '1', '1', '1', '1'),
(207, 4, 76, '1', '1', '1', '1'),
(206, 4, 77, '1', '1', '1', '1'),
(205, 4, 74, '1', '1', '1', '1'),
(204, 4, 75, '1', '1', '1', '1'),
(203, 4, 80, '1', '1', '1', '1'),
(202, 4, 73, '1', '1', '1', '1'),
(201, 4, 71, '1', '1', '1', '1'),
(200, 4, 72, '1', '1', '1', '1'),
(199, 4, 82, '1', '1', '1', '1'),
(151, 1, 89, '1', '1', '1', '1'),
(152, 1, 64, '1', '1', '1', '1'),
(153, 1, 62, '1', '1', '1', '1'),
(154, 1, 68, '1', '1', '1', '1'),
(155, 1, 67, '1', '1', '1', '1'),
(156, 1, 26, '-1', '-1', '-1', '-1'),
(157, 1, 1, '-1', '-1', '-1', '-1'),
(159, 1, 81, '1', '1', '1', '1'),
(160, 1, 63, '1', '1', '1', '1'),
(161, 1, 65, '1', '1', '1', '1'),
(162, 1, 66, '1', '1', '1', '1'),
(163, 1, 34, '1', '1', '1', '1'),
(241, 3, 1, '1', '1', '1', '1'),
(167, 5, 28, '1', '1', '1', '1'),
(168, 5, 25, '1', '1', '1', '1'),
(169, 5, 30, '1', '1', '1', '1'),
(170, 5, 29, '1', '1', '1', '1'),
(171, 5, 26, '1', '1', '1', '1'),
(172, 5, 31, '1', '1', '1', '1'),
(173, 5, 27, '1', '1', '1', '1'),
(174, 4, 28, '1', '1', '1', '1'),
(175, 4, 25, '1', '1', '1', '1'),
(176, 4, 30, '1', '1', '1', '1'),
(177, 4, 29, '1', '1', '1', '1'),
(178, 4, 31, '1', '1', '1', '1'),
(180, 4, 27, '1', '1', '1', '1'),
(181, 4, 35, '1', '1', '1', '1'),
(182, 4, 38, '1', '1', '1', '1'),
(183, 4, 37, '1', '1', '1', '1'),
(184, 4, 36, '1', '1', '1', '1'),
(185, 4, 39, '1', '1', '1', '1'),
(186, 4, 42, '1', '1', '1', '1'),
(187, 4, 33, '1', '1', '1', '1'),
(188, 4, 40, '1', '1', '1', '1'),
(189, 4, 41, '1', '1', '1', '1'),
(190, 4, 85, '1', '1', '1', '1'),
(191, 4, 90, '1', '1', '1', '1'),
(192, 4, 91, '1', '1', '1', '1'),
(193, 4, 84, '1', '1', '1', '1'),
(194, 4, 87, '1', '1', '1', '1'),
(195, 4, 88, '1', '1', '1', '1'),
(196, 4, 86, '1', '1', '1', '1'),
(197, 4, 69, '1', '1', '1', '1'),
(198, 4, 79, '1', '1', '1', '1'),
(220, 4, 46, '1', '1', '1', '1'),
(331, 5, 3, '-1', '-1', '-1', '-1'),
(222, 4, 49, '1', '1', '1', '1'),
(223, 3, 85, '1', '1', '1', '1'),
(263, 3, 79, '1', '1', '1', '1'),
(227, 3, 86, '1', '1', '1', '1'),
(228, 3, 71, '-1', '-1', '-1', '-1'),
(229, 3, 57, '1', '1', '1', '1'),
(230, 3, 56, '1', '1', '1', '1'),
(231, 3, 59, '1', '1', '1', '1'),
(232, 3, 58, '1', '1', '1', '1'),
(233, 3, 54, '-1', '-1', '-1', '-1'),
(234, 3, 60, '1', '1', '1', '1'),
(235, 3, 55, '1', '1', '1', '1'),
(250, 3, 105, '1', '1', '1', '1'),
(237, 3, 48, '1', '1', '1', '1'),
(249, 3, 99, '1', '1', '1', '1'),
(247, 3, 31, '1', '1', '1', '1'),
(240, 1, 135, '1', '1', '1', '1'),
(242, 3, 13, '-1', '-1', '-1', '-1'),
(243, 3, 15, '-1', '-1', '-1', '-1'),
(244, 3, 14, '-1', '-1', '-1', '-1'),
(267, 3, 141, '-1', '-1', '-1', '-1'),
(251, 3, 104, '1', '1', '1', '1'),
(252, 3, 80, '1', '1', '1', '1'),
(253, 3, 77, '1', '1', '1', '1'),
(254, 3, 97, '-1', '-1', '-1', '-1'),
(255, 3, 81, '1', '1', '1', '1'),
(256, 3, 82, '1', '1', '1', '1'),
(258, 3, 52, '-1', '-1', '-1', '-1'),
(259, 3, 53, '-1', '-1', '-1', '-1'),
(260, 3, 50, '-1', '-1', '-1', '-1'),
(261, 3, 96, '1', '1', '1', '1'),
(262, 3, 101, '1', '1', '1', '1'),
(266, 3, 83, '1', '1', '1', '1'),
(268, 3, 140, '-1', '-1', '-1', '-1'),
(269, 3, 129, '-1', '-1', '-1', '-1'),
(270, 3, 132, '-1', '-1', '-1', '-1'),
(271, 3, 130, '-1', '-1', '-1', '-1'),
(272, 3, 131, '-1', '-1', '-1', '-1'),
(273, 3, 127, '-1', '-1', '-1', '-1'),
(274, 3, 138, '-1', '-1', '-1', '-1'),
(275, 3, 136, '-1', '-1', '-1', '-1'),
(276, 3, 134, '-1', '-1', '-1', '-1'),
(277, 3, 133, '-1', '-1', '-1', '-1'),
(278, 3, 139, '-1', '-1', '-1', '-1'),
(279, 3, 137, '-1', '-1', '-1', '-1'),
(280, 3, 135, '-1', '-1', '-1', '-1'),
(281, 3, 128, '-1', '-1', '-1', '-1'),
(282, 3, 121, '-1', '-1', '-1', '-1'),
(283, 3, 120, '-1', '-1', '-1', '-1'),
(284, 3, 117, '-1', '-1', '-1', '-1'),
(285, 3, 118, '-1', '-1', '-1', '-1'),
(286, 3, 119, '-1', '-1', '-1', '-1'),
(287, 3, 106, '-1', '-1', '-1', '-1'),
(288, 3, 102, '-1', '-1', '-1', '-1'),
(289, 3, 20, '-1', '-1', '-1', '-1'),
(290, 3, 25, '-1', '-1', '-1', '-1'),
(291, 3, 27, '-1', '-1', '-1', '-1'),
(292, 3, 26, '-1', '-1', '-1', '-1'),
(293, 3, 23, '-1', '-1', '-1', '-1'),
(294, 3, 24, '-1', '-1', '-1', '-1'),
(295, 3, 22, '-1', '-1', '-1', '-1'),
(296, 3, 21, '-1', '-1', '-1', '-1'),
(297, 3, 28, '-1', '-1', '-1', '-1'),
(298, 3, 33, '-1', '-1', '-1', '-1'),
(299, 3, 30, '-1', '-1', '-1', '-1'),
(300, 3, 35, '-1', '-1', '-1', '-1'),
(301, 3, 34, '-1', '-1', '-1', '-1'),
(302, 3, 36, '-1', '-1', '-1', '-1'),
(303, 3, 40, '-1', '-1', '-1', '-1'),
(304, 3, 43, '-1', '-1', '-1', '-1'),
(305, 3, 42, '-1', '-1', '-1', '-1'),
(306, 3, 41, '-1', '-1', '-1', '-1'),
(307, 3, 47, '-1', '-1', '-1', '-1'),
(308, 3, 39, '-1', '-1', '-1', '-1'),
(309, 3, 44, '-1', '-1', '-1', '-1'),
(310, 3, 38, '-1', '-1', '-1', '-1'),
(311, 3, 45, '-1', '-1', '-1', '-1'),
(312, 3, 46, '-1', '-1', '-1', '-1'),
(313, 3, 51, '-1', '-1', '-1', '-1'),
(314, 3, 70, '-1', '-1', '-1', '-1'),
(315, 3, 72, '-1', '-1', '-1', '-1'),
(316, 3, 73, '-1', '-1', '-1', '-1'),
(317, 3, 84, '-1', '-1', '-1', '-1'),
(318, 3, 91, '-1', '-1', '-1', '-1'),
(319, 3, 93, '-1', '-1', '-1', '-1'),
(320, 3, 92, '-1', '-1', '-1', '-1'),
(321, 3, 89, '-1', '-1', '-1', '-1'),
(322, 3, 90, '-1', '-1', '-1', '-1'),
(323, 3, 88, '-1', '-1', '-1', '-1'),
(324, 3, 87, '-1', '-1', '-1', '-1'),
(334, 3, 74, '1', '1', '1', '1'),
(327, 3, 11, '-1', '-1', '-1', '-1'),
(328, 3, 16, '-1', '-1', '-1', '-1'),
(329, 3, 12, '-1', '-1', '-1', '-1'),
(330, 3, 5, '-1', '-1', '-1', '-1'),
(332, 5, 4, '-1', '-1', '-1', '-1'),
(333, 5, 5, '-1', '-1', '-1', '-1');

-- --------------------------------------------------------

--
-- Table structure for table `aros_acosp`
--

CREATE TABLE IF NOT EXISTS `aros_acosp` (
  `id` int(10) NOT NULL AUTO_INCREMENT,
  `aro_id` int(10) NOT NULL,
  `aco_id` int(10) NOT NULL,
  `_create` varchar(2) NOT NULL DEFAULT '0',
  `_read` varchar(2) NOT NULL DEFAULT '0',
  `_update` varchar(2) NOT NULL DEFAULT '0',
  `_delete` varchar(2) NOT NULL DEFAULT '0',
  PRIMARY KEY (`id`),
  UNIQUE KEY `ARO_ACO_KEY` (`aro_id`,`aco_id`)
) ENGINE=MyISAM  DEFAULT CHARSET=latin1 AUTO_INCREMENT=151 ;

--
-- Dumping data for table `aros_acosp`
--

INSERT INTO `aros_acosp` (`id`, `aro_id`, `aco_id`, `_create`, `_read`, `_update`, `_delete`) VALUES
(1, 1, 1, '1', '1', '1', '1'),
(136, 28, 31, '1', '1', '1', '1'),
(137, 28, 25, '1', '1', '1', '1'),
(138, 28, 28, '1', '1', '1', '1'),
(139, 28, 30, '1', '1', '1', '1'),
(140, 28, 29, '1', '1', '1', '1'),
(141, 28, 26, '1', '1', '1', '1'),
(142, 30, 40, '1', '1', '1', '1'),
(143, 30, 35, '1', '1', '1', '1'),
(144, 30, 38, '1', '1', '1', '1'),
(145, 30, 37, '1', '1', '1', '1'),
(146, 30, 36, '1', '1', '1', '1'),
(147, 30, 34, '1', '1', '1', '1'),
(148, 30, 39, '1', '1', '1', '1'),
(149, 30, 42, '1', '1', '1', '1'),
(150, 30, 33, '1', '1', '1', '1');

-- --------------------------------------------------------

--
-- Table structure for table `comments`
--

CREATE TABLE IF NOT EXISTS `comments` (
  `ID` int(11) NOT NULL AUTO_INCREMENT,
  `Comment` text NOT NULL,
  `modifier_id` int(11) NOT NULL,
  `modified` date NOT NULL,
  `creator_id` int(11) NOT NULL,
  `created` date NOT NULL,
  PRIMARY KEY (`ID`)
) ENGINE=MyISAM DEFAULT CHARSET=latin1 AUTO_INCREMENT=1 ;

--
-- Dumping data for table `comments`
--


-- --------------------------------------------------------

--
-- Table structure for table `companies`
--

CREATE TABLE IF NOT EXISTS `companies` (
  `id` int(11) NOT NULL AUTO_INCREMENT,
  `name` varchar(255) NOT NULL,
  `coid` varchar(10) NOT NULL,
  `taxgroupid` varchar(255) NOT NULL,
  `created` datetime NOT NULL,
  `creator_id` int(11) DEFAULT NULL,
  `modified` datetime NOT NULL,
  `modifier_id` int(11) DEFAULT NULL,
  PRIMARY KEY (`id`)
) ENGINE=MyISAM  DEFAULT CHARSET=latin1 AUTO_INCREMENT=83 ;

--
-- Dumping data for table `companies`
--

INSERT INTO `companies` (`id`, `name`, `coid`, `taxgroupid`, `created`, `creator_id`, `modified`, `modifier_id`) VALUES
(1, 'Paul Revere Life Insurance Co. - NY', '2C', 'BX', '0000-00-00 00:00:00', 0, '0000-00-00 00:00:00', 0),
(2, 'Paul Revere Variable Annuity Ins. Co.', '2D', 'BZ', '0000-00-00 00:00:00', 0, '0000-00-00 00:00:00', 0),
(3, 'Reassure America Life Insurance Co.', '2F', 'CE', '0000-00-00 00:00:00', 0, '0000-00-00 00:00:00', 0),
(4, 'Reassure America - 48', '48', 'AZ', '0000-00-00 00:00:00', 0, '0000-00-00 00:00:00', 0),
(5, 'Reassure America - Waiver - 49', '49', '', '0000-00-00 00:00:00', 0, '0000-00-00 00:00:00', 0),
(6, 'Reassure America Life Insurance Co.', '4K', 'CB', '0000-00-00 00:00:00', 0, '0000-00-00 00:00:00', 0),
(7, 'Reassure America - 51', '51', 'AF', '0000-00-00 00:00:00', 0, '0000-00-00 00:00:00', 0),
(8, 'Continental Assurance Company', '5A', 'CG', '0000-00-00 00:00:00', 0, '0000-00-00 00:00:00', 0),
(9, 'Reassure America Life Insurance Co.', '5C', 'CH', '0000-00-00 00:00:00', 0, '0000-00-00 00:00:00', 0),
(10, 'First Unum Life Insurance Company', '5F', 'CI', '0000-00-00 00:00:00', 0, '0000-00-00 00:00:00', 0),
(11, 'Unum Life Insurance Co. of America', '5G', 'CJ', '0000-00-00 00:00:00', 0, '0000-00-00 00:00:00', 0),
(12, 'State Mutual Insurance Co - 13', '13', 'BG', '0000-00-00 00:00:00', 0, '0000-00-00 00:00:00', 0),
(13, 'Sun Life Financial', '15', '', '0000-00-00 00:00:00', 0, '0000-00-00 00:00:00', 0),
(14, 'AML - GE Capital', '37', 'AZ', '0000-00-00 00:00:00', 0, '0000-00-00 00:00:00', 0),
(15, 'Atlanta Life Insurance', '61', 'AJ', '0000-00-00 00:00:00', 0, '0000-00-00 00:00:00', 0),
(16, 'Combined Insurance Co.', '56', 'AU', '0000-00-00 00:00:00', 0, '0000-00-00 00:00:00', 0),
(17, 'CIELO Life Settlements', '2K', '', '0000-00-00 00:00:00', 0, '0000-00-00 00:00:00', 0),
(18, 'AML-Consumers - NorthCarolina', '35', 'AZ', '0000-00-00 00:00:00', 0, '0000-00-00 00:00:00', 0),
(19, 'Combined Insurance Co-NY', '57', 'AU', '0000-00-00 00:00:00', 0, '0000-00-00 00:00:00', 0),
(20, 'Citizens Security Life Ins. Co.', '55', 'AP', '0000-00-00 00:00:00', 0, '0000-00-00 00:00:00', 0),
(21, 'Fidelty Bankers Life', '88', 'AS', '0000-00-00 00:00:00', 0, '0000-00-00 00:00:00', 0),
(22, 'First Dominion Mutual Life Ins Co', '73', 'AX', '0000-00-00 00:00:00', 0, '0000-00-00 00:00:00', 0),
(23, 'Great American Life Assurance', '41', 'AQ', '0000-00-00 00:00:00', 0, '0000-00-00 00:00:00', 0),
(24, 'HCC Life Insurance Company', '16', 'AB', '0000-00-00 00:00:00', 0, '0000-00-00 00:00:00', 0),
(25, 'Jefferson Pilot Ins. Co.', '23', '', '0000-00-00 00:00:00', 0, '0000-00-00 00:00:00', 0),
(26, 'Jefferson Pilot Ins. Co. - NY', '24', '', '0000-00-00 00:00:00', 0, '0000-00-00 00:00:00', 0),
(27, '07', '07', 'AA', '0000-00-00 00:00:00', 0, '0000-00-00 00:00:00', 0),
(28, 'State Mutual Insurance Co - 12', '12', 'BG', '0000-00-00 00:00:00', 0, '0000-00-00 00:00:00', 0),
(29, 'Sun Life Financial - Internet', '14', '', '0000-00-00 00:00:00', 0, '0000-00-00 00:00:00', 0),
(30, 'Twentieth Century Life Ins Co', '70', 'AO', '0000-00-00 00:00:00', 0, '0000-00-00 00:00:00', 0),
(31, 'Union Fidelity Life Insurance Co', '79', 'AY', '0000-00-00 00:00:00', 0, '0000-00-00 00:00:00', 0),
(32, 'Union Labor Life Ins. Co.', '53', 'AR', '0000-00-00 00:00:00', 0, '0000-00-00 00:00:00', 0),
(33, 'Conseco Insurance Company', '2M', 'CY', '0000-00-00 00:00:00', 0, '0000-00-00 00:00:00', 0),
(34, '06', '06', '', '0000-00-00 00:00:00', 0, '0000-00-00 00:00:00', 0),
(35, 'Fidelity & Guaranty TSA EIA', '40', '', '0000-00-00 00:00:00', 0, '0000-00-00 00:00:00', 0),
(36, 'Fidelity and Guaranty Life - 46 (TL)', '46', '', '0000-00-00 00:00:00', 0, '0000-00-00 00:00:00', 0),
(37, 'Fidelity and Guaranty Life - 66', '66', '', '0000-00-00 00:00:00', 0, '0000-00-00 00:00:00', 0),
(38, 'F&G Life of NY - 68', '68', '', '0000-00-00 00:00:00', 0, '0000-00-00 00:00:00', 0),
(39, 'F&G Life of NY - 28', '28', '', '0000-00-00 00:00:00', 0, '0000-00-00 00:00:00', 0),
(40, 'OM Financial Life Insurance Company', '45', '', '0000-00-00 00:00:00', 0, '0000-00-00 00:00:00', 0),
(41, 'OM Financial Life Insurance Company', '33', '', '0000-00-00 00:00:00', 0, '0000-00-00 00:00:00', 0),
(42, 'Lincoln Financial Group', '50', '', '0000-00-00 00:00:00', 0, '0000-00-00 00:00:00', 0),
(43, 'GE Life Insurance Company', '3F', 'BV', '0000-00-00 00:00:00', 0, '0000-00-00 00:00:00', 0),
(44, 'Pacific Life & Annuity Co.', '2J', 'CQ', '0000-00-00 00:00:00', 0, '0000-00-00 00:00:00', 0),
(45, 'GECA', '76', 'AW', '0000-00-00 00:00:00', 0, '0000-00-00 00:00:00', 0),
(46, 'Genworth Life Insurance Company', '31', 'AC', '0000-00-00 00:00:00', 0, '0000-00-00 00:00:00', 0),
(47, 'GECA - NY Taxtion', '77', 'AW', '0000-00-00 00:00:00', 0, '0000-00-00 00:00:00', 0),
(48, 'Great West Life Insurance Co.', '65', 'BB', '0000-00-00 00:00:00', 0, '0000-00-00 00:00:00', 0),
(49, 'Met Life', '21', 'AN', '0000-00-00 00:00:00', 0, '0000-00-00 00:00:00', 0),
(50, 'Massachusetts Mutual Life Ins.', '64', 'BA', '0000-00-00 00:00:00', 0, '0000-00-00 00:00:00', 0),
(51, 'Mutual of Omaha', '60', 'BH', '0000-00-00 00:00:00', 0, '0000-00-00 00:00:00', 0),
(52, 'Professional Insurance Co.', '72', 'AI', '0000-00-00 00:00:00', 0, '0000-00-00 00:00:00', 0),
(53, '25', '25', '', '0000-00-00 00:00:00', 0, '0000-00-00 00:00:00', 0),
(54, '5 Star Life Insurance Co', '67', 'AE', '0000-00-00 00:00:00', 0, '0000-00-00 00:00:00', 0),
(55, 'Erie Family Life Insurance Company', '2A', 'CK', '0000-00-00 00:00:00', 0, '0000-00-00 00:00:00', 0),
(56, 'Commonwealth - Production Portal - Non-LifeSys', '1502', '', '0000-00-00 00:00:00', 0, '0000-00-00 00:00:00', 0),
(57, 'BP', 'BP', '', '0000-00-00 00:00:00', 0, '0000-00-00 00:00:00', 0),
(58, 'BHP', 'BHP', '', '0000-00-00 00:00:00', 0, '0000-00-00 00:00:00', 0),
(59, 'FLU', 'FLU', '', '0000-00-00 00:00:00', 0, '0000-00-00 00:00:00', 0),
(60, 'Abcus', 'Abcus', '', '0000-00-00 00:00:00', 0, '0000-00-00 00:00:00', 0),
(61, 'Lincoln Financial Group (UL/ISWL)', '4B', '', '0000-00-00 00:00:00', 0, '0000-00-00 00:00:00', 0),
(62, 'Lincoln Financial Group (ALIS)', '4A', '', '0000-00-00 00:00:00', 0, '0000-00-00 00:00:00', 0),
(63, 'Pacific Life Insurance Co.', '2H', 'CM', '0000-00-00 00:00:00', 0, '0000-00-00 00:00:00', 0),
(64, 'Conseco Life Insurance Company', '2N', 'CZ', '0000-00-00 00:00:00', 0, '0000-00-00 00:00:00', 0),
(65, 'Washington National Insurance Company', '2P', 'DA', '0000-00-00 00:00:00', 0, '0000-00-00 00:00:00', 0),
(66, 'Conseco Insurance Company - EIAS', '2Q', 'CY', '0000-00-00 00:00:00', 0, '0000-00-00 00:00:00', 0),
(67, 'SW', 'SW', '', '0000-00-00 00:00:00', 0, '2010-07-06 16:08:07', 18),
(68, 'Union Bankers', '3Q', 'EM', '0000-00-00 00:00:00', 0, '0000-00-00 00:00:00', 0),
(69, 'Reassure America Life Insurance Co', '3R', 'EN', '0000-00-00 00:00:00', 0, '0000-00-00 00:00:00', 0),
(70, 'West Coast Life', '3S', 'EP', '0000-00-00 00:00:00', 0, '0000-00-00 00:00:00', 0),
(71, 'American Pioneer Life', '3T', 'EQ', '0000-00-00 00:00:00', 0, '0000-00-00 00:00:00', 0),
(72, 'Constitution Life', '3U', 'ER', '0000-00-00 00:00:00', 0, '0000-00-00 00:00:00', 0),
(73, 'Marquette National Life', '3V', 'ES', '0000-00-00 00:00:00', 0, '0000-00-00 00:00:00', 0),
(74, 'American Progressive Life', '3W', 'ET', '0000-00-00 00:00:00', 0, '0000-00-00 00:00:00', 0),
(75, 'Union Bankers', '3X', 'EU', '0000-00-00 00:00:00', 0, '0000-00-00 00:00:00', 0),
(76, 'Pennsylvania Life', '3Y', 'EV', '0000-00-00 00:00:00', 0, '0000-00-00 00:00:00', 0),
(77, 'Pyramid Life', '3Z', 'EW', '0000-00-00 00:00:00', 0, '0000-00-00 00:00:00', 0),
(78, 'Bankers Life Prod', '2G', 'ER', '0000-00-00 00:00:00', 0, '0000-00-00 00:00:00', 0),
(79, 'American National', '1s', 'DM', '0000-00-00 00:00:00', 0, '0000-00-00 00:00:00', 0),
(80, 'Investors Insurance Corp', '1t', 'DN', '0000-00-00 00:00:00', 0, '0000-00-00 00:00:00', 0),
(81, 'Washington National / Conseco', '1u', 'DP', '0000-00-00 00:00:00', 0, '0000-00-00 00:00:00', 0),
(82, 'Americom', '1v', 'DQ', '0000-00-00 00:00:00', 0, '0000-00-00 00:00:00', 0);

-- --------------------------------------------------------

--
-- Table structure for table `companiessheets`
--

CREATE TABLE IF NOT EXISTS `companiessheets` (
  `ID` int(11) NOT NULL AUTO_INCREMENT,
  `co#` varchar(255) DEFAULT NULL,
  `abend_status` varchar(255) DEFAULT NULL,
  `jcl/TP` varchar(255) DEFAULT NULL,
  `Type` varchar(255) DEFAULT NULL,
  `report_dest` varchar(255) DEFAULT NULL,
  `Client` varchar(255) DEFAULT NULL,
  `Director` varchar(255) DEFAULT NULL,
  `CE` varchar(255) DEFAULT NULL,
  `co_name` varchar(255) DEFAULT NULL,
  `Billing Code` double DEFAULT NULL,
  `SLA BOD` datetime DEFAULT NULL,
  `SLA EOD` datetime DEFAULT NULL,
  `Current EOD` datetime DEFAULT NULL,
  `Exceptions` varchar(255) DEFAULT NULL,
  `go live date` datetime DEFAULT NULL,
  `mini cycle` datetime DEFAULT NULL,
  `Full cycle` datetime DEFAULT NULL,
  `Last Reload Date` varchar(255) DEFAULT NULL,
  `Next Reload Date` varchar(255) DEFAULT NULL,
  `pds` varchar(255) DEFAULT NULL,
  `finctl` varchar(255) DEFAULT NULL,
  `itemdata` varchar(255) DEFAULT NULL,
  `letter writer` varchar(255) DEFAULT NULL,
  `holiday` varchar(255) DEFAULT NULL,
  `tax` varchar(255) DEFAULT NULL,
  `ftp_dest` varchar(255) DEFAULT NULL,
  `nb co` varchar(255) DEFAULT NULL,
  `LCB/Batch job` varchar(255) DEFAULT NULL,
  PRIMARY KEY (`ID`),
  KEY `Billing Code` (`Billing Code`)
) ENGINE=MyISAM  DEFAULT CHARSET=utf8 AUTO_INCREMENT=455 ;

--
-- Dumping data for table `companiessheets`
--

INSERT INTO `companiessheets` (`ID`, `co#`, `abend_status`, `jcl/TP`, `Type`, `report_dest`, `Client`, `Director`, `CE`, `co_name`, `Billing Code`, `SLA BOD`, `SLA EOD`, `Current EOD`, `Exceptions`, `go live date`, `mini cycle`, `Full cycle`, `Last Reload Date`, `Next Reload Date`, `pds`, `finctl`, `itemdata`, `letter writer`, `holiday`, `tax`, `ftp_dest`, `nb co`, `LCB/Batch job`) VALUES
(1, '1', 'Non-Crit', NULL, 'Systems', NULL, 'TMI', 'Jerry Vrbka', 'Mike Walters', 'Reserved - internal usage', 1, NULL, NULL, NULL, NULL, NULL, NULL, NULL, NULL, NULL, NULL, NULL, NULL, NULL, NULL, NULL, NULL, NULL, NULL),
(2, '2', 'Non-Crit', NULL, 'Systems', NULL, 'TMI', 'Jerry Vrbka', 'Mike Walters', 'Reserved - internal usage', 2, NULL, NULL, NULL, NULL, NULL, NULL, NULL, NULL, NULL, NULL, NULL, NULL, NULL, NULL, NULL, NULL, NULL, NULL),
(3, '3', 'Available', NULL, NULL, NULL, NULL, NULL, NULL, 'deinstalled in 03/2006', 3, NULL, NULL, NULL, NULL, NULL, NULL, NULL, NULL, NULL, NULL, NULL, NULL, NULL, NULL, NULL, NULL, NULL, NULL),
(4, '4', 'Available', NULL, NULL, NULL, NULL, NULL, NULL, 'deinstalled in 05/2005', 4, NULL, NULL, NULL, NULL, NULL, NULL, NULL, NULL, NULL, NULL, NULL, NULL, NULL, NULL, NULL, NULL, NULL, NULL),
(5, '5', 'Available', NULL, NULL, NULL, NULL, NULL, NULL, 'deinstalled in 05/2005', 5, NULL, NULL, NULL, NULL, NULL, NULL, NULL, NULL, NULL, NULL, NULL, NULL, NULL, NULL, NULL, NULL, NULL, NULL),
(6, '6', 'Crit', 'P-1', 'Production', 'FGL', 'OMFN', 'Nicole Comstock/Heather Beran', 'Kevin Kassebaum', 'Fidelity and Guaranty Life', 6, '1899-12-30 07:30:00', '1899-12-30 17:30:00', '1899-12-30 17:30:00', NULL, NULL, NULL, NULL, NULL, NULL, 'GY', 'GY', 'GY', 'GY', 'IB', 'BC', NULL, 'YES', 'LCB011/LSN684'),
(7, '7', 'Crit', 'P-2', 'Production', 'RSA', 'SwissRe', 'Rhema Harrah', 'Pat Wells', 'Reassure America - 07', 7, '1899-12-30 07:00:00', '1899-12-30 18:00:00', '1899-12-30 20:30:00', NULL, NULL, NULL, NULL, NULL, NULL, 'GP', 'GP', 'GP', 'GN', 'GH', 'AA', NULL, NULL, NULL),
(8, '8', 'Crit', 'R-T', 'Test', 'FGL', 'OMFN', 'Nicole Comstock/Heather Beran', 'Kevin Kassebaum', 'F&G Unit Test Company - 08', 8, '1899-12-30 08:00:00', '1899-12-30 18:00:00', '1899-12-30 18:00:00', NULL, NULL, NULL, NULL, NULL, NULL, 'GY', 'TY', 'TY', 'TY', 'GH', 'BK', NULL, 'YES', 'LCB014/LSN684'),
(9, '9', 'Available', NULL, NULL, NULL, NULL, NULL, NULL, 'deinstalled in 12/2003', 9, NULL, NULL, NULL, NULL, NULL, NULL, NULL, NULL, NULL, NULL, NULL, NULL, NULL, NULL, NULL, NULL, NULL, NULL),
(10, '10', 'Available', NULL, NULL, NULL, NULL, NULL, NULL, 'deinstalled - date unknown', 10, NULL, NULL, NULL, NULL, NULL, NULL, NULL, NULL, NULL, NULL, NULL, NULL, NULL, NULL, NULL, NULL, NULL, NULL),
(11, '11', 'Crit', 'P-2', 'Production', 'ALZ', 'Allianz', NULL, 'Pat Wells', 'Allianz Life', 11, '1899-12-30 08:00:00', '1899-12-30 17:00:00', '1899-12-30 20:30:00', NULL, NULL, NULL, NULL, NULL, NULL, 'G9', 'G9', 'G9', 'G9', 'G9', NULL, 'ALZ11', 'YES', NULL),
(12, '12', 'Crit', 'P-2', 'Production', 'SMI', 'SwissRe', 'Rhema Harrah', 'Pat Wells', 'State Mutual Insurance Co - 12', 12, '1899-12-30 07:00:00', '1899-12-30 18:00:00', '1899-12-30 20:30:00', NULL, NULL, NULL, NULL, NULL, NULL, 'GP', 'GP', 'GP', 'GN', 'GH', 'BG', NULL, NULL, NULL),
(13, '13', 'Crit', 'P-2', 'Production', 'SMI', 'SwissRe', 'Rhema Harrah', 'Pat Wells', 'State Mutual Insurance Co - 13', 13, '1899-12-30 07:00:00', '1899-12-30 18:00:00', '1899-12-30 20:30:00', NULL, NULL, NULL, NULL, NULL, NULL, 'GP', 'GP', 'GP', 'GN', 'GH', 'BG', NULL, NULL, NULL),
(14, '14', 'Crit', 'P-2', 'Production', 'SUN', 'SwissRe', 'Rhema Harrah', 'Pat Wells', 'Sun Life Financial - Internet', 14, '1899-12-30 07:00:00', '1899-12-30 18:00:00', '1899-12-30 20:30:00', NULL, NULL, NULL, NULL, NULL, NULL, 'GC', 'GC', 'GC', 'GC', 'G2', NULL, 'SUN1', 'YES', 'LCB001/LSN713 CANNOT RUN CYCLE ON WEEKEND'),
(15, '15', 'Crit', 'P-2', 'Production', 'SUN', 'SwissRe', 'Rhema Harrah', 'Pat Wells', 'Sun Life Financial', 15, '1899-12-30 07:00:00', '1899-12-30 18:00:00', '1899-12-30 20:30:00', NULL, NULL, NULL, NULL, NULL, NULL, 'GC', 'GC', 'GC', 'GC', 'G2', NULL, 'SUN1', 'YES', 'LCB001/LSN713 CANNOT RUN CYCLE ON WEEKEND'),
(16, '1502', 'Production', 'N/A', 'Imaging', 'N/A', 'CWA', 'Peggy Kriha', 'Buzz Ames', 'Commonwealth - Production Portal - Non-LifeSys', 129, NULL, NULL, NULL, NULL, NULL, NULL, NULL, NULL, NULL, NULL, NULL, NULL, NULL, NULL, NULL, NULL, NULL, NULL),
(17, '16', 'Crit', 'P-2', 'Production', 'HCC', 'SwissRe', 'Rhema Harrah', 'Pat Wells', 'HCC Life Insurance Company', 16, '1899-12-30 07:00:00', '1899-12-30 18:00:00', '1899-12-30 20:30:00', NULL, NULL, NULL, NULL, NULL, NULL, 'G3', 'G3', 'G3', 'GN', 'GH', 'AB', NULL, NULL, NULL),
(18, '17', 'Available', NULL, NULL, NULL, NULL, NULL, NULL, 'Mestmaker - deinstalled on 08/04/2004', 17, NULL, NULL, NULL, NULL, NULL, NULL, NULL, NULL, NULL, NULL, NULL, NULL, NULL, NULL, NULL, NULL, NULL, NULL),
(19, '18', 'Available', NULL, NULL, NULL, NULL, NULL, NULL, 'deinstalled in 03/2006', 18, NULL, NULL, NULL, NULL, NULL, NULL, NULL, NULL, NULL, NULL, NULL, NULL, NULL, NULL, NULL, NULL, NULL, NULL),
(20, '19', 'Available', NULL, NULL, NULL, NULL, NULL, NULL, 'deinstalled in 10/2004', 19, NULL, NULL, NULL, NULL, NULL, NULL, NULL, NULL, NULL, NULL, NULL, NULL, NULL, NULL, NULL, NULL, NULL, NULL),
(21, '1A', 'Available', NULL, NULL, NULL, NULL, NULL, NULL, NULL, 101, NULL, NULL, NULL, NULL, NULL, NULL, NULL, NULL, NULL, NULL, NULL, NULL, NULL, NULL, NULL, NULL, NULL, NULL),
(22, '1B', 'Crit', 'P-2', 'Production', 'HUM', 'Humana', NULL, 'Amber Brethouwer', 'Humana', 102, '1899-12-30 07:00:00', '1899-12-30 19:00:00', '1899-12-30 20:30:00', NULL, '2010-10-18 00:00:00', '2010-08-25 00:00:00', '2010-09-10 00:00:00', NULL, NULL, 'GR', 'G8', 'G8', 'G8', 'GH', 'FF', NULL, 'YES', NULL),
(23, '1C', 'Available', NULL, NULL, NULL, NULL, NULL, NULL, NULL, 103, NULL, NULL, NULL, NULL, NULL, NULL, NULL, NULL, NULL, NULL, NULL, NULL, NULL, NULL, NULL, NULL, NULL, NULL),
(24, '1D', 'CNV Non-Crit', 'P-2', 'Production', NULL, NULL, NULL, NULL, 'CNV - Reserved for Ocean production company', 104, NULL, NULL, NULL, NULL, NULL, NULL, NULL, NULL, NULL, NULL, NULL, NULL, NULL, NULL, NULL, NULL, NULL, NULL),
(25, '1E', 'Available', NULL, NULL, NULL, NULL, NULL, NULL, NULL, 105, NULL, NULL, NULL, NULL, NULL, NULL, NULL, NULL, NULL, NULL, NULL, NULL, NULL, NULL, NULL, NULL, NULL, NULL),
(26, '1F', 'Available', NULL, NULL, NULL, NULL, NULL, NULL, NULL, 106, NULL, NULL, NULL, NULL, NULL, NULL, NULL, NULL, NULL, NULL, NULL, NULL, NULL, NULL, NULL, NULL, NULL, NULL),
(27, '1G', 'Available', NULL, NULL, NULL, NULL, NULL, NULL, NULL, 107, NULL, NULL, NULL, NULL, NULL, NULL, NULL, NULL, NULL, NULL, NULL, NULL, NULL, NULL, NULL, NULL, NULL, NULL),
(28, '1H', 'Available', NULL, NULL, NULL, NULL, NULL, NULL, NULL, 108, NULL, NULL, NULL, NULL, NULL, NULL, NULL, NULL, NULL, NULL, NULL, NULL, NULL, NULL, NULL, NULL, NULL, NULL),
(29, '1I', 'Available', NULL, NULL, NULL, NULL, NULL, NULL, NULL, 109, NULL, NULL, NULL, NULL, NULL, NULL, NULL, NULL, NULL, NULL, NULL, NULL, NULL, NULL, NULL, NULL, NULL, NULL),
(30, '1J', 'Available', NULL, NULL, NULL, NULL, NULL, NULL, NULL, 110, NULL, NULL, NULL, NULL, NULL, NULL, NULL, NULL, NULL, NULL, NULL, NULL, NULL, NULL, NULL, NULL, NULL, NULL),
(31, '1K', 'Available', NULL, NULL, NULL, NULL, NULL, NULL, NULL, 111, NULL, NULL, NULL, NULL, NULL, NULL, NULL, NULL, NULL, NULL, NULL, NULL, NULL, NULL, NULL, NULL, NULL, NULL),
(32, '1L', 'Available', NULL, NULL, NULL, NULL, NULL, NULL, NULL, 112, NULL, NULL, NULL, NULL, NULL, NULL, NULL, NULL, NULL, NULL, NULL, NULL, NULL, NULL, NULL, NULL, NULL, NULL),
(33, '1M', 'Available', NULL, NULL, NULL, NULL, NULL, NULL, NULL, 113, NULL, NULL, NULL, NULL, NULL, NULL, NULL, NULL, NULL, NULL, NULL, NULL, NULL, NULL, NULL, NULL, NULL, NULL),
(34, '1N', 'Available', NULL, NULL, NULL, NULL, NULL, NULL, NULL, 114, NULL, NULL, NULL, NULL, NULL, NULL, NULL, NULL, NULL, NULL, NULL, NULL, NULL, NULL, NULL, NULL, NULL, NULL),
(35, '1O', 'Available', NULL, NULL, NULL, NULL, NULL, NULL, NULL, 115, NULL, NULL, NULL, NULL, NULL, NULL, NULL, NULL, NULL, NULL, NULL, NULL, NULL, NULL, NULL, NULL, NULL, NULL),
(36, '1P', 'Available', NULL, NULL, NULL, NULL, NULL, NULL, NULL, 116, NULL, NULL, NULL, NULL, NULL, NULL, NULL, NULL, NULL, NULL, NULL, NULL, NULL, NULL, NULL, NULL, NULL, NULL),
(37, '1Q', 'Available', NULL, NULL, NULL, NULL, NULL, NULL, NULL, 117, NULL, NULL, NULL, NULL, NULL, NULL, NULL, NULL, NULL, NULL, NULL, NULL, NULL, NULL, NULL, NULL, NULL, NULL),
(38, '1R', 'Available', NULL, NULL, NULL, NULL, NULL, NULL, NULL, 118, NULL, NULL, NULL, NULL, NULL, NULL, NULL, NULL, NULL, NULL, NULL, NULL, NULL, NULL, NULL, NULL, NULL, NULL),
(39, '1S', 'Crit', 'P-2', 'Production', 'ANI', 'Legacy', 'Sheila Morrison', 'Susan Olson', 'American National', 119, NULL, NULL, '1899-12-30 20:30:00', 'Thursday''s 21:00', '2010-03-31 00:00:00', '2008-03-24 00:00:00', '2008-09-09 00:00:00', NULL, NULL, 'GY', 'IG', 'IG', 'GG', 'IE', 'DM', NULL, 'YES', NULL),
(40, '1T', 'Crit', 'P-2', 'Production', 'IIC', 'Legacy', 'Sheila Morrison', 'Susan Olson', 'Investors Insurance Corp', 120, NULL, NULL, '1899-12-30 20:30:00', 'Thursday''s 21:00', '2010-03-31 00:00:00', '2008-03-18 00:00:00', '2008-09-15 00:00:00', NULL, NULL, 'GY', 'II', 'II', 'GG', 'IE', 'DN', NULL, 'YES', NULL),
(41, '1U', 'Crit', 'P-2', 'Production', 'WNI', 'Legacy', 'Sheila Morrison', 'Susan Olson', 'Washington National / Conseco', 121, NULL, NULL, '1899-12-30 20:30:00', 'Thursday''s 21:00', '2010-03-31 00:00:00', '2008-03-11 00:00:00', '2008-07-17 00:00:00', NULL, NULL, 'GY', 'IG', 'IG', 'GG', 'IE', 'DP', NULL, 'YES', NULL),
(42, '1V', 'Crit', 'P-2', 'Production', 'ALA', 'Legacy', 'Sheila Morrison', 'Susan Olson', 'Americom', 122, NULL, NULL, '1899-12-30 20:30:00', 'Thursday''s 21:00', '2010-03-31 00:00:00', '2008-03-13 00:00:00', '2008-07-17 00:00:00', NULL, NULL, 'GY', 'IJ', 'IJ', 'GG', 'IE', 'DQ', NULL, 'YES', NULL),
(43, '1W', 'Crit', 'P-2', 'Production', 'TLI', 'Legacy', 'Sheila Morrison', 'Susan Olson', 'Transamerica', 123, NULL, NULL, '1899-12-30 20:30:00', 'Thursday''s 21:00', '2010-03-31 00:00:00', '2008-03-20 00:00:00', '2008-09-25 00:00:00', NULL, NULL, 'GY', 'IG', 'IG', 'GG', 'IE', 'DR', NULL, 'YES', NULL),
(44, '1X', 'Available', NULL, NULL, NULL, NULL, NULL, NULL, NULL, 124, NULL, NULL, NULL, NULL, NULL, NULL, NULL, NULL, NULL, NULL, NULL, NULL, NULL, NULL, NULL, NULL, NULL, NULL),
(45, '1Y', 'Crit', 'P-2', 'Production', 'LMG', 'Legacy', 'Sheila Morrison', 'Susan Olson', 'Legacy Marketing Group', 125, NULL, NULL, '1899-12-30 20:30:00', 'Thursday''s 21:00', '2010-03-31 00:00:00', '2008-03-27 00:00:00', NULL, NULL, NULL, 'GY', 'IG', 'IG', 'GY', 'IE', NULL, NULL, 'YES', NULL),
(46, '1Z', 'Available', NULL, NULL, NULL, NULL, NULL, NULL, NULL, 126, NULL, NULL, NULL, NULL, NULL, NULL, NULL, NULL, NULL, NULL, NULL, NULL, NULL, NULL, NULL, NULL, NULL, NULL),
(47, '20', 'Available', NULL, NULL, NULL, NULL, NULL, NULL, 'Deinstalled in 10/2004', 20, NULL, NULL, NULL, NULL, NULL, NULL, NULL, NULL, NULL, NULL, NULL, NULL, NULL, NULL, NULL, NULL, NULL, NULL),
(48, '21', 'Crit', 'P-2', 'Production', 'MET', 'MET', 'Rhema Harrah', 'Buzz Ames', 'Met Life', 21, '1899-12-30 07:00:00', '1899-12-30 18:00:00', '1899-12-30 20:30:00', NULL, NULL, NULL, NULL, NULL, NULL, 'GS', 'GS', 'GS', 'G7', 'IA', 'AN', NULL, 'YES', NULL),
(49, '22', 'Available', NULL, NULL, NULL, NULL, NULL, NULL, 'deinstalled - date unknown', 22, NULL, NULL, NULL, NULL, NULL, NULL, NULL, NULL, NULL, NULL, NULL, NULL, NULL, NULL, NULL, NULL, NULL, NULL),
(50, '23', 'Crit', 'P-2', 'Production', 'LFG', 'SwissRe', 'Rhema Harrah', 'Pat Wells', 'Jefferson Pilot Ins. Co.', 23, '1899-12-30 07:00:00', '1899-12-30 18:00:00', '1899-12-30 19:00:00', NULL, NULL, NULL, NULL, NULL, NULL, 'GC', 'GC', 'GC', 'G7', 'IB', NULL, NULL, NULL, 'CANNOT RUN CYCLE ON WEEKEND'),
(51, '24', 'Crit', 'P-2', 'Production', 'LFG', 'SwissRe', 'Rhema Harrah', 'Pat Wells', 'Jefferson Pilot Ins. Co. - NY', 24, '1899-12-30 07:00:00', '1899-12-30 18:00:00', '1899-12-30 19:00:00', NULL, NULL, NULL, NULL, NULL, NULL, 'GC', 'GC', 'GC', 'G7', 'IB', NULL, NULL, NULL, 'CANNOT RUN CYCLE ON WEEKEND'),
(52, '25', 'Available', NULL, NULL, NULL, NULL, NULL, NULL, 'Deinstalled in 04/2010', 25, NULL, NULL, NULL, NULL, NULL, NULL, NULL, NULL, NULL, NULL, NULL, NULL, NULL, NULL, NULL, NULL, NULL, NULL),
(53, '2500', 'Production', 'N/A', 'Imaging', 'N/A', 'MET', 'Rhema Harrah', 'Buzz Ames', 'MET - Production Portal - Non-LifeSys', 227, NULL, NULL, NULL, NULL, NULL, NULL, NULL, NULL, NULL, NULL, NULL, NULL, NULL, NULL, NULL, NULL, NULL, NULL),
(54, '2502', 'Pilot/Training', 'N/A', 'Imaging', 'N/A', 'CWA', 'Peggy Kriha', 'Buzz Ames', 'Commonwealth - Training Portal - Non-LifeSys', 229, NULL, NULL, NULL, NULL, NULL, NULL, NULL, NULL, NULL, NULL, NULL, NULL, NULL, NULL, NULL, NULL, NULL, NULL),
(55, '2515', 'Production', 'N/A', 'Imaging', 'N/A', 'Aetna', 'Tom Groves', 'Matthew Hatterman', 'Aetna - Production Portal - Non-LifeSys', 242, NULL, NULL, NULL, NULL, NULL, NULL, NULL, NULL, NULL, NULL, NULL, NULL, NULL, NULL, NULL, NULL, NULL, NULL),
(56, '26', 'Available', NULL, NULL, NULL, NULL, NULL, NULL, 'Sterling - deinstalled on 11/30/2007', 26, NULL, NULL, NULL, NULL, NULL, NULL, NULL, NULL, NULL, NULL, NULL, NULL, NULL, NULL, NULL, NULL, NULL, NULL),
(57, '27', 'Available', NULL, NULL, NULL, NULL, NULL, NULL, 'Sterling - deinstalled on 11/30/2007', 27, NULL, NULL, NULL, NULL, NULL, NULL, NULL, NULL, NULL, NULL, NULL, NULL, NULL, NULL, NULL, NULL, NULL, NULL),
(58, '28', 'Crit', 'P-1', 'Production', 'FNY', 'OMFN', 'Nicole Comstock/Heather Beran', 'Kevin Kassebaum', 'F&G Life of NY - 28', 28, '1899-12-30 07:30:00', '1899-12-30 17:30:00', '1899-12-30 20:30:00', NULL, NULL, NULL, NULL, NULL, NULL, 'GY', 'GY', 'GY', 'GY', 'IB', 'BF', NULL, 'YES', 'LCB012/LSN684'),
(59, '29', 'Available', NULL, NULL, NULL, NULL, NULL, NULL, 'Sterling - deinstalled on 11/30/2007', 29, NULL, NULL, NULL, NULL, NULL, NULL, NULL, NULL, NULL, NULL, NULL, NULL, NULL, NULL, NULL, NULL, NULL, NULL),
(60, '2A', 'Crit', 'P-4', 'Production', 'EFL', 'Erie', 'Rhema Harrah', 'Kevin Kassebaum', 'Erie Family Life Insurance Company', 201, '1899-12-30 06:00:00', '1899-12-30 18:30:00', '1899-12-30 21:30:00', 'Saturday, must be up until 14:00', '2007-08-06 00:00:00', '2007-01-11 00:00:00', '2007-02-20 00:00:00', NULL, NULL, 'G2', 'G2', 'G2', 'G2', 'GT', 'CK', NULL, 'YES', NULL),
(61, '2B', 'CNV Non-Crit', NULL, 'Production', NULL, 'CWA', 'Peggy Kriha', 'Buzz Ames', 'CNV - Reserved on 08/13/09 for UAC pols to be merged into CWA co 3T', 202, NULL, NULL, '1899-12-30 20:30:00', NULL, NULL, NULL, NULL, NULL, NULL, NULL, NULL, NULL, NULL, NULL, NULL, NULL, NULL, NULL),
(62, '2C', 'Crit', 'P-2', 'Production', 'RSA', 'SwissRe', 'Rhema Harrah', 'Pat Wells', 'Paul Revere Life Insurance Co. - NY', 203, '1899-12-30 07:00:00', '1899-12-30 18:00:00', '1899-12-30 20:30:00', NULL, NULL, NULL, NULL, NULL, NULL, 'GP', 'GL', 'GL', 'GN', 'GH', 'BX', NULL, NULL, NULL),
(63, '2D', 'Crit', 'P-2', 'Production', 'RSA', 'SwissRe', 'Rhema Harrah', 'Pat Wells', 'Paul Revere Variable Annuity Ins. Co.', 204, '1899-12-30 07:00:00', '1899-12-30 18:00:00', '1899-12-30 20:30:00', NULL, NULL, NULL, NULL, NULL, NULL, 'GP', 'GL', 'GL', 'GN', 'GH', 'BZ', NULL, NULL, NULL),
(64, '2E', 'Crit', 'P-2', 'Production', 'RSA', 'SwissRe', 'Rhema Harrah', 'Pat Wells', 'UNUM', 205, '1899-12-30 06:00:00', '1899-12-30 18:00:00', '1899-12-30 20:30:00', NULL, '2010-03-31 00:00:00', '2009-11-13 00:00:00', '2010-02-24 00:00:00', NULL, NULL, 'GP', 'GQ', 'GQ', 'GN', 'GH', 'XX', NULL, NULL, NULL),
(65, '2F', 'Crit', 'P-2', 'Production', 'RSA', 'SwissRe', 'Rhema Harrah', 'Pat Wells', 'Reassure America Life Insurance Co.', 206, '1899-12-30 07:00:00', '1899-12-30 18:00:00', '1899-12-30 20:30:00', NULL, NULL, NULL, NULL, NULL, NULL, 'GP', 'GQ', 'GQ', 'GN', 'GH', 'CE', NULL, 'YES', NULL),
(66, '2G', 'Available', NULL, NULL, NULL, NULL, NULL, NULL, 'Deinstalled in 12/2010', 207, NULL, NULL, NULL, NULL, NULL, NULL, NULL, NULL, NULL, NULL, NULL, NULL, NULL, NULL, NULL, NULL, NULL, NULL),
(67, '2H', 'Crit', 'P-2', 'Production', 'PAC', 'Pacific Life', 'Brian Clanton', 'Susan Olson', 'Pacific Life Insurance Co.', 208, '1899-12-30 07:00:00', '1899-12-30 18:00:00', '1899-12-30 19:00:00', NULL, '2008-08-05 00:00:00', '2007-03-02 00:00:00', '2007-05-23 00:00:00', NULL, NULL, 'GP', 'IA', 'IA', 'GF', 'GL', 'CM', NULL, 'YES', 'LCB006/LSMM06,LCB031/LSM943, LCB033/LSN964, LCB035/LSN977,LCB066/LSN979 CANNOT RUN CYCLE ON WEEKEND'),
(68, '2I', 'Available', NULL, NULL, NULL, NULL, NULL, NULL, NULL, 209, NULL, NULL, NULL, NULL, NULL, NULL, NULL, NULL, NULL, NULL, NULL, NULL, NULL, NULL, NULL, NULL, NULL, NULL),
(69, '2J', 'Crit', 'P-2', 'Production', 'PAC', 'Pacific Life', 'Brian Clanton', 'Susan Olson', 'Pacific Life & Annuity Co.', 210, '1899-12-30 07:00:00', '1899-12-30 18:00:00', '1899-12-30 19:00:00', NULL, '2008-08-05 00:00:00', '2007-03-02 00:00:00', '2007-05-23 00:00:00', NULL, NULL, 'GP', 'IA', 'IA', 'GF', 'GL', 'CQ', NULL, 'YES', 'LCB006/LSMM06,LCB031/LSM943, LCB033/LSN964, LCB035/LSN977,LCB066/LSN979 CANNOT RUN CYCLE ON WEEKEND'),
(70, '2K', 'Crit', 'P-2', 'Production', 'CLS', 'Cielo', 'Rhema Harrah', 'Pat Wells', 'CIELO Life Settlements', 211, '1899-12-30 07:00:00', '1899-12-30 18:00:00', '1899-12-30 20:30:00', NULL, '2008-01-02 00:00:00', '2007-05-10 00:00:00', '2007-10-12 00:00:00', NULL, NULL, 'GI', 'IC', 'IC', 'G7', 'GH', 'CR', NULL, NULL, NULL),
(71, '2L', 'Available', NULL, NULL, NULL, NULL, NULL, NULL, NULL, 212, NULL, NULL, NULL, NULL, NULL, NULL, NULL, NULL, NULL, NULL, NULL, NULL, NULL, NULL, NULL, NULL, NULL, NULL),
(72, '2M', 'Crit', 'P-2', 'Production', 'RSA', 'SwissRe', 'Rhema Harrah', 'Pat Wells', 'Conseco Insurance Company', 213, '1899-12-30 07:00:00', '1899-12-30 18:00:00', '1899-12-30 20:30:00', NULL, '2008-02-01 00:00:00', '2007-07-26 00:00:00', '2007-10-24 00:00:00', NULL, NULL, 'GP', 'IF', 'IF', 'GN', 'GH', 'CY', NULL, NULL, NULL),
(73, '2N', 'Crit', 'P-2', 'Production', 'RSA', 'SwissRe', 'Rhema Harrah', 'Pat Wells', 'Conseco Life Insurance Company', 214, '1899-12-30 07:00:00', '1899-12-30 18:00:00', '1899-12-30 20:30:00', NULL, '2008-02-01 00:00:00', '2007-07-26 00:00:00', '2007-10-24 00:00:00', NULL, NULL, 'GP', 'IF', 'IF', 'GN', 'GH', 'CZ', NULL, NULL, NULL),
(74, '2O', 'Available', NULL, NULL, NULL, NULL, NULL, NULL, NULL, 215, NULL, NULL, NULL, NULL, NULL, NULL, NULL, NULL, NULL, NULL, NULL, NULL, NULL, NULL, NULL, NULL, NULL, NULL),
(75, '2P', 'Crit', 'P-2', 'Production', 'RSA', 'SwissRe', 'Rhema Harrah', 'Pat Wells', 'Washington National Insurance Company', 216, '1899-12-30 07:00:00', '1899-12-30 18:00:00', '1899-12-30 20:30:00', NULL, '2008-02-01 00:00:00', '2007-07-26 00:00:00', '2007-10-24 00:00:00', NULL, NULL, 'GP', 'IF', 'IF', 'GN', 'GH', 'DA', NULL, NULL, NULL),
(76, '2Q', 'Crit', 'P-2', 'Production', 'RSA', 'SwissRe', 'Rhema Harrah', 'Pat Wells', 'Conseco Insurance Company - EIAS', 217, '1899-12-30 07:00:00', '1899-12-30 18:00:00', '1899-12-30 20:30:00', NULL, '2008-06-02 00:00:00', '2007-08-09 00:00:00', '2008-03-19 00:00:00', NULL, NULL, 'GP', 'IF', 'IF', 'GN', 'IB', 'CY', NULL, NULL, NULL),
(77, '2R', 'Available', NULL, NULL, NULL, NULL, NULL, NULL, 'Deinstalled 08/04/2008', 218, NULL, NULL, NULL, NULL, NULL, NULL, NULL, NULL, NULL, NULL, NULL, NULL, NULL, NULL, NULL, NULL, NULL, NULL),
(78, '2S', 'Available', NULL, NULL, NULL, NULL, NULL, NULL, NULL, 219, NULL, NULL, NULL, NULL, NULL, NULL, NULL, NULL, NULL, NULL, NULL, NULL, NULL, NULL, NULL, NULL, NULL, NULL),
(79, '2T', 'Available', NULL, NULL, NULL, NULL, NULL, NULL, NULL, 220, NULL, NULL, NULL, NULL, NULL, NULL, NULL, NULL, NULL, NULL, NULL, NULL, NULL, NULL, NULL, NULL, NULL, NULL),
(80, '2U', 'Available', NULL, NULL, NULL, NULL, NULL, NULL, NULL, 221, NULL, NULL, NULL, NULL, NULL, NULL, NULL, NULL, NULL, NULL, NULL, NULL, NULL, NULL, NULL, NULL, NULL, NULL),
(81, '2V', 'Available', NULL, NULL, NULL, NULL, NULL, NULL, NULL, 222, NULL, NULL, NULL, NULL, NULL, NULL, NULL, NULL, NULL, NULL, NULL, NULL, NULL, NULL, NULL, NULL, NULL, NULL),
(82, '2W', 'Available', NULL, NULL, NULL, NULL, NULL, NULL, NULL, 223, NULL, NULL, NULL, NULL, NULL, NULL, NULL, NULL, NULL, NULL, NULL, NULL, NULL, NULL, NULL, NULL, NULL, NULL),
(83, '2X', 'Available', NULL, NULL, NULL, NULL, NULL, NULL, NULL, 224, NULL, NULL, NULL, NULL, NULL, NULL, NULL, NULL, NULL, NULL, NULL, NULL, NULL, NULL, NULL, NULL, NULL, NULL),
(84, '2Y', 'Available', NULL, NULL, NULL, NULL, NULL, NULL, NULL, 225, NULL, NULL, NULL, NULL, NULL, NULL, NULL, NULL, NULL, NULL, NULL, NULL, NULL, NULL, NULL, NULL, NULL, NULL),
(85, '2Z', 'Available', NULL, NULL, NULL, NULL, NULL, NULL, NULL, 226, NULL, NULL, NULL, NULL, NULL, NULL, NULL, NULL, NULL, NULL, NULL, NULL, NULL, NULL, NULL, NULL, NULL, NULL),
(86, '30', 'Available', NULL, NULL, NULL, NULL, NULL, NULL, 'deinstalled - date unknown', 30, NULL, NULL, NULL, NULL, NULL, NULL, NULL, NULL, NULL, NULL, NULL, NULL, NULL, NULL, NULL, NULL, NULL, NULL),
(87, '31', 'Crit', 'P-2', 'Production', 'GEN', 'GE', 'Tom Groves', 'Matthew Hatterman', 'Genworth Life Insurance Company', 31, '1899-12-30 07:00:00', '1899-12-30 18:00:00', '1899-12-30 20:30:00', NULL, NULL, NULL, NULL, NULL, NULL, 'GK', 'GK', 'GK', 'G7', 'GH', 'AC', NULL, NULL, NULL),
(88, '32', 'Available', NULL, NULL, NULL, NULL, NULL, NULL, 'deinstalled - date unknown', 32, NULL, NULL, NULL, NULL, NULL, NULL, NULL, NULL, NULL, NULL, NULL, NULL, NULL, NULL, NULL, NULL, NULL, NULL),
(89, '33', 'Crit', 'P-1', 'Production', 'OML', 'OMFN', 'Nicole Comstock/Heather Beran', 'Kevin Kassebaum', 'OM Financial Life Insurance Company', 33, '1899-12-30 07:30:00', '1899-12-30 17:30:00', '1899-12-30 20:30:00', NULL, NULL, NULL, NULL, NULL, NULL, 'GY', 'GY', 'GY', 'GY', 'IB', 'AH', NULL, 'YES', 'LCB013/LSN684'),
(90, '34', 'Available', NULL, NULL, NULL, NULL, NULL, NULL, 'deinstalled - date unknown', 34, NULL, NULL, NULL, NULL, NULL, NULL, NULL, NULL, NULL, NULL, NULL, NULL, NULL, NULL, NULL, NULL, NULL, NULL),
(91, '35', 'Crit', 'P-2', 'Production', 'CNC', 'SwissRe', 'Rhema Harrah', 'Pat Wells', 'AML-Consumers - NorthCarolina', 35, '1899-12-30 07:00:00', '1899-12-30 18:00:00', '1899-12-30 20:30:00', NULL, NULL, NULL, NULL, NULL, NULL, 'G3', 'G3', 'G3', 'GN', 'GH', 'AZ', NULL, NULL, NULL),
(92, '36', 'Available', NULL, NULL, NULL, NULL, NULL, NULL, 'Deinstalled in 01/2006', 36, NULL, NULL, NULL, NULL, NULL, NULL, NULL, NULL, NULL, NULL, NULL, NULL, NULL, NULL, NULL, NULL, NULL, NULL),
(93, '37', 'Crit', 'P-2', 'Production', 'AGE', 'SwissRe', 'Rhema Harrah', 'Pat Wells', 'AML - GE Capital', 37, '1899-12-30 07:00:00', '1899-12-30 18:00:00', '1899-12-30 20:30:00', NULL, NULL, NULL, NULL, NULL, NULL, 'G3', 'G3', 'G3', 'GN', 'GH', 'AZ', NULL, NULL, NULL),
(94, '38', 'Available', NULL, NULL, NULL, NULL, NULL, NULL, 'deinstalled in 03/2006', 38, NULL, NULL, NULL, NULL, NULL, NULL, NULL, NULL, NULL, NULL, NULL, NULL, NULL, NULL, NULL, NULL, NULL, NULL),
(95, '39', 'Available', NULL, NULL, NULL, NULL, NULL, NULL, 'deinstalled - date unknown', 39, NULL, NULL, NULL, NULL, NULL, NULL, NULL, NULL, NULL, NULL, NULL, NULL, NULL, NULL, NULL, NULL, NULL, NULL),
(96, '3A', 'Available', NULL, NULL, NULL, NULL, NULL, NULL, NULL, 301, NULL, NULL, NULL, NULL, NULL, NULL, NULL, NULL, NULL, NULL, NULL, NULL, NULL, NULL, NULL, NULL, NULL, NULL),
(97, '3B', 'Crit', 'P-2', 'Production', 'N/A', 'CWA', 'Peggy Kriha', 'Buzz Ames', 'Commonwealth Annuity and Life Company', 302, '1899-12-30 06:00:00', '1899-12-30 18:00:00', '1899-12-30 20:30:00', NULL, '2010-02-15 00:00:00', '2009-10-07 00:00:00', '2009-12-11 00:00:00', NULL, NULL, 'IH', 'IK', 'IK', 'GD', 'IB', 'EZ', NULL, NULL, NULL),
(98, '3C', 'Crit', 'P-2', 'Production', 'N/A', 'CWA', 'Peggy Kriha', 'Buzz Ames', 'Commonwealth Annuity and Life Company - NY', 303, '1899-12-30 06:00:00', '1899-12-30 18:00:00', '1899-12-30 20:30:00', NULL, '2010-02-15 00:00:00', '2009-10-07 00:00:00', '2009-12-11 00:00:00', NULL, NULL, 'IH', 'IK', 'IK', 'GD', 'IB', 'FA', NULL, NULL, NULL),
(99, '3D', 'Available', NULL, NULL, NULL, NULL, NULL, NULL, NULL, 304, NULL, NULL, NULL, NULL, NULL, NULL, NULL, NULL, NULL, NULL, NULL, NULL, NULL, NULL, NULL, NULL, NULL, NULL),
(100, '3E', 'Available', NULL, NULL, NULL, NULL, NULL, NULL, NULL, 305, NULL, NULL, NULL, NULL, NULL, NULL, NULL, NULL, NULL, NULL, NULL, NULL, NULL, NULL, NULL, NULL, NULL, NULL),
(101, '3F', 'Crit', 'P-2', 'Production', 'CPP', 'GE', 'Tom Groves', 'Matthew Hatterman', 'GE Life Insurance Company', 306, '1899-12-30 07:00:00', '1899-12-30 18:00:00', '1899-12-30 20:30:00', NULL, NULL, NULL, NULL, NULL, NULL, 'GK', 'GK', 'GK', 'G7', 'GH', 'BV', NULL, NULL, NULL),
(102, '3G', 'Available', NULL, NULL, NULL, NULL, NULL, NULL, NULL, 307, NULL, NULL, NULL, NULL, NULL, NULL, NULL, NULL, NULL, NULL, NULL, NULL, NULL, NULL, NULL, NULL, NULL, NULL),
(103, '3H', 'Available', NULL, NULL, NULL, NULL, NULL, NULL, NULL, 308, NULL, NULL, NULL, NULL, NULL, NULL, NULL, NULL, NULL, NULL, NULL, NULL, NULL, NULL, NULL, NULL, NULL, NULL),
(104, '3I', 'Available', NULL, NULL, NULL, NULL, NULL, NULL, NULL, 309, NULL, NULL, NULL, NULL, NULL, NULL, NULL, NULL, NULL, NULL, NULL, NULL, NULL, NULL, NULL, NULL, NULL, NULL),
(105, '3J', 'Available', NULL, NULL, NULL, NULL, NULL, NULL, NULL, 310, NULL, NULL, NULL, NULL, NULL, NULL, NULL, NULL, NULL, NULL, NULL, NULL, NULL, NULL, NULL, NULL, NULL, NULL),
(106, '3K', 'Available', NULL, NULL, NULL, NULL, NULL, NULL, NULL, 311, NULL, NULL, NULL, NULL, NULL, NULL, NULL, NULL, NULL, NULL, NULL, NULL, NULL, NULL, NULL, NULL, NULL, NULL),
(107, '3L', 'Available', NULL, NULL, NULL, NULL, NULL, NULL, NULL, 312, NULL, NULL, NULL, NULL, NULL, NULL, NULL, NULL, NULL, NULL, NULL, NULL, NULL, NULL, NULL, NULL, NULL, NULL),
(108, '3M', 'Available', NULL, NULL, NULL, NULL, NULL, NULL, NULL, 313, NULL, NULL, NULL, NULL, NULL, NULL, NULL, NULL, NULL, NULL, NULL, NULL, NULL, NULL, NULL, NULL, NULL, NULL),
(109, '3N', 'Available', NULL, NULL, NULL, NULL, NULL, NULL, NULL, 314, NULL, NULL, NULL, NULL, NULL, NULL, NULL, NULL, NULL, NULL, NULL, NULL, NULL, NULL, NULL, NULL, NULL, NULL),
(110, '3O', 'Available', NULL, NULL, NULL, NULL, NULL, NULL, NULL, 315, NULL, NULL, NULL, NULL, NULL, NULL, NULL, NULL, NULL, NULL, NULL, NULL, NULL, NULL, NULL, NULL, NULL, NULL),
(111, '3P', 'CNV Non-Crit', 'P-2', 'Production', 'FML', 'CWA', 'Peggy Kriha', 'Buzz Ames', 'CNV - Commonwealth - Annuity and Life Ins Co', 316, NULL, NULL, '1899-12-30 20:30:00', NULL, '2011-04-30 00:00:00', '2010-08-06 00:00:00', '2010-11-16 00:00:00', '12/8/2010', NULL, 'IH', 'IN', 'IN', 'GD', 'GH', 'XX', NULL, NULL, NULL),
(112, '3Q', 'Crit', 'P-2', 'Production', 'AEL', 'CWA', 'Peggy Kriha', 'Buzz Ames', 'Union Bankers', 317, NULL, NULL, '1899-12-30 20:30:00', NULL, '2009-11-01 00:00:00', '2009-02-05 00:00:00', '2009-10-07 00:00:00', NULL, NULL, 'IH', 'IH', 'IH', 'GD', 'IB', 'EM', NULL, NULL, 'LCB058/LSNA02, LCBM02/LSMM02, LCBM27/LSMM27'),
(113, '3R', 'Crit', 'P-2', 'Production', 'GTR', 'CWA', 'Peggy Kriha', 'Buzz Ames', 'Reassure America Life Insurance Co', 318, NULL, NULL, '1899-12-30 20:30:00', NULL, '2009-11-01 00:00:00', '2009-02-05 00:00:00', '2009-10-07 00:00:00', NULL, NULL, 'IH', 'IH', 'IH', 'GD', 'IB', 'EN', NULL, NULL, 'LCB058/LSNA02, LCBM02/LSMM02, LCBM27/LSMM27'),
(114, '3S', 'Crit', 'P-2', 'Production', 'WCL', 'CWA', 'Peggy Kriha', 'Buzz Ames', 'West Coast Life', 319, NULL, NULL, '1899-12-30 20:30:00', NULL, '2009-11-01 00:00:00', '2009-02-05 00:00:00', '2009-10-07 00:00:00', NULL, NULL, 'IH', 'IH', 'IH', 'GD', 'IB', 'EP', NULL, NULL, 'LCBM93/LSMM97, LCB058/LSNA02, LCBM02/LSMM02, LCBM27/LSMM27'),
(115, '3T', 'Crit', 'P-2', 'Production', 'APL', 'CWA', 'Peggy Kriha', 'Buzz Ames', 'American Pioneer Life', 320, NULL, NULL, '1899-12-30 20:30:00', NULL, '2009-11-01 00:00:00', '2009-03-09 00:00:00', '2009-03-27 00:00:00', NULL, NULL, 'IH', 'IH', 'IH', 'GD', 'IB', 'EQ', NULL, NULL, 'LCBM93/LSMM97, LCB058/LSNA02, LCBM02/LSMM02, LCBM27/LSMM27'),
(116, '3U', 'Crit', 'P-2', 'Production', 'CTL', 'CWA', 'Peggy Kriha', 'Buzz Ames', 'Constitution Life', 321, NULL, NULL, '1899-12-30 20:30:00', NULL, '2009-11-01 00:00:00', '2009-03-09 00:00:00', '2009-03-27 00:00:00', NULL, NULL, 'IH', 'IH', 'IH', 'GD', 'IB', 'ER', NULL, NULL, 'LCBM93/LSMM97, LCB058/LSNA02, LCBM02/LSMM02, LCBM27/LSMM27'),
(117, '3V', 'Crit', 'P-2', 'Production', 'MNL', 'CWA', 'Peggy Kriha', 'Buzz Ames', 'Marquette National Life', 322, NULL, NULL, '1899-12-30 20:30:00', NULL, '2009-11-01 00:00:00', '2009-03-09 00:00:00', '2009-10-07 00:00:00', NULL, NULL, 'IH', 'IH', 'IH', 'GD', 'IB', 'ES', NULL, NULL, 'LCB058/LSNA02, LCBM02/LSMM02, LCBM27/LSMM27'),
(118, '3W', 'Crit', 'P-2', 'Production', 'APR', 'CWA', 'Peggy Kriha', 'Buzz Ames', 'American Progressive Life', 323, NULL, NULL, '1899-12-30 20:30:00', NULL, '2009-11-01 00:00:00', '2009-03-09 00:00:00', '2009-03-27 00:00:00', NULL, NULL, 'IH', 'IH', 'IH', 'GD', 'IB', 'ET', NULL, NULL, 'LCBM93/LSMM97, LCB058/LSNA02, LCBM02/LSMM02, LCBM27/LSMM27'),
(119, '3X', 'Crit', 'P-2', 'Production', 'UBS', 'CWA', 'Peggy Kriha', 'Buzz Ames', 'Union Bankers', 324, NULL, NULL, '1899-12-30 20:30:00', NULL, '2009-11-01 00:00:00', '2009-03-09 00:00:00', '2009-03-27 00:00:00', NULL, NULL, 'IH', 'IH', 'IH', 'GD', 'IB', 'EU', NULL, NULL, 'LCBM93/LSMM97, LCB058/LSNA02, LCBM02/LSMM02, LCBM27/LSMM27'),
(120, '3Y', 'Crit', 'P-2', 'Production', 'PAL', 'CWA', 'Peggy Kriha', 'Buzz Ames', 'Pennsylvania Life', 325, NULL, NULL, '1899-12-30 20:30:00', NULL, '2009-11-01 00:00:00', '2009-03-09 00:00:00', '2009-03-27 00:00:00', NULL, NULL, 'IH', 'IH', 'IH', 'GD', 'IB', 'EV', NULL, NULL, 'LCBM93/LSMM97, LCB058/LSNA02, LCBM02/LSMM02, LCBM27/LSMM27'),
(121, '3Z', 'Crit', 'P-2', 'Production', 'PDL', 'CWA', 'Peggy Kriha', 'Buzz Ames', 'Pyramid Life', 326, NULL, NULL, '1899-12-30 20:30:00', NULL, '2009-11-01 00:00:00', '2009-03-09 00:00:00', '2009-03-27 00:00:00', NULL, NULL, 'IH', 'IH', 'IH', 'GD', 'IB', 'EW', NULL, NULL, 'LCBM93/LSMM97, LCB058/LSNA02, LCBM02/LSMM02, LCBM27/LSMM27'),
(122, '40', 'Crit', 'P-1', 'Production', 'FGL', 'OMFN', 'Nicole Comstock/Heather Beran', 'Kevin Kassebaum', 'Fidelity & Guaranty TSA EIA', 40, '1899-12-30 07:30:00', '1899-12-30 17:30:00', '1899-12-30 20:30:00', NULL, NULL, NULL, NULL, NULL, NULL, 'GZ', 'GZ', 'GZ', 'GY', 'IB', 'BC', NULL, 'YES', NULL),
(123, '41', 'Crit', 'P-2', 'Production', 'GAL', 'GALIC', 'Rhema Harrah', 'Pat Wells', 'Great American Life Assurance', 41, '1899-12-30 08:00:00', '1899-12-30 17:00:00', '1899-12-30 20:30:00', NULL, NULL, NULL, NULL, NULL, NULL, 'GA', 'GA', 'GA', 'GA', 'GH', 'AQ', NULL, NULL, 'CANNOT RUN CYCLE ON WEEKEND'),
(124, '42', 'Available', NULL, NULL, NULL, NULL, NULL, NULL, 'Deinstalled in 01/2006', 42, NULL, NULL, NULL, NULL, NULL, NULL, NULL, NULL, NULL, NULL, NULL, NULL, NULL, NULL, NULL, NULL, NULL, NULL),
(125, '43', 'Available', NULL, NULL, NULL, NULL, NULL, NULL, 'Deinstalled in 11/2003', 43, NULL, NULL, NULL, NULL, NULL, NULL, NULL, NULL, NULL, NULL, NULL, NULL, NULL, NULL, NULL, NULL, NULL, NULL),
(126, '44', 'Available', NULL, NULL, NULL, NULL, NULL, NULL, 'Deinstalled in 05/2003', 44, NULL, NULL, NULL, NULL, NULL, NULL, NULL, NULL, NULL, NULL, NULL, NULL, NULL, NULL, NULL, NULL, NULL, NULL),
(127, '45', 'Crit', 'P-1', 'Production', 'OML', 'OMFN', 'Nicole Comstock/Heather Beran', 'Kevin Kassebaum', 'OM Financial Life Insurance Company', 45, '1899-12-30 07:30:00', '1899-12-30 17:30:00', '1899-12-30 20:30:00', 'Start after LCV00733 has completed normally', NULL, NULL, NULL, NULL, NULL, 'GV', 'GV', 'GV', 'GY', 'IB', 'AH', NULL, 'YES', 'LCB013/LSN684'),
(128, '46', 'Crit', 'P-1', 'Production', 'FGL', 'OMFN', 'Nicole Comstock/Heather Beran', 'Kevin Kassebaum', 'Fidelity and Guaranty Life - 46 (TL)', 46, '1899-12-30 07:30:00', '1899-12-30 17:30:00', '1899-12-30 20:30:00', NULL, NULL, NULL, NULL, NULL, NULL, 'GY', 'GX', 'GX', 'GY', 'IB', 'BC', NULL, 'YES', 'LCB011/LSN684'),
(129, '47', 'Available', NULL, NULL, NULL, NULL, NULL, NULL, 'Deinstalled in 11/2005', 47, NULL, NULL, NULL, NULL, NULL, NULL, NULL, NULL, NULL, NULL, NULL, NULL, NULL, NULL, NULL, NULL, NULL, NULL),
(130, '48', 'Crit', 'P-2', 'Production', 'RSA', 'SwissRe', 'Rhema Harrah', 'Pat Wells', 'Reassure America - 48', 48, '1899-12-30 07:00:00', '1899-12-30 18:00:00', '1899-12-30 20:30:00', NULL, NULL, NULL, NULL, NULL, NULL, 'GN', 'GN', 'GN', 'GN', 'GH', 'AZ', NULL, NULL, 'LCB055/LSNA02'),
(131, '49', 'Crit', 'P-2', 'Production', 'RSA', 'SwissRe', 'Rhema Harrah', 'Pat Wells', 'Reassure America - Waiver - 49', 49, '1899-12-30 07:00:00', '1899-12-30 18:00:00', '1899-12-30 20:30:00', NULL, NULL, NULL, NULL, NULL, NULL, 'GB', 'GB', 'GB', 'GN', 'GH', NULL, NULL, NULL, NULL),
(132, '4A', 'Crit', 'P-2', 'Production', 'LFG', 'LFG', 'Nicole Comstock', 'Amber Brethouwer', 'Lincoln Financial Group (ALIS)', 401, '1899-12-30 07:00:00', '1899-12-30 18:00:00', '1899-12-30 19:00:00', NULL, '2007-11-01 00:00:00', '2006-11-14 00:00:00', '2007-01-29 00:00:00', NULL, NULL, 'GM', 'GM', 'GM', 'G7', 'ID', 'BP', NULL, NULL, 'LCB021/LSN736 CANNOT RUN CYCLE ON WEEKEND'),
(133, '4B', 'Crit', 'P-2', 'Production', 'LFG', 'LFG', 'Nicole Comstock', 'Amber Brethouwer', 'Lincoln Financial Group (UL/ISWL)', 402, '1899-12-30 07:00:00', '1899-12-30 18:00:00', '1899-12-30 19:00:00', NULL, '2008-05-05 00:00:00', '2007-02-16 00:00:00', '2007-04-27 00:00:00', NULL, NULL, 'GM', 'IB', 'IB', 'G7', 'ID', 'BP', NULL, NULL, 'LCB021/LSN736 CANNOT RUN CYCLE ON WEEKEND'),
(134, '4C', 'Available', NULL, NULL, NULL, NULL, NULL, NULL, 'deinstalled on 07/02/2010', 403, NULL, NULL, NULL, NULL, NULL, NULL, NULL, NULL, NULL, NULL, NULL, NULL, NULL, NULL, NULL, NULL, NULL, NULL),
(135, '4D', 'Available', NULL, NULL, NULL, NULL, NULL, NULL, NULL, 404, NULL, NULL, NULL, NULL, NULL, NULL, NULL, NULL, NULL, NULL, NULL, NULL, NULL, NULL, NULL, NULL, NULL, NULL),
(136, '4E', 'Available', NULL, NULL, NULL, NULL, NULL, NULL, NULL, 405, NULL, NULL, NULL, NULL, NULL, NULL, NULL, NULL, NULL, NULL, NULL, NULL, NULL, NULL, NULL, NULL, NULL, NULL),
(137, '4F', 'Crit', 'P-2', 'Production', 'LFG', 'LFG', 'Tom Groves', 'Amber Brethouwer', 'Lincoln Financial Voluntary Initiative - Worksite', 406, NULL, NULL, '1899-12-30 19:00:00', NULL, '2010-09-24 00:00:00', '2010-05-05 00:00:00', '2010-05-11 00:00:00', NULL, NULL, 'IM', 'IM', 'IM', 'GJ', 'IB', 'FB', NULL, NULL, NULL),
(138, '4G', 'Available', NULL, NULL, NULL, NULL, NULL, NULL, NULL, 407, NULL, NULL, NULL, NULL, NULL, NULL, NULL, NULL, NULL, NULL, NULL, NULL, NULL, NULL, NULL, NULL, NULL, NULL),
(139, '4H', 'Available', NULL, NULL, NULL, NULL, NULL, NULL, NULL, 408, NULL, NULL, NULL, NULL, NULL, NULL, NULL, NULL, NULL, NULL, NULL, NULL, NULL, NULL, NULL, NULL, NULL, NULL),
(140, '4I', 'Available', NULL, NULL, NULL, NULL, NULL, NULL, NULL, 409, NULL, NULL, NULL, NULL, NULL, NULL, NULL, NULL, NULL, NULL, NULL, NULL, NULL, NULL, NULL, NULL, NULL, NULL),
(141, '4J', 'Available', NULL, NULL, NULL, NULL, NULL, NULL, NULL, 410, NULL, NULL, NULL, NULL, NULL, NULL, NULL, NULL, NULL, NULL, NULL, NULL, NULL, NULL, NULL, NULL, NULL, NULL),
(142, '4K', 'Crit', 'P-2', 'Production', 'RSA', 'SwissRe', 'Rhema Harrah', 'Pat Wells', 'Reassure America Life Insurance Co.', 411, '1899-12-30 07:00:00', '1899-12-30 18:00:00', '1899-12-30 20:30:00', NULL, NULL, NULL, NULL, NULL, NULL, 'GP', 'G4', 'G4', 'GN', 'GH', 'CB', NULL, NULL, NULL),
(143, '4L', 'Available', NULL, NULL, NULL, NULL, NULL, NULL, NULL, 412, NULL, NULL, NULL, NULL, NULL, NULL, NULL, NULL, NULL, NULL, NULL, NULL, NULL, NULL, NULL, NULL, NULL, NULL),
(144, '4M', 'Available', NULL, NULL, NULL, NULL, NULL, NULL, NULL, 413, NULL, NULL, NULL, NULL, NULL, NULL, NULL, NULL, NULL, NULL, NULL, NULL, NULL, NULL, NULL, NULL, NULL, NULL),
(145, '4N', 'Available', NULL, NULL, NULL, NULL, NULL, NULL, NULL, 414, NULL, NULL, NULL, NULL, NULL, NULL, NULL, NULL, NULL, NULL, NULL, NULL, NULL, NULL, NULL, NULL, NULL, NULL),
(146, '4O', 'Available', NULL, NULL, NULL, NULL, NULL, NULL, NULL, 415, NULL, NULL, NULL, NULL, NULL, NULL, NULL, NULL, NULL, NULL, NULL, NULL, NULL, NULL, NULL, NULL, NULL, NULL),
(147, '4P', 'CNV Non-Crit', 'R-T', 'Pilot', 'FML', 'CWA', 'Peggy Kriha', 'Buzz Ames', 'CNV - Commonwealth Annuity and Life Ins Pilot Co', 416, NULL, NULL, '1899-12-30 18:00:00', NULL, '2011-04-30 00:00:00', '2010-08-06 00:00:00', '2010-11-16 00:00:00', NULL, NULL, 'IH', 'VN', 'VN', 'TD', 'GH', 'XX', NULL, NULL, NULL),
(148, '4Q', 'Available', NULL, NULL, NULL, NULL, NULL, NULL, 'Deinstalled in 06/2010', 417, NULL, NULL, NULL, NULL, NULL, NULL, NULL, NULL, NULL, NULL, NULL, NULL, NULL, NULL, NULL, NULL, NULL, NULL),
(149, '4R', 'Available', NULL, NULL, NULL, NULL, NULL, NULL, 'Deinstalled in 06/2010', 418, NULL, NULL, NULL, NULL, NULL, NULL, NULL, NULL, NULL, NULL, NULL, NULL, NULL, NULL, NULL, NULL, NULL, NULL),
(150, '4S', 'Available', NULL, NULL, NULL, NULL, NULL, NULL, 'Deinstalled in 06/2010', 419, NULL, NULL, NULL, NULL, NULL, NULL, NULL, NULL, NULL, NULL, NULL, NULL, NULL, NULL, NULL, NULL, NULL, NULL),
(151, '4T', 'Available', NULL, NULL, NULL, NULL, NULL, NULL, 'Deinstalled in 06/2010', 420, NULL, NULL, NULL, NULL, NULL, NULL, NULL, NULL, NULL, NULL, NULL, NULL, NULL, NULL, NULL, NULL, NULL, NULL),
(152, '4U', 'Available', NULL, NULL, NULL, NULL, NULL, NULL, 'Deinstalled in 06/2010', 421, NULL, NULL, NULL, NULL, NULL, NULL, NULL, NULL, NULL, NULL, NULL, NULL, NULL, NULL, NULL, NULL, NULL, NULL),
(153, '4V', 'Available', NULL, NULL, NULL, NULL, NULL, NULL, 'Deinstalled in 06/2010', 422, NULL, NULL, NULL, NULL, NULL, NULL, NULL, NULL, NULL, NULL, NULL, NULL, NULL, NULL, NULL, NULL, NULL, NULL),
(154, '4W', 'Available', NULL, NULL, NULL, NULL, NULL, NULL, 'Deinstalled in 06/2010', 423, NULL, NULL, NULL, NULL, NULL, NULL, NULL, NULL, NULL, NULL, NULL, NULL, NULL, NULL, NULL, NULL, NULL, NULL),
(155, '4X', 'Available', NULL, NULL, NULL, NULL, NULL, NULL, 'Deinstalled in 06/2010', 424, NULL, NULL, NULL, NULL, NULL, NULL, NULL, NULL, NULL, NULL, NULL, NULL, NULL, NULL, NULL, NULL, NULL, NULL),
(156, '4Y', 'Available', NULL, NULL, NULL, NULL, NULL, NULL, 'Deinstalled in 06/2010', 425, NULL, NULL, NULL, NULL, NULL, NULL, NULL, NULL, NULL, NULL, NULL, NULL, NULL, NULL, NULL, NULL, NULL, NULL),
(157, '4Z', 'Available', NULL, NULL, NULL, NULL, NULL, NULL, 'Deinstalled in 06/2010', 426, NULL, NULL, NULL, NULL, NULL, NULL, NULL, NULL, NULL, NULL, NULL, NULL, NULL, NULL, NULL, NULL, NULL, NULL),
(158, '50', 'Crit', 'P-2', 'Production', 'LFG', 'LFG', 'Nicole Comstock', 'Amber Brethouwer', 'Lincoln Financial Group', 50, '1899-12-30 07:00:00', '1899-12-30 18:00:00', '1899-12-30 19:00:00', NULL, NULL, NULL, NULL, NULL, NULL, 'GM', 'GM', 'GM', 'G7', 'ID', 'BP', NULL, NULL, 'LCB021/LSN736 CANNOT RUN CYCLE ON WEEKEND'),
(159, '51', 'Crit', 'P-2', 'Production', 'RSA', 'SwissRe', 'Rhema Harrah', 'Pat Wells', 'Reassure America - 51', 51, '1899-12-30 07:00:00', '1899-12-30 18:00:00', '1899-12-30 20:30:00', NULL, NULL, NULL, NULL, NULL, NULL, 'GB', 'GB', 'GB', 'GN', 'GH', 'AF', NULL, NULL, NULL),
(160, '52', 'Crit', 'P-2', 'Production', 'CWA', 'CWA', 'Peggy Kriha', 'Buzz Ames', 'Commonwealth - company 1502 tax processing company only', 52, '1899-12-30 08:00:00', '1899-12-30 17:00:00', '1899-12-30 20:30:00', NULL, '2008-11-01 00:00:00', NULL, '2008-10-17 00:00:00', NULL, NULL, NULL, 'GH', 'GH', NULL, 'GH', 'DB', NULL, NULL, NULL),
(161, '53', 'Crit', 'P-2', 'Production', 'ULL', 'Union Labor', 'Rhema Harrah', 'Pat Wells', 'Union Labor Life Ins. Co.', 53, '1899-12-30 08:00:00', '1899-12-30 17:00:00', '1899-12-30 20:30:00', NULL, NULL, NULL, NULL, NULL, NULL, 'GD', 'GD', 'GD', 'G7', 'GH', 'AR', NULL, NULL, 'LCB056/LSNA02'),
(162, '54', 'Available', NULL, NULL, NULL, NULL, NULL, NULL, 'deinstalled in 11/1995', 54, NULL, NULL, NULL, NULL, NULL, NULL, NULL, NULL, NULL, NULL, NULL, NULL, NULL, NULL, NULL, NULL, NULL, NULL),
(163, '55', 'Crit', 'P-2', 'Production', 'CSL', 'Citizens Security', 'Rhema Harrah', 'Pat Wells', 'Citizens Security Life Ins. Co.', 55, '1899-12-30 07:00:00', '1899-12-30 18:00:00', '1899-12-30 20:30:00', NULL, NULL, NULL, NULL, NULL, NULL, 'GF', 'GF', 'GF', 'G7', 'GH', 'AP', NULL, NULL, NULL),
(164, '56', 'Crit', 'P-2', 'Production', 'CIC', 'SwissRe', 'Rhema Harrah', 'Pat Wells', 'Combined Insurance Co.', 56, '1899-12-30 07:00:00', '1899-12-30 18:00:00', '1899-12-30 20:30:00', NULL, NULL, NULL, NULL, NULL, NULL, 'G5', 'G5', 'G5', 'GN', 'GH', 'AU', NULL, NULL, NULL),
(165, '57', 'Crit', 'P-2', 'Production', 'CNY', 'SwissRe', 'Rhema Harrah', 'Pat Wells', 'Combined Insurance Co-NY', 57, '1899-12-30 07:00:00', '1899-12-30 18:00:00', '1899-12-30 20:30:00', NULL, NULL, NULL, NULL, NULL, NULL, 'G6', 'G6', 'G6', 'GN', 'GH', 'AU', NULL, NULL, NULL),
(166, '58', 'Crit', 'P-1', 'Production', 'FGL', 'OMFN', 'Nicole Comstock/Heather Beran', 'Kevin Kassebaum', 'F&G Life of NY - 58 (TL)', 58, '1899-12-30 07:30:00', '1899-12-30 17:30:00', '1899-12-30 20:30:00', NULL, NULL, NULL, NULL, NULL, NULL, 'GY', 'GX', 'GX', 'GY', 'IB', 'BF', NULL, 'YES', 'LCB012/LSN684'),
(167, '59', 'Crit', 'R-T', 'Test', 'LFG', 'LFG', 'Tom Groves', 'Amber Brethouwer', 'Lincoln Financial Voluntary Initiative Worksite - Pilot', 59, '1899-12-30 08:00:00', '1899-12-30 16:00:00', '1899-12-30 18:00:00', NULL, '2010-09-24 00:00:00', '2010-07-01 00:00:00', '2010-07-01 00:00:00', NULL, NULL, 'IM', 'VM', 'VM', 'TJ', 'ID', 'FC', NULL, NULL, NULL),
(168, '5A', 'Crit', 'P-2', 'Production', 'RSA', 'SwissRe', 'Rhema Harrah', 'Pat Wells', 'Continental Assurance Company', 501, '1899-12-30 07:00:00', '1899-12-30 18:00:00', '1899-12-30 20:30:00', NULL, NULL, NULL, NULL, NULL, NULL, 'GP', 'GQ', 'GQ', 'GN', 'GH', 'CG', NULL, 'YES', NULL),
(169, '5B', 'Pilot/Training', 'R-T', 'Pilot', 'IIC', 'Legacy', 'Sheila Morrison', 'Susan Olson', 'Investors Insurance Corp', 502, '1899-12-30 06:00:00', '1899-12-30 18:00:00', '1899-12-30 18:00:00', NULL, NULL, '2009-11-23 00:00:00', '2010-01-21 00:00:00', NULL, NULL, 'GY', 'VI', 'VI', 'TG', 'IG', 'XX', NULL, NULL, NULL),
(170, '5C', 'Crit', 'P-2', 'Production', 'RSA', 'SwissRe', 'Rhema Harrah', 'Pat Wells', 'Reassure America Life Insurance Co.', 503, '1899-12-30 07:00:00', '1899-12-30 18:00:00', '1899-12-30 20:30:00', NULL, NULL, NULL, NULL, NULL, NULL, 'GP', 'GQ', 'GQ', 'GN', 'GH', 'CH', NULL, 'YES', NULL),
(171, '5D', 'CNV Non-Crit', 'R-T', 'Pilot', NULL, NULL, NULL, NULL, 'CNV - Reserved for Ocean pilot company', 504, NULL, NULL, NULL, NULL, NULL, NULL, NULL, NULL, NULL, NULL, NULL, NULL, NULL, NULL, NULL, NULL, NULL, NULL),
(172, '5E', 'Available', NULL, NULL, NULL, NULL, NULL, NULL, NULL, 505, NULL, NULL, NULL, NULL, NULL, NULL, NULL, NULL, NULL, NULL, NULL, NULL, NULL, NULL, NULL, NULL, NULL, NULL),
(173, '5F', 'Crit', 'P-2', 'Production', 'RSA', 'SwissRe', 'Rhema Harrah', 'Pat Wells', 'First Unum Life Insurance Company', 506, '1899-12-30 07:00:00', '1899-12-30 18:00:00', '1899-12-30 20:30:00', NULL, NULL, NULL, NULL, NULL, NULL, 'GP', 'GQ', 'GQ', 'GN', 'GH', 'CI', NULL, 'YES', 'LCB025/LSNL05'),
(174, '5G', 'Crit', 'P-2', 'Production', 'RSA', 'SwissRe', 'Rhema Harrah', 'Pat Wells', 'Unum Life Insurance Co. of America', 507, '1899-12-30 07:00:00', '1899-12-30 18:00:00', '1899-12-30 20:30:00', NULL, NULL, NULL, NULL, NULL, NULL, 'GP', 'GQ', 'GQ', 'GN', 'GH', 'CJ', NULL, 'YES', 'LCB025/LSNL05'),
(175, '5H', 'Available', NULL, NULL, NULL, NULL, NULL, NULL, NULL, 508, NULL, NULL, NULL, NULL, NULL, NULL, NULL, NULL, NULL, NULL, NULL, NULL, NULL, NULL, NULL, NULL, NULL, NULL),
(176, '5I', 'Available', NULL, NULL, NULL, NULL, NULL, NULL, NULL, 509, NULL, NULL, NULL, NULL, NULL, NULL, NULL, NULL, NULL, NULL, NULL, NULL, NULL, NULL, NULL, NULL, NULL, NULL),
(177, '5J', 'Available', NULL, NULL, NULL, NULL, NULL, NULL, 'Deinstalled on 09-09-2008', 510, NULL, NULL, NULL, NULL, NULL, NULL, NULL, NULL, NULL, NULL, NULL, NULL, NULL, NULL, NULL, NULL, 'YES', NULL),
(178, '5K', 'Available', NULL, NULL, NULL, NULL, NULL, NULL, NULL, 511, NULL, NULL, NULL, NULL, NULL, NULL, NULL, NULL, NULL, NULL, NULL, NULL, NULL, NULL, NULL, NULL, NULL, NULL),
(179, '5L', 'Available', NULL, NULL, NULL, NULL, NULL, NULL, NULL, 512, NULL, NULL, NULL, NULL, NULL, NULL, NULL, NULL, NULL, NULL, NULL, NULL, NULL, NULL, NULL, NULL, NULL, NULL),
(180, '5M', 'Available', NULL, NULL, NULL, NULL, NULL, NULL, 'Deinstalled on 06-26-2008', 513, NULL, NULL, NULL, NULL, NULL, NULL, NULL, NULL, NULL, NULL, NULL, NULL, NULL, NULL, NULL, NULL, NULL, NULL),
(181, '5N', 'Available', NULL, NULL, NULL, NULL, NULL, NULL, 'Deinstalled on 06-26-2008', 514, NULL, NULL, NULL, NULL, NULL, NULL, NULL, NULL, NULL, NULL, NULL, NULL, NULL, NULL, NULL, NULL, NULL, NULL),
(182, '5O', 'Available', NULL, NULL, NULL, NULL, NULL, NULL, NULL, 515, NULL, NULL, NULL, NULL, NULL, NULL, NULL, NULL, NULL, NULL, NULL, NULL, NULL, NULL, NULL, NULL, NULL, NULL),
(183, '5P', 'Available', NULL, NULL, NULL, NULL, NULL, NULL, 'Deinstalled on 06-26-2008', 516, NULL, NULL, NULL, NULL, NULL, NULL, NULL, NULL, NULL, NULL, NULL, NULL, NULL, NULL, NULL, NULL, NULL, NULL),
(184, '5Q', 'Available', NULL, NULL, NULL, NULL, NULL, NULL, 'Deinstalled on 06-26-2008', 517, NULL, NULL, NULL, NULL, NULL, NULL, NULL, NULL, NULL, NULL, NULL, NULL, NULL, NULL, NULL, NULL, NULL, NULL),
(185, '5R', 'Available', NULL, NULL, NULL, NULL, NULL, NULL, 'Deinstalled on 06-26-2008', 518, NULL, NULL, NULL, NULL, NULL, NULL, NULL, NULL, NULL, NULL, NULL, NULL, NULL, NULL, NULL, NULL, NULL, NULL),
(186, '5S', 'Crit', 'R-T', 'Pilot', 'ANI', 'Legacy', 'Sheila Morrison', 'Susan Olson', 'American National - pilot company', 519, NULL, NULL, '1899-12-30 18:00:00', NULL, '2010-03-31 00:00:00', '2008-03-24 00:00:00', '2008-09-09 00:00:00', '9/23/2010', NULL, 'GY', 'VG', 'VG', 'TG', 'IC', 'DH', NULL, 'YES', NULL),
(187, '5T', 'Crit', 'R-T', 'Pilot', 'IIC', 'Legacy', 'Sheila Morrison', 'Susan Olson', 'Investors Insurance Corp - pilot company', 520, NULL, NULL, '1899-12-30 18:00:00', NULL, '2010-03-31 00:00:00', '2008-03-18 00:00:00', '2008-09-10 00:00:00', NULL, NULL, 'GY', 'VI', 'VI', 'TG', 'IC', 'DI', NULL, 'YES', NULL),
(188, '5U', 'Crit', 'R-T', 'Pilot', 'WNI', 'Legacy', 'Sheila Morrison', 'Susan Olson', 'Washington National / Conseco - pilot company', 521, NULL, NULL, '1899-12-30 18:00:00', NULL, '2010-03-31 00:00:00', '2008-03-11 00:00:00', '2008-07-17 00:00:00', NULL, NULL, 'GY', 'VG', 'VG', 'TG', 'IC', 'DJ', NULL, 'YES', NULL),
(189, '5V', 'Crit', 'R-T', 'Pilot', 'ALA', 'Legacy', 'Sheila Morrison', 'Susan Olson', 'Americom - pilot company', 522, NULL, NULL, '1899-12-30 18:00:00', NULL, '2010-03-31 00:00:00', '2008-03-13 00:00:00', '2008-07-17 00:00:00', NULL, NULL, 'GY', 'VJ', 'VJ', 'TG', 'IC', 'DK', NULL, 'YES', NULL),
(190, '5W', 'Crit', 'R-T', 'Pilot', 'TLI', 'Legacy', 'Sheila Morrison', 'Susan Olson', 'Transamerica - pilot company', 523, NULL, NULL, '1899-12-30 18:00:00', NULL, '2010-03-31 00:00:00', '2008-03-20 00:00:00', '2008-09-25 00:00:00', '9/23/2010', NULL, 'GY', 'VG', 'VG', 'TG', 'IC', 'DL', NULL, 'YES', NULL),
(191, '5X', 'Available', NULL, NULL, NULL, NULL, NULL, NULL, NULL, 524, NULL, NULL, NULL, NULL, NULL, NULL, NULL, NULL, NULL, NULL, NULL, NULL, NULL, NULL, NULL, NULL, NULL, NULL),
(192, '5Y', 'Crit', 'R-T', 'Pilot', 'LMG', 'Legacy', 'Sheila Morrison', 'Susan Olson', 'Legacy Marketing Group - Pilot company', 525, NULL, NULL, '1899-12-30 18:00:00', NULL, '2010-03-31 00:00:00', '2008-03-27 00:00:00', '2009-09-25 00:00:00', NULL, NULL, 'GY', 'IG', 'IG', 'GY', 'IC', NULL, NULL, 'YES', NULL),
(193, '5Z', 'Available', NULL, NULL, NULL, NULL, NULL, NULL, NULL, 526, NULL, NULL, NULL, NULL, NULL, NULL, NULL, NULL, NULL, NULL, NULL, NULL, NULL, NULL, NULL, NULL, NULL, NULL),
(194, '60', 'Crit', 'P-2', 'Production', 'MOO', 'MoO', 'Tom Groves', 'Matthew Hatterman', 'Mutual of Omaha', 60, '1899-12-30 07:00:00', '1899-12-30 18:00:00', '1899-12-30 20:30:00', NULL, NULL, NULL, NULL, NULL, NULL, 'G0', 'G0', 'G0', 'G7', 'GH', 'BH', NULL, 'YES', NULL),
(195, '61', 'Crit', 'P-2', 'Production', 'ALI', 'Atlanta Life', 'Rhema Harrah', 'Pat Wells', 'Atlanta Life Insurance', 61, '1899-12-30 07:00:00', '1899-12-30 18:00:00', '1899-12-30 20:30:00', NULL, NULL, NULL, NULL, NULL, NULL, 'GJ', 'GJ', 'GJ', 'G7', 'GH', 'AJ', 'ATLF', 'YES', NULL),
(196, '62', 'Available', NULL, NULL, NULL, NULL, NULL, NULL, 'deinstalled in 01/2006', 62, NULL, NULL, NULL, NULL, NULL, NULL, NULL, NULL, NULL, NULL, NULL, NULL, NULL, NULL, NULL, NULL, NULL, NULL),
(197, '63', 'Crit', 'P-1', 'Production', 'FGL', 'OMFN', 'Nicole Comstock/Heather Beran', 'Kevin Kassebaum', 'Fidelity & Guaranty Life - 63', 63, '1899-12-30 07:30:00', '1899-12-30 17:30:00', '1899-12-30 20:30:00', 'Friday''s & EOM 18:00', NULL, NULL, NULL, NULL, NULL, 'GZ', 'GZ', 'GZ', 'GY', 'IB', 'BC', NULL, 'YES', 'LCB011/LSN684'),
(198, '64', 'Crit', 'P-2', 'Production', 'MML', 'Massachusetts Mutual Life', 'Tom Groves', 'Pat Wells', 'Massachusetts Mutual Life Ins.', 64, '1899-12-30 07:00:00', '1899-12-30 18:00:00', '1899-12-30 20:30:00', NULL, NULL, NULL, NULL, NULL, NULL, 'GI', 'GI', 'GI', 'G7', 'GM', 'BA', NULL, NULL, NULL),
(199, '65', 'Crit', 'P-2', 'Production', 'GWL', 'GWL', 'Rhema Harrah', 'Pat Wells', 'Great West Life Insurance Co.', 65, '1899-12-30 07:00:00', '1899-12-30 19:00:00', '1899-12-30 20:30:00', NULL, NULL, NULL, NULL, NULL, NULL, 'GW', 'GW', 'GW', 'G7', 'IB', 'BB', NULL, 'YES', NULL),
(200, '66', 'Crit', 'P-1', 'Production', 'FGL', 'OMFN', 'Nicole Comstock/Heather Beran', 'Kevin Kassebaum', 'Fidelity and Guaranty Life - 66', 66, '1899-12-30 07:30:00', '1899-12-30 17:30:00', '1899-12-30 20:30:00', 'Friday''s & EOM 18:00', NULL, NULL, NULL, NULL, NULL, 'GY', 'GX', 'GX', 'GY', 'IB', 'BC', NULL, 'YES', NULL),
(201, '67', 'Crit', 'P-2', 'Production', 'FST', 'Five Star', 'Tom Groves', 'Matthew Hatterman', '5 Star Life Insurance Co', 67, '1899-12-30 07:00:00', '1899-12-30 18:00:00', '1899-12-30 20:30:00', NULL, NULL, NULL, NULL, NULL, NULL, 'GE', 'GE', 'GE', 'G7', 'GH', 'AE', NULL, 'YES', NULL),
(202, '68', 'Crit', 'P-1', 'Production', 'FNY', 'OMFN', 'Nicole Comstock/Heather Beran', 'Kevin Kassebaum', 'F&G Life of NY - 68', 68, '1899-12-30 07:30:00', '1899-12-30 17:30:00', '1899-12-30 20:30:00', NULL, NULL, NULL, NULL, NULL, NULL, 'GY', 'GZ', 'GZ', 'GY', 'IB', 'BF', NULL, 'YES', 'LCB012/LSN684');
INSERT INTO `companiessheets` (`ID`, `co#`, `abend_status`, `jcl/TP`, `Type`, `report_dest`, `Client`, `Director`, `CE`, `co_name`, `Billing Code`, `SLA BOD`, `SLA EOD`, `Current EOD`, `Exceptions`, `go live date`, `mini cycle`, `Full cycle`, `Last Reload Date`, `Next Reload Date`, `pds`, `finctl`, `itemdata`, `letter writer`, `holiday`, `tax`, `ftp_dest`, `nb co`, `LCB/Batch job`) VALUES
(203, '69', 'Crit', 'R-T', 'Test', 'OML', 'OMFN', 'Nicole Comstock/Heather Beran', 'Kevin Kassebaum', 'OM Financial Life Insurance Test Co', 69, '1899-12-30 08:00:00', '1899-12-30 18:00:00', '1899-12-30 18:00:00', NULL, NULL, NULL, NULL, NULL, NULL, 'TY', 'TY', 'TY', 'TY', 'GH', 'BJ', NULL, 'YES', 'LCB015/LSN684'),
(204, '6A', 'Available', NULL, NULL, NULL, NULL, NULL, NULL, NULL, 601, NULL, NULL, NULL, NULL, NULL, NULL, NULL, NULL, NULL, NULL, NULL, NULL, NULL, NULL, NULL, NULL, NULL, NULL),
(205, '6B', 'Crit', 'R-T', 'Test', 'HUM', 'Humana', NULL, 'Amber Brethouwer', 'Humana', 602, '1899-12-30 08:00:00', '1899-12-30 18:00:00', '1899-12-30 18:00:00', NULL, '2010-10-18 00:00:00', '2010-08-25 00:00:00', '2010-09-10 00:00:00', NULL, NULL, 'GR', 'T8', 'T8', 'T8', 'GH', 'FE', NULL, 'YES', NULL),
(206, '6C', 'Available', NULL, NULL, NULL, NULL, NULL, NULL, NULL, 603, NULL, NULL, NULL, NULL, NULL, NULL, NULL, NULL, NULL, NULL, NULL, NULL, NULL, NULL, NULL, NULL, NULL, NULL),
(207, '6D', 'Available', NULL, NULL, NULL, NULL, NULL, NULL, NULL, 604, NULL, NULL, NULL, NULL, NULL, NULL, NULL, NULL, NULL, NULL, NULL, NULL, NULL, NULL, NULL, NULL, NULL, NULL),
(208, '6E', 'Available', NULL, NULL, NULL, NULL, NULL, NULL, NULL, 605, NULL, NULL, NULL, NULL, NULL, NULL, NULL, NULL, NULL, NULL, NULL, NULL, NULL, NULL, NULL, NULL, NULL, NULL),
(209, '6F', 'Crit', 'R-T', 'Test', 'LFG', 'LFG', 'Tom Groves', 'Amber Brethouwer', 'Lincoln Financial Voluntary Initiative - Worksite - Test', 606, NULL, NULL, '1899-12-30 18:00:00', NULL, '2010-09-24 00:00:00', '2010-05-06 00:00:00', '2010-05-11 00:00:00', NULL, NULL, 'IM', 'VM', 'VM', 'TJ', 'GM', 'FD', NULL, NULL, NULL),
(210, '6G', 'Available', NULL, NULL, NULL, NULL, NULL, NULL, NULL, 607, NULL, NULL, NULL, NULL, NULL, NULL, NULL, NULL, NULL, NULL, NULL, NULL, NULL, NULL, NULL, NULL, NULL, NULL),
(211, '6H', 'Available', NULL, NULL, NULL, NULL, NULL, NULL, NULL, 608, NULL, NULL, NULL, NULL, NULL, NULL, NULL, NULL, NULL, NULL, NULL, NULL, NULL, NULL, NULL, NULL, NULL, NULL),
(212, '6I', 'Available', NULL, NULL, NULL, NULL, NULL, NULL, NULL, 609, NULL, NULL, NULL, NULL, NULL, NULL, NULL, NULL, NULL, NULL, NULL, NULL, NULL, NULL, NULL, NULL, NULL, NULL),
(213, '6J', 'Available', NULL, NULL, NULL, NULL, NULL, NULL, NULL, 610, NULL, NULL, NULL, NULL, NULL, NULL, NULL, NULL, NULL, NULL, NULL, NULL, NULL, NULL, NULL, NULL, NULL, NULL),
(214, '6K', 'Available', NULL, NULL, NULL, NULL, NULL, NULL, NULL, 611, NULL, NULL, NULL, NULL, NULL, NULL, NULL, NULL, NULL, NULL, NULL, NULL, NULL, NULL, NULL, NULL, NULL, NULL),
(215, '6L', 'Available', NULL, NULL, NULL, NULL, NULL, NULL, NULL, 612, NULL, NULL, NULL, NULL, NULL, NULL, NULL, NULL, NULL, NULL, NULL, NULL, NULL, NULL, NULL, NULL, NULL, NULL),
(216, '6M', 'Available', NULL, NULL, NULL, NULL, NULL, NULL, NULL, 613, NULL, NULL, NULL, NULL, NULL, NULL, NULL, NULL, NULL, NULL, NULL, NULL, NULL, NULL, NULL, NULL, NULL, NULL),
(217, '6N', 'Available', NULL, NULL, NULL, NULL, NULL, NULL, NULL, 614, NULL, NULL, NULL, NULL, NULL, NULL, NULL, NULL, NULL, NULL, NULL, NULL, NULL, NULL, NULL, NULL, NULL, NULL),
(218, '6O', 'Available', NULL, NULL, NULL, NULL, NULL, NULL, NULL, 615, NULL, NULL, NULL, NULL, NULL, NULL, NULL, NULL, NULL, NULL, NULL, NULL, NULL, NULL, NULL, NULL, NULL, NULL),
(219, '6P', 'Available', NULL, NULL, NULL, NULL, NULL, NULL, NULL, 616, NULL, NULL, NULL, NULL, NULL, NULL, NULL, NULL, NULL, NULL, NULL, NULL, NULL, NULL, NULL, NULL, NULL, NULL),
(220, '6Q', 'Available', NULL, NULL, NULL, NULL, NULL, NULL, NULL, 617, NULL, NULL, NULL, NULL, NULL, NULL, NULL, NULL, NULL, NULL, NULL, NULL, NULL, NULL, NULL, NULL, NULL, NULL),
(221, '6R', 'Available', NULL, NULL, NULL, NULL, NULL, NULL, NULL, 618, NULL, NULL, NULL, NULL, NULL, NULL, NULL, NULL, NULL, NULL, NULL, NULL, NULL, NULL, NULL, NULL, NULL, NULL),
(222, '6S', 'Crit', 'R-T', 'Test', 'ANI', 'Legacy', 'Sheila Morrison', 'Susan Olson', 'American National - test company', 619, NULL, NULL, '1899-12-30 18:00:00', NULL, '2010-03-31 00:00:00', '2008-03-24 00:00:00', '2008-09-16 00:00:00', NULL, NULL, 'GY', 'VG', 'VG', 'TG', 'IC', 'DC', NULL, 'YES', NULL),
(223, '6T', 'Crit', 'R-T', 'Test', 'IIC', 'Legacy', 'Sheila Morrison', 'Susan Olson', 'Investors Insurance Corp - test company', 620, NULL, NULL, '1899-12-30 18:00:00', NULL, '2010-03-31 00:00:00', '2008-03-18 00:00:00', '2008-09-10 00:00:00', NULL, NULL, 'GY', 'VI', 'VI', 'TG', 'IC', 'DD', NULL, 'YES', NULL),
(224, '6U', 'Crit', 'R-T', 'Test', 'WNI', 'Legacy', 'Sheila Morrison', 'Susan Olson', 'Washington National / Conseco - test company', 621, NULL, NULL, '1899-12-30 18:00:00', NULL, '2010-03-31 00:00:00', '2008-03-11 00:00:00', '2008-07-17 00:00:00', NULL, NULL, 'GY', 'VG', 'VG', 'TG', 'IC', 'DE', NULL, 'YES', NULL),
(225, '6V', 'Crit', 'R-T', 'Test', 'ALA', 'Legacy', 'Sheila Morrison', 'Susan Olson', 'Americom - test company', 622, NULL, NULL, '1899-12-30 18:00:00', NULL, '2010-03-31 00:00:00', '2008-03-13 00:00:00', '2008-07-17 00:00:00', NULL, NULL, 'GY', 'VJ', 'VJ', 'TG', 'IC', 'DF', NULL, 'YES', NULL),
(226, '6W', 'Crit', 'R-T', 'Test', 'TLI', 'Legacy', 'Sheila Morrison', 'Susan Olson', 'Transamerica - test company', 623, NULL, NULL, '1899-12-30 18:00:00', NULL, '2010-03-31 00:00:00', '2008-03-20 00:00:00', '2008-09-25 00:00:00', NULL, NULL, 'GY', 'VG', 'VG', 'TG', 'IC', 'DG', NULL, 'YES', NULL),
(227, '6X', 'Available', NULL, NULL, NULL, NULL, NULL, NULL, NULL, 624, NULL, NULL, NULL, NULL, NULL, NULL, NULL, NULL, NULL, NULL, NULL, NULL, NULL, NULL, NULL, NULL, NULL, NULL),
(228, '6Y', 'Crit', 'R-T', 'Test', 'LMG', 'Legacy', 'Sheila Morrison', 'Susan Olson', 'Legacy Marketing Group - test company', 625, NULL, NULL, '1899-12-30 18:00:00', NULL, '2010-03-31 00:00:00', '2008-03-27 00:00:00', '2009-09-25 00:00:00', NULL, NULL, 'GY', 'IG', 'IG', 'GY', 'IC', NULL, NULL, 'YES', NULL),
(229, '6Z', 'Available', NULL, NULL, NULL, NULL, NULL, NULL, NULL, 626, NULL, NULL, NULL, NULL, NULL, NULL, NULL, NULL, NULL, NULL, NULL, NULL, NULL, NULL, NULL, NULL, NULL, NULL),
(230, '70', 'Crit', 'P-2', 'Production', 'TWC', 'TWC', 'Rhema Harrah', 'Pat Wells', 'Twentieth Century Life Ins Co', 70, NULL, NULL, NULL, NULL, NULL, NULL, NULL, NULL, NULL, 'G7', 'G7', 'G7', 'G7', 'GH', 'AO', NULL, NULL, NULL),
(231, '71', 'Crit', 'R-T', 'Test', 'GEN', 'GE', 'Tom Groves', 'Matthew Hatterman', 'Genworth Life Insurance test co.', 71, '1899-12-30 08:00:00', '1899-12-30 18:00:00', '1899-12-30 18:00:00', NULL, NULL, NULL, NULL, NULL, NULL, 'TK', 'TK', 'TK', 'T7', 'GH', 'AD', NULL, NULL, NULL),
(232, '72', 'Crit', 'P-2', 'Production', 'PIC', 'Sun Life', 'Tom Groves', 'Susan Olson', 'Professional Insurance Co.', 72, '1899-12-30 07:00:00', '1899-12-30 19:00:00', '1899-12-30 19:00:00', NULL, NULL, NULL, NULL, NULL, NULL, 'GR', 'GR', 'GR', 'G7', 'GH', 'AI', NULL, 'YES', NULL),
(233, '73', 'Available', NULL, NULL, NULL, NULL, NULL, NULL, 'deinstalled 07/2010', 73, NULL, NULL, NULL, NULL, NULL, NULL, NULL, NULL, NULL, NULL, NULL, NULL, NULL, NULL, NULL, NULL, NULL, NULL),
(234, '74', 'Available', NULL, NULL, NULL, NULL, NULL, NULL, 'deinstalled in 08/2006', 74, NULL, NULL, NULL, NULL, NULL, NULL, NULL, NULL, NULL, NULL, NULL, NULL, NULL, NULL, NULL, NULL, NULL, NULL),
(235, '75', 'Available', NULL, NULL, NULL, NULL, NULL, NULL, 'Deinstalled in 04/2010', 75, NULL, NULL, NULL, NULL, NULL, NULL, NULL, NULL, NULL, NULL, NULL, NULL, NULL, NULL, NULL, NULL, NULL, NULL),
(236, '7502', 'Model Office', 'N/A', 'Imaging', 'CWA', 'CWA', 'Peggy Kriha', 'Buzz Ames', 'Commonwealth - Model Office Portal - Non-LifeSys', 729, NULL, NULL, NULL, NULL, NULL, NULL, NULL, NULL, NULL, NULL, NULL, NULL, NULL, NULL, NULL, NULL, NULL, NULL),
(237, '76', 'Crit', 'P-2', 'Production', 'GEC', 'GE', 'Tom Groves', 'Matthew Hatterman', 'GECA', 76, '1899-12-30 07:00:00', '1899-12-30 19:00:00', '1899-12-30 20:30:00', NULL, NULL, NULL, NULL, NULL, NULL, 'GG', 'GG', 'GG', 'G7', 'GH', 'AW', NULL, NULL, 'LCB030/LSNT31'),
(238, '77', 'Crit', 'P-2', 'Production', 'GNY', 'GE', 'Tom Groves', 'Matthew Hatterman', 'GECA - NY Taxtion', 77, '1899-12-30 07:00:00', '1899-12-30 19:00:00', '1899-12-30 20:30:00', NULL, NULL, NULL, NULL, NULL, NULL, 'GG', 'GG', 'GG', 'G7', 'GH', 'AW', NULL, NULL, 'LCB030/LSNT31'),
(239, '78', 'Available', NULL, NULL, NULL, NULL, NULL, NULL, 'Deinstalled 06/13/2008', 78, NULL, NULL, NULL, NULL, NULL, NULL, NULL, NULL, NULL, NULL, NULL, NULL, NULL, NULL, NULL, NULL, NULL, NULL),
(240, '79', 'Available', NULL, NULL, NULL, NULL, NULL, NULL, 'Deinstalled in 07/2010', 79, NULL, NULL, NULL, NULL, NULL, NULL, NULL, NULL, NULL, NULL, NULL, NULL, NULL, NULL, NULL, NULL, NULL, NULL),
(241, '7A', 'Crit', 'R-T', 'Test', 'EFL', 'Erie', 'Rhema Harrah', 'Kevin Kassebaum', 'Erie Family Life Test Co.', 701, '1899-12-30 08:00:00', '1899-12-30 18:00:00', '1899-12-30 18:00:00', NULL, '2007-08-01 00:00:00', '2007-01-12 00:00:00', '2007-04-23 00:00:00', NULL, NULL, 'G2', 'T2', 'T2', 'T2', 'GH', 'CL', NULL, 'YES', NULL),
(242, '7C', 'Crit', 'R-T', 'Test', 'RSA', 'SwissRe', 'Rhema Harrah', 'Pat Wells', 'Paul Revere Life Insurance Test Co. - NY', 703, '1899-12-30 08:00:00', '1899-12-30 18:00:00', '1899-12-30 18:00:00', NULL, NULL, NULL, NULL, NULL, NULL, 'GP', 'TL', 'TL', 'TN', 'GH', 'BY', NULL, NULL, NULL),
(243, '7D', 'Crit', 'R-T', 'Test', 'RSA', 'SwissRe', 'Rhema Harrah', 'Pat Wells', 'Paul Revere Variable Annty Ins. Test Co', 704, '1899-12-30 08:00:00', '1899-12-30 18:00:00', '1899-12-30 18:00:00', NULL, NULL, NULL, NULL, NULL, NULL, 'GP', 'TL', 'TL', 'TN', 'GH', 'CD', NULL, NULL, NULL),
(244, '7E', 'Available', NULL, NULL, NULL, NULL, NULL, NULL, NULL, 705, NULL, NULL, NULL, NULL, '2010-03-31 00:00:00', NULL, NULL, NULL, NULL, NULL, NULL, NULL, NULL, NULL, NULL, NULL, NULL, NULL),
(245, '7F', 'Crit', 'R-T', 'Test', 'RSA', 'SwissRe', 'Rhema Harrah', 'Pat Wells', 'Reassure America Life NB Test Co.', 706, '1899-12-30 08:00:00', '1899-12-30 18:00:00', '1899-12-30 18:00:00', NULL, NULL, NULL, NULL, NULL, NULL, 'GP', 'TQ', 'TQ', 'TN', 'GH', 'CF', NULL, 'YES', 'LCB024/LSNL05'),
(246, '7G', 'Non-Crit', 'R-T', 'Test', 'BKL', 'CWA', 'Peggy Kriha', 'Buzz Ames', 'Bankers Life Test', 707, NULL, NULL, '1899-12-30 18:00:00', NULL, '2010-05-31 00:00:00', '2010-01-19 00:00:00', '2010-02-11 00:00:00', NULL, NULL, 'IH', 'VH', 'VH', 'TD', 'GH', NULL, NULL, NULL, NULL),
(247, '7H', 'Crit', 'R-T', 'Test', 'PAC', 'Pacific Life', 'Brian Clanton', 'Susan Olson', 'Pacific Life Ins Test Co.', 708, '1899-12-30 08:00:00', '1899-12-30 18:00:00', '1899-12-30 18:00:00', NULL, '2008-08-01 00:00:00', '2007-03-02 00:00:00', '2007-06-25 00:00:00', NULL, NULL, 'GP', 'VA', 'VA', 'TF', 'GH', 'CN', NULL, 'Yes', 'If 7H is up then 7J must be up and vice versa - LCB007/LSMM06,LCB032/LSM943,LCB033/LSN964,LCB034/LSN964,LCB036/LSN977,LCB065/LSN979'),
(248, '7I', 'Available', NULL, NULL, NULL, NULL, NULL, NULL, NULL, 709, NULL, NULL, NULL, NULL, NULL, NULL, NULL, NULL, NULL, NULL, NULL, NULL, NULL, NULL, NULL, NULL, NULL, NULL),
(249, '7J', 'Crit', 'R-T', 'Test', 'PAC', 'Pacific Life', 'Brian Clanton', 'Susan Olson', 'Pacific Life & Annuity Test Co.', 710, '1899-12-30 08:00:00', '1899-12-30 18:00:00', '1899-12-30 18:00:00', NULL, '2008-08-01 00:00:00', '2007-03-02 00:00:00', '2007-06-25 00:00:00', NULL, NULL, 'GP', 'VA', 'VA', 'TF', 'GH', 'CP', NULL, 'YES', 'If 7J is up then 7H must be up and vice versa - LCB007/LSMM06,LCB032/LSM943,LCB033/LSN964,LCB034/LSN964,LCB036/LSN977,LCB065/LSN979'),
(250, '7K', 'Crit', 'R-T', 'Test', 'CLS', 'Cielo', 'Rhema Harrah', 'Pat Wells', 'CIELO Life Settlements - Test Co.', 711, '1899-12-30 08:00:00', '1899-12-30 18:00:00', '1899-12-30 18:00:00', NULL, '2008-01-01 00:00:00', '2007-05-10 00:00:00', '2007-10-12 00:00:00', NULL, NULL, 'GI', 'VC', 'VC', 'T7', 'GH', 'CS', NULL, NULL, NULL),
(251, '7L', 'Available', NULL, NULL, NULL, NULL, NULL, NULL, NULL, 712, NULL, NULL, NULL, NULL, NULL, NULL, NULL, NULL, NULL, NULL, NULL, NULL, NULL, NULL, NULL, NULL, NULL, NULL),
(252, '7M', 'Crit', 'R-T', 'Test', 'RSA', 'SwissRe', 'Rhema Harrah', 'Pat Wells', 'Conseco Insurance Test Company', 713, '1899-12-30 08:00:00', '1899-12-30 18:00:00', '1899-12-30 18:00:00', NULL, '2008-02-01 00:00:00', '2007-07-26 00:00:00', '2007-10-25 00:00:00', NULL, NULL, 'GP', 'VF', 'VF', 'TN', 'GH', 'CV', NULL, NULL, NULL),
(253, '7N', 'Crit', 'R-T', 'Test', 'RSA', 'SwissRe', 'Rhema Harrah', 'Pat Wells', 'Conseco Life Insurance Test Company', 714, '1899-12-30 08:00:00', '1899-12-30 18:00:00', '1899-12-30 18:00:00', NULL, '2008-02-01 00:00:00', '2007-07-26 00:00:00', '2007-10-25 00:00:00', NULL, NULL, 'GP', 'VF', 'VF', 'TN', 'GH', 'CW', NULL, NULL, NULL),
(254, '7O', 'Available', NULL, NULL, NULL, NULL, NULL, NULL, NULL, 715, NULL, NULL, NULL, NULL, NULL, NULL, NULL, NULL, NULL, NULL, NULL, NULL, NULL, NULL, NULL, NULL, NULL, NULL),
(255, '7P', 'Crit', 'R-T', 'Test', 'RSA', 'SwissRe', 'Rhema Harrah', 'Pat Wells', 'Washington National Insurance Test Co', 716, '1899-12-30 08:00:00', '1899-12-30 18:00:00', '1899-12-30 18:00:00', NULL, '2008-02-01 00:00:00', '2007-07-26 00:00:00', '2007-10-25 00:00:00', NULL, NULL, 'GP', 'VF', 'VF', 'TN', 'GH', 'CX', NULL, NULL, NULL),
(256, '7Q', 'Crit', 'R-T', 'Test', 'RSA', 'SwissRe', 'Rhema Harrah', 'Pat Wells', 'Conseco Insurance Test Co - EIAS', 717, '1899-12-30 08:00:00', '1899-12-30 18:00:00', '1899-12-30 18:00:00', NULL, '2008-06-01 00:00:00', '2007-08-09 00:00:00', '2008-03-19 00:00:00', NULL, NULL, 'GP', 'VF', 'VF', 'TN', 'IB', 'CV', NULL, NULL, NULL),
(257, '7R', 'Available', NULL, NULL, NULL, NULL, NULL, NULL, 'Deinstalled in 6/2010', 718, NULL, NULL, NULL, NULL, NULL, NULL, NULL, NULL, NULL, NULL, NULL, NULL, NULL, NULL, NULL, NULL, NULL, NULL),
(258, '7S', 'Available', NULL, NULL, NULL, NULL, NULL, NULL, NULL, 719, NULL, NULL, NULL, NULL, NULL, NULL, NULL, NULL, NULL, NULL, NULL, NULL, NULL, NULL, NULL, NULL, NULL, NULL),
(259, '7T', 'Available', NULL, NULL, NULL, NULL, NULL, NULL, NULL, 720, NULL, NULL, NULL, NULL, NULL, NULL, NULL, NULL, NULL, NULL, NULL, NULL, NULL, NULL, NULL, NULL, NULL, NULL),
(260, '7U', 'Available', NULL, NULL, NULL, NULL, NULL, NULL, NULL, 721, NULL, NULL, NULL, NULL, NULL, NULL, NULL, NULL, NULL, NULL, NULL, NULL, NULL, NULL, NULL, NULL, NULL, NULL),
(261, '7V', 'Available', NULL, NULL, NULL, NULL, NULL, NULL, NULL, 722, NULL, NULL, NULL, NULL, NULL, NULL, NULL, NULL, NULL, NULL, NULL, NULL, NULL, NULL, NULL, NULL, NULL, NULL),
(262, '7W', 'Available', NULL, NULL, NULL, NULL, NULL, NULL, NULL, 723, NULL, NULL, NULL, NULL, NULL, NULL, NULL, NULL, NULL, NULL, NULL, NULL, NULL, NULL, NULL, NULL, NULL, NULL),
(263, '7X', 'Available', NULL, NULL, NULL, NULL, NULL, NULL, NULL, 724, NULL, NULL, NULL, NULL, NULL, NULL, NULL, NULL, NULL, NULL, NULL, NULL, NULL, NULL, NULL, NULL, NULL, NULL),
(264, '7Y', 'Available', NULL, NULL, NULL, NULL, NULL, NULL, NULL, 725, NULL, NULL, NULL, NULL, NULL, NULL, NULL, NULL, NULL, NULL, NULL, NULL, NULL, NULL, NULL, NULL, NULL, NULL),
(265, '7Z', 'Available', NULL, NULL, NULL, NULL, NULL, NULL, NULL, 726, NULL, NULL, NULL, NULL, NULL, NULL, NULL, NULL, NULL, NULL, NULL, NULL, NULL, NULL, NULL, NULL, NULL, NULL),
(266, '80', 'Crit', 'R-T', 'Test', 'MOO', 'MoO', 'Tom Groves', 'Matthew Hatterman', 'Mutual of Omaha Test Co', 80, '1899-12-30 08:00:00', '1899-12-30 18:00:00', '1899-12-30 18:00:00', NULL, NULL, NULL, NULL, NULL, NULL, 'T0', 'G0', 'T0', 'T7', 'GH', 'BM', NULL, 'YES', NULL),
(267, '81', 'Crit', 'R-T', 'Test', 'FGL', 'OMFN', 'Nicole Comstock/Heather Beran', 'Kevin Kassebaum', 'Fidelity and Guaranty Test - 81', 81, '1899-12-30 08:00:00', '1899-12-30 18:00:00', '1899-12-30 18:00:00', NULL, NULL, NULL, NULL, NULL, NULL, 'TY', 'TX', 'TX', 'TY', 'GH', 'BI', NULL, 'YES', NULL),
(268, '82', 'Crit', 'R-T', 'Test', 'FGL', 'OMFN', 'Nicole Comstock/Heather Beran', 'Kevin Kassebaum', 'Fidelity and Guaranty Test Co.', 82, '1899-12-30 08:00:00', '1899-12-30 18:00:00', '1899-12-30 18:00:00', NULL, NULL, NULL, NULL, NULL, NULL, 'TY', 'TY', 'TY', 'TY', 'GH', 'BI', NULL, 'YES', 'LCB014/LSN684'),
(269, '83', 'Crit', 'R-T', 'Test', 'FGL', 'OMFN', 'Nicole Comstock/Heather Beran', 'Kevin Kassebaum', 'OMFN TL Conversion Test Co.', 83, '1899-12-30 08:00:00', '1899-12-30 18:00:00', '1899-12-30 18:00:00', NULL, NULL, NULL, NULL, NULL, NULL, 'TY', 'TX', 'TX', 'TY', 'GH', 'BI', NULL, 'YES', NULL),
(270, '84', 'Crit', 'R-T', 'Test', 'GWL', 'GWL', 'Rhema Harrah', 'Pat Wells', 'Great West Life Test Co.', 84, '1899-12-30 08:00:00', '1899-12-30 18:00:00', '1899-12-30 18:00:00', NULL, NULL, NULL, NULL, NULL, NULL, 'TW', 'GW', 'TW', 'T7', 'GH', 'BL', NULL, 'YES', NULL),
(271, '85', 'Crit', 'R-T', 'Test', 'OML', 'OMFN', 'Nicole Comstock/Heather Beran', 'Kevin Kassebaum', 'OM Financial Life Insurance Test Co.', 85, '1899-12-30 08:00:00', '1899-12-30 18:00:00', '1899-12-30 18:00:00', NULL, NULL, NULL, NULL, NULL, NULL, 'TV', 'TV', 'TV', 'TY', 'GH', 'BO', NULL, 'YES', 'LCB015/LSN684'),
(272, '86', 'Crit', 'R-T', 'Test', 'FGL', 'OMFN', 'Nicole Comstock/Heather Beran', 'Kevin Kassebaum', 'F&G Conversion-86', 86, '1899-12-30 08:00:00', '1899-12-30 18:00:00', '1899-12-30 18:00:00', NULL, NULL, NULL, NULL, NULL, NULL, 'TZ', 'TZ', 'TZ', 'TY', 'GH', 'BI', NULL, 'YES', 'LCB014/LSN684'),
(273, '87', 'Crit', 'R-T', 'Test', 'FST', 'Five Star', 'Tom Groves', 'Matthew Hatterman', '5 Star Life Insurance Test Co', 87, '1899-12-30 08:00:00', '1899-12-30 18:00:00', '1899-12-30 18:00:00', NULL, NULL, NULL, NULL, NULL, NULL, 'TE', 'TE', 'TE', 'T7', 'GH', 'AG', NULL, 'YES', NULL),
(274, '88', 'Crit', 'n/a', 'Production', 'FBL', 'Smart', 'Rhema Harrah', 'Pat Wells', 'Fidelty Bankers Life', 88, NULL, NULL, '1899-12-30 20:30:00', NULL, NULL, NULL, NULL, NULL, NULL, 'NOT', 'AN', 'LSN', 'CO', NULL, 'PCU', 'RUNS', NULL, NULL),
(275, '89', 'Crit', 'R-T', 'Test', 'FNY', 'OMFN', 'Nicole Comstock/Heather Beran', 'Kevin Kassebaum', 'F&G Life of NY Test - 89', 89, '1899-12-30 08:00:00', '1899-12-30 18:00:00', '1899-12-30 18:00:00', NULL, NULL, NULL, NULL, NULL, NULL, 'TY', 'TY', 'TY', 'TY', 'GH', 'BN', NULL, 'YES', NULL),
(276, '8A', 'Available', NULL, NULL, NULL, NULL, NULL, NULL, 'Deinstalled on 6/2010', 801, NULL, NULL, NULL, NULL, NULL, NULL, NULL, NULL, NULL, NULL, NULL, NULL, NULL, NULL, NULL, NULL, NULL, NULL),
(277, '8B', 'Crit', 'R-T', 'Test', 'N/A', 'CWA', 'Peggy Kriha', 'Buzz Ames', 'Commonwealth Annuity and Life Test Co', 802, '1899-12-30 06:00:00', '1899-12-30 18:00:00', '1899-12-30 18:00:00', NULL, '2010-02-15 00:00:00', '2009-09-10 00:00:00', '2009-12-11 00:00:00', NULL, NULL, 'IH', 'VK', 'VK', 'TD', 'GH', 'EX', NULL, NULL, 'LCBM28/LSMM27'),
(278, '8C', 'Crit', 'R-T', 'Test', 'N/A', 'CWA', 'Peggy Kriha', 'Buzz Ames', 'Commonwealth Annuity and Life - NY Test Co', 803, '1899-12-30 06:00:00', '1899-12-30 18:00:00', '1899-12-30 18:00:00', NULL, '2010-02-15 00:00:00', '2009-10-07 00:00:00', '2009-12-11 00:00:00', NULL, NULL, 'IH', 'VK', 'VK', 'TD', 'GH', 'EY', NULL, NULL, 'LCBM28/LSMM27'),
(279, '8D', 'CNV Non-Crit', 'R-T', 'Test', NULL, NULL, NULL, NULL, 'CNV - Reserved for Ocean test company', 804, NULL, NULL, NULL, NULL, NULL, NULL, NULL, NULL, NULL, NULL, NULL, NULL, NULL, NULL, NULL, NULL, NULL, NULL),
(280, '8E', 'Available', NULL, NULL, NULL, NULL, NULL, NULL, NULL, 805, NULL, NULL, NULL, NULL, NULL, NULL, NULL, NULL, NULL, NULL, NULL, NULL, NULL, NULL, NULL, NULL, NULL, NULL),
(281, '8F', 'Crit', 'R-T', 'Test', 'CPP', 'GE', 'Tom Groves', 'Matthew Hatterman', 'GE Life Insurance Test Company', 806, '1899-12-30 08:00:00', '1899-12-30 18:00:00', '1899-12-30 18:00:00', NULL, NULL, NULL, NULL, NULL, NULL, 'GK', 'TK', 'TK', 'T7', 'GH', 'BW', NULL, NULL, NULL),
(282, '8G', 'Available', NULL, NULL, NULL, NULL, NULL, NULL, NULL, 807, NULL, NULL, NULL, NULL, NULL, NULL, NULL, NULL, NULL, NULL, NULL, NULL, NULL, NULL, NULL, NULL, NULL, NULL),
(283, '8H', 'Available', NULL, NULL, NULL, NULL, NULL, NULL, NULL, 808, NULL, NULL, NULL, NULL, NULL, NULL, NULL, NULL, NULL, NULL, NULL, NULL, NULL, NULL, NULL, NULL, NULL, NULL),
(284, '8I', 'Available', NULL, NULL, NULL, NULL, NULL, NULL, NULL, 809, NULL, NULL, NULL, NULL, NULL, NULL, NULL, NULL, NULL, NULL, NULL, NULL, NULL, NULL, NULL, NULL, NULL, NULL),
(285, '8J', 'Available', NULL, NULL, NULL, NULL, NULL, NULL, NULL, 810, NULL, NULL, NULL, NULL, NULL, NULL, NULL, NULL, NULL, NULL, NULL, NULL, NULL, NULL, NULL, NULL, NULL, NULL),
(286, '8K', 'Available', NULL, NULL, NULL, NULL, NULL, NULL, NULL, 811, NULL, NULL, NULL, NULL, NULL, NULL, NULL, NULL, NULL, NULL, NULL, NULL, NULL, NULL, NULL, NULL, NULL, NULL),
(287, '8L', 'Available', NULL, NULL, NULL, NULL, NULL, NULL, NULL, 812, NULL, NULL, NULL, NULL, NULL, NULL, NULL, NULL, NULL, NULL, NULL, NULL, NULL, NULL, NULL, NULL, NULL, NULL),
(288, '8M', 'Available', NULL, NULL, NULL, NULL, NULL, NULL, NULL, 813, NULL, NULL, NULL, NULL, NULL, NULL, NULL, NULL, NULL, NULL, NULL, NULL, NULL, NULL, NULL, NULL, NULL, NULL),
(289, '8N', 'Available', NULL, NULL, NULL, NULL, NULL, NULL, NULL, 814, NULL, NULL, NULL, NULL, NULL, NULL, NULL, NULL, NULL, NULL, NULL, NULL, NULL, NULL, NULL, NULL, NULL, NULL),
(290, '8O', 'Available', NULL, NULL, NULL, NULL, NULL, NULL, NULL, 815, NULL, NULL, NULL, NULL, NULL, NULL, NULL, NULL, NULL, NULL, NULL, NULL, NULL, NULL, NULL, NULL, NULL, NULL),
(291, '8P', 'CNV Non-Crit', 'R-T', 'Test', 'FML', 'CWA', 'Peggy Kriha', 'Buzz Ames', 'CNV - Commonwealth Annuity and Life Ins - Test Co', 816, NULL, NULL, '1899-12-30 18:00:00', NULL, '2011-04-30 00:00:00', '2010-08-06 00:00:00', '2010-11-16 00:00:00', '12/8/2010', NULL, 'IH', 'VN', 'VN', 'TD', 'GH', 'XX', NULL, NULL, NULL),
(292, '8Q', 'Crit', 'R-T', 'Test', 'AEL', 'CWA', 'Peggy Kriha', 'Buzz Ames', 'Union Bankers - test company', 817, NULL, NULL, '1899-12-30 18:00:00', NULL, '2009-11-01 00:00:00', '2009-02-05 00:00:00', '2009-08-05 00:00:00', NULL, NULL, 'IH', 'VH', 'VH', 'TD', 'GH', 'DS', NULL, NULL, 'LCBN71/LSNN70, LCB057/LSNA02, LCBM03/LSMM02, LCBM28/LSMM27'),
(293, '8R', 'Crit', 'R-T', 'Test', 'GTR', 'CWA', 'Peggy Kriha', 'Buzz Ames', 'Reassure America Life Insurance Co - test company', 818, NULL, NULL, '1899-12-30 18:00:00', NULL, '2009-11-01 00:00:00', '2009-02-05 00:00:00', '2009-08-05 00:00:00', NULL, NULL, 'IH', 'VH', 'VH', 'TD', 'GH', 'DT', NULL, NULL, 'LCBN71/LSNN70, LCB057/LSNA02, LCBM03/LSMM02, LCBM28/LSMM27'),
(294, '8S', 'Crit', 'R-T', 'Test', 'WCL', 'CWA', 'Peggy Kriha', 'Buzz Ames', 'West Coast Life - test company', 819, NULL, NULL, '1899-12-30 18:00:00', NULL, '2009-11-01 00:00:00', '2009-02-05 00:00:00', '2009-08-05 00:00:00', NULL, NULL, 'IH', 'VH', 'VH', 'TD', 'GH', 'DU', NULL, NULL, 'LCBN71/LSNN70, LCBM95/LSMM97, LCB057/LSNA02, LCBM03/LSMM02, LCBM28/LSMM27'),
(295, '8T', 'Crit', 'R-T', 'Test', 'APL', 'CWA', 'Peggy Kriha', 'Buzz Ames', 'American Pioneer Life - test company', 820, NULL, NULL, '1899-12-30 18:00:00', NULL, '2009-11-01 00:00:00', '2009-02-27 00:00:00', '2009-03-27 00:00:00', NULL, NULL, 'IH', 'VH', 'VH', 'TD', 'GH', 'DV', NULL, NULL, 'LCBN71/LSNN70, LCBM95/LSMM97, LCB057/LSNA02, LCBM03/LSMM02, LCBM28/LSMM27'),
(296, '8U', 'Crit', 'R-T', 'Test', 'CTL', 'CWA', 'Peggy Kriha', 'Buzz Ames', 'Constitution Life - test company', 821, NULL, NULL, '1899-12-30 18:00:00', NULL, '2009-11-01 00:00:00', '2009-02-27 00:00:00', '2009-03-27 00:00:00', '9/23/2010', NULL, 'IH', 'VH', 'VH', 'TD', 'GH', 'DW', NULL, NULL, 'LCBN71/LSNN70, LCBM95/LSMM97, LCB057/LSNA02, LCBM03/LSMM02, LCBM28/LSMM27'),
(297, '8V', 'Crit', 'R-T', 'Test', 'MNL', 'CWA', 'Peggy Kriha', 'Buzz Ames', 'Marquette National Life - test company', 822, NULL, NULL, '1899-12-30 18:00:00', NULL, '2009-11-01 00:00:00', '2009-02-27 00:00:00', '2009-08-05 00:00:00', NULL, NULL, 'IH', 'VH', 'VH', 'TD', 'GH', 'DX', NULL, NULL, 'LCBN71/LSNN70, LCB057/LSNA02, LCBM03/LSMM02, LCBM28/LSMM27'),
(298, '8W', 'Crit', 'R-T', 'Test', 'APR', 'CWA', 'Peggy Kriha', 'Buzz Ames', 'American Progressive Life - test company', 823, NULL, NULL, '1899-12-30 18:00:00', NULL, '2009-11-01 00:00:00', '2009-02-27 00:00:00', '2009-03-27 00:00:00', NULL, NULL, 'IH', 'VH', 'VH', 'TD', 'GH', 'DY', NULL, NULL, 'LCBN71/LSNN70, LCBM95/LSMM97, LCB057/LSNA02, LCBM03/LSMM02, LCBM28/LSMM27'),
(299, '8X', 'Crit', 'R-T', 'Test', 'UBS', 'CWA', 'Peggy Kriha', 'Buzz Ames', 'Union Bankers - test company', 824, NULL, NULL, '1899-12-30 18:00:00', NULL, '2009-11-01 00:00:00', '2009-02-27 00:00:00', '2009-03-27 00:00:00', NULL, NULL, 'IH', 'VH', 'VH', 'TD', 'GH', 'DZ', NULL, NULL, 'LCBN71/LSNN70, LCBM95/LSMM97, LCB057/LSNA02, LCBM03/LSMM02, LCBM28/LSMM27'),
(300, '8Y', 'Crit', 'R-T', 'Test', 'PAL', 'CWA', 'Peggy Kriha', 'Buzz Ames', 'Pennsylvania Life - test company', 825, NULL, NULL, '1899-12-30 18:00:00', NULL, '2009-11-01 00:00:00', '2009-02-27 00:00:00', '2009-03-27 00:00:00', NULL, NULL, 'IH', 'VH', 'VH', 'TD', 'GH', 'EA', NULL, NULL, 'LCBN71/LSNN70, LCBM95/LSMM97, LCB057/LSNA02, LCBM03/LSMM02, LCBM28/LSMM27'),
(301, '8Z', 'Crit', 'R-T', 'Test', 'PDL', 'CWA', 'Peggy Kriha', 'Buzz Ames', 'Pyramid Life - test company', 826, NULL, NULL, '1899-12-30 18:00:00', NULL, '2009-11-01 00:00:00', '2009-02-27 00:00:00', '2009-03-27 00:00:00', NULL, NULL, 'IH', 'VH', 'VH', 'TD', 'GH', 'EB', NULL, NULL, 'LCBN71/LSNN70, LCBM95/LSMM97, LCB057/LSNA02, LCBM03/LSMM02, LCBM28/LSMM27'),
(302, '90', 'Crit', 'R-T', 'Test', 'MET', 'MET', 'Rhema Harrah', 'Buzz Ames', 'Met Life Test Company', 90, '1899-12-30 08:00:00', '1899-12-30 18:00:00', '1899-12-30 18:00:00', NULL, NULL, NULL, NULL, NULL, NULL, 'TS', 'GS', 'TS', 'T7', 'IA', 'BR', NULL, 'YES', NULL),
(303, '91', 'Crit', 'R-T', 'Test', 'CSS', 'TAG', NULL, NULL, 'TAG Test Company', 91, '1899-12-30 08:00:00', '1899-12-30 18:00:00', '1899-12-30 18:00:00', NULL, NULL, NULL, NULL, NULL, NULL, 'G1', 'T1', 'T1', 'T7', 'GH', 'AM', NULL, 'YES', NULL),
(304, '92', 'Crit', 'R-T', 'Test', 'SUN', 'SwissRe', 'Rhema Harrah', 'Pat Wells', 'Sun Life Financial - Test', 92, '1899-12-30 08:00:00', '1899-12-30 18:00:00', '1899-12-30 18:00:00', NULL, NULL, NULL, NULL, NULL, NULL, 'GC', 'GC', 'TC', 'TC', 'GH', NULL, 'SUN1', 'YES', NULL),
(305, '927', NULL, NULL, NULL, NULL, NULL, NULL, NULL, NULL, 927, NULL, NULL, NULL, NULL, NULL, NULL, NULL, NULL, NULL, NULL, NULL, NULL, NULL, NULL, NULL, NULL, NULL, NULL),
(306, '928', NULL, NULL, 'Billing', NULL, NULL, NULL, NULL, NULL, 928, NULL, NULL, NULL, NULL, NULL, NULL, NULL, NULL, NULL, NULL, NULL, NULL, NULL, NULL, NULL, NULL, NULL, NULL),
(307, '929', NULL, NULL, 'Billing', NULL, NULL, NULL, NULL, NULL, 929, NULL, NULL, NULL, NULL, NULL, NULL, NULL, NULL, NULL, NULL, NULL, NULL, NULL, NULL, NULL, NULL, NULL, NULL),
(308, '93', 'Crit', 'R-T', 'Test', 'ALZ', 'Allianz', NULL, 'Pat Wells', 'Allianz Test Company', 93, '1899-12-30 08:00:00', '1899-12-30 18:00:00', '1899-12-30 18:00:00', NULL, NULL, NULL, NULL, NULL, NULL, 'G9', 'G9', 'T9', 'T9', 'G9', NULL, 'ALZ93', 'YES', NULL),
(309, '930', NULL, NULL, 'Billing', NULL, NULL, NULL, NULL, NULL, 930, NULL, NULL, NULL, NULL, NULL, NULL, NULL, NULL, NULL, NULL, NULL, NULL, NULL, NULL, NULL, NULL, NULL, NULL),
(310, '931', NULL, NULL, 'Billing', NULL, NULL, NULL, NULL, NULL, 931, NULL, NULL, NULL, NULL, NULL, NULL, NULL, NULL, NULL, NULL, NULL, NULL, NULL, NULL, NULL, NULL, NULL, NULL),
(311, '932', NULL, NULL, 'Billing', NULL, NULL, NULL, NULL, NULL, 932, NULL, NULL, NULL, NULL, NULL, NULL, NULL, NULL, NULL, NULL, NULL, NULL, NULL, NULL, NULL, NULL, NULL, NULL),
(312, '933', NULL, NULL, 'Billing', NULL, NULL, NULL, NULL, NULL, 933, NULL, NULL, NULL, NULL, NULL, NULL, NULL, NULL, NULL, NULL, NULL, NULL, NULL, NULL, NULL, NULL, NULL, NULL),
(313, '934', NULL, NULL, 'Billing', NULL, NULL, NULL, NULL, NULL, 934, NULL, NULL, NULL, NULL, NULL, NULL, NULL, NULL, NULL, NULL, NULL, NULL, NULL, NULL, NULL, NULL, NULL, NULL),
(314, '935', NULL, NULL, 'Billing', NULL, NULL, NULL, NULL, NULL, 935, NULL, NULL, NULL, NULL, NULL, NULL, NULL, NULL, NULL, NULL, NULL, NULL, NULL, NULL, NULL, NULL, NULL, NULL),
(315, '936', NULL, NULL, 'Billing', NULL, NULL, NULL, NULL, NULL, 936, NULL, NULL, NULL, NULL, NULL, NULL, NULL, NULL, NULL, NULL, NULL, NULL, NULL, NULL, NULL, NULL, NULL, NULL),
(316, '937', NULL, NULL, 'Billing', NULL, NULL, NULL, NULL, NULL, 937, NULL, NULL, NULL, NULL, NULL, NULL, NULL, NULL, NULL, NULL, NULL, NULL, NULL, NULL, NULL, NULL, NULL, NULL),
(317, '938', NULL, NULL, 'Billing', NULL, NULL, NULL, NULL, NULL, 938, NULL, NULL, NULL, NULL, NULL, NULL, NULL, NULL, NULL, NULL, NULL, NULL, NULL, NULL, NULL, NULL, NULL, NULL),
(318, '939', NULL, NULL, 'Billing', NULL, NULL, NULL, NULL, NULL, 939, NULL, NULL, NULL, NULL, NULL, NULL, NULL, NULL, NULL, NULL, NULL, NULL, NULL, NULL, NULL, NULL, NULL, NULL),
(319, '94', 'Crit', 'R-T', 'Test', 'RSA', 'SwissRe', 'Rhema Harrah', 'Pat Wells', 'Swiss Re Test Company', 94, '1899-12-30 08:00:00', '1899-12-30 18:00:00', '1899-12-30 18:00:00', NULL, NULL, NULL, NULL, NULL, NULL, 'GN', 'TN', 'TN', 'TN', 'GH', 'BS', NULL, NULL, NULL),
(320, '940', NULL, NULL, 'Billing', NULL, NULL, NULL, NULL, NULL, 940, NULL, NULL, NULL, NULL, NULL, NULL, NULL, NULL, NULL, NULL, NULL, NULL, NULL, NULL, NULL, NULL, NULL, NULL),
(321, '941', NULL, NULL, 'Billing', NULL, NULL, NULL, NULL, NULL, 941, NULL, NULL, NULL, NULL, NULL, NULL, NULL, NULL, NULL, NULL, NULL, NULL, NULL, NULL, NULL, NULL, NULL, NULL),
(322, '942', NULL, NULL, 'Billing', NULL, NULL, NULL, NULL, NULL, 942, NULL, NULL, NULL, NULL, NULL, NULL, NULL, NULL, NULL, NULL, NULL, NULL, NULL, NULL, NULL, NULL, NULL, NULL),
(323, '943', NULL, NULL, 'Billing', NULL, NULL, NULL, NULL, NULL, 943, NULL, NULL, NULL, NULL, NULL, NULL, NULL, NULL, NULL, NULL, NULL, NULL, NULL, NULL, NULL, NULL, NULL, NULL),
(324, '944', NULL, NULL, 'Billing', NULL, NULL, NULL, NULL, NULL, 944, NULL, NULL, NULL, NULL, NULL, NULL, NULL, NULL, NULL, NULL, NULL, NULL, NULL, NULL, NULL, NULL, NULL, NULL),
(325, '945', NULL, NULL, 'Billing', NULL, NULL, NULL, NULL, NULL, 945, NULL, NULL, NULL, NULL, NULL, NULL, NULL, NULL, NULL, NULL, NULL, NULL, NULL, NULL, NULL, NULL, NULL, NULL),
(326, '946', NULL, NULL, 'Billing', NULL, NULL, NULL, NULL, NULL, 946, NULL, NULL, NULL, NULL, NULL, NULL, NULL, NULL, NULL, NULL, NULL, NULL, NULL, NULL, NULL, NULL, NULL, NULL),
(327, '947', NULL, NULL, 'Billing', NULL, NULL, NULL, NULL, NULL, 947, NULL, NULL, NULL, NULL, NULL, NULL, NULL, NULL, NULL, NULL, NULL, NULL, NULL, NULL, NULL, NULL, NULL, NULL),
(328, '948', NULL, NULL, 'Billing', NULL, NULL, NULL, NULL, NULL, 948, NULL, NULL, NULL, NULL, NULL, NULL, NULL, NULL, NULL, NULL, NULL, NULL, NULL, NULL, NULL, NULL, NULL, NULL),
(329, '949', NULL, NULL, 'Billing', NULL, NULL, NULL, NULL, NULL, 949, NULL, NULL, NULL, NULL, NULL, NULL, NULL, NULL, NULL, NULL, NULL, NULL, NULL, NULL, NULL, NULL, NULL, NULL),
(330, '95', 'Crit', 'R-T', 'Test', 'LFG', 'LFG', 'Nicole Comstock', 'Amber Brethouwer', 'Lincoln Financial Group Test Co', 95, '1899-12-30 08:00:00', '1899-12-30 18:00:00', '1899-12-30 18:00:00', NULL, NULL, NULL, NULL, NULL, NULL, 'GM', 'TM', 'TM', 'T7', 'GH', 'BQ', NULL, NULL, 'LCB022/LSN736'),
(331, '950', NULL, NULL, 'Billing', NULL, NULL, NULL, NULL, NULL, 950, NULL, NULL, NULL, NULL, NULL, NULL, NULL, NULL, NULL, NULL, NULL, NULL, NULL, NULL, NULL, NULL, NULL, NULL),
(332, '951', NULL, NULL, 'Billing', NULL, NULL, NULL, NULL, NULL, 951, NULL, NULL, NULL, NULL, NULL, NULL, NULL, NULL, NULL, NULL, NULL, NULL, NULL, NULL, NULL, NULL, NULL, NULL),
(333, '952', NULL, NULL, 'Billing', NULL, NULL, NULL, NULL, NULL, 952, NULL, NULL, NULL, NULL, NULL, NULL, NULL, NULL, NULL, NULL, NULL, NULL, NULL, NULL, NULL, NULL, NULL, NULL),
(334, '953', NULL, NULL, 'Billing', NULL, NULL, NULL, NULL, NULL, 953, NULL, NULL, NULL, NULL, NULL, NULL, NULL, NULL, NULL, NULL, NULL, NULL, NULL, NULL, NULL, NULL, NULL, NULL),
(335, '954', NULL, NULL, 'Billing', NULL, NULL, NULL, NULL, NULL, 954, NULL, NULL, NULL, NULL, NULL, NULL, NULL, NULL, NULL, NULL, NULL, NULL, NULL, NULL, NULL, NULL, NULL, NULL),
(336, '955', NULL, NULL, 'Billing', NULL, NULL, NULL, NULL, NULL, 955, NULL, NULL, NULL, NULL, NULL, NULL, NULL, NULL, NULL, NULL, NULL, NULL, NULL, NULL, NULL, NULL, NULL, NULL),
(337, '956', NULL, NULL, 'Billing', NULL, NULL, NULL, NULL, NULL, 956, NULL, NULL, NULL, NULL, NULL, NULL, NULL, NULL, NULL, NULL, NULL, NULL, NULL, NULL, NULL, NULL, NULL, NULL),
(338, '957', NULL, NULL, 'Billing', NULL, NULL, NULL, NULL, NULL, 957, NULL, NULL, NULL, NULL, NULL, NULL, NULL, NULL, NULL, NULL, NULL, NULL, NULL, NULL, NULL, NULL, NULL, NULL),
(339, '958', NULL, NULL, 'Billing', NULL, NULL, NULL, NULL, NULL, 958, NULL, NULL, NULL, NULL, NULL, NULL, NULL, NULL, NULL, NULL, NULL, NULL, NULL, NULL, NULL, NULL, NULL, NULL),
(340, '959', NULL, NULL, 'Billing', NULL, NULL, NULL, NULL, NULL, 959, NULL, NULL, NULL, NULL, NULL, NULL, NULL, NULL, NULL, NULL, NULL, NULL, NULL, NULL, NULL, NULL, NULL, NULL),
(341, '96', 'Crit', 'R-T', 'Test', 'TPI', 'Sun Life', 'Tom Groves', 'Susan Olson', 'PIC Test Company', 96, '1899-12-30 08:00:00', '1899-12-30 18:00:00', '1899-12-30 18:00:00', NULL, NULL, NULL, NULL, NULL, NULL, 'GR', 'TR', 'TR', 'T7', 'GH', 'BT', NULL, 'YES', NULL),
(342, '960', NULL, NULL, 'Billing', NULL, NULL, NULL, NULL, NULL, 960, NULL, NULL, NULL, NULL, NULL, NULL, NULL, NULL, NULL, NULL, NULL, NULL, NULL, NULL, NULL, NULL, NULL, NULL),
(343, '961', NULL, NULL, 'Billing', NULL, NULL, NULL, NULL, NULL, 961, NULL, NULL, NULL, NULL, NULL, NULL, NULL, NULL, NULL, NULL, NULL, NULL, NULL, NULL, NULL, NULL, NULL, NULL),
(344, '962', NULL, NULL, 'Billing', NULL, NULL, NULL, NULL, NULL, 962, NULL, NULL, NULL, NULL, NULL, NULL, NULL, NULL, NULL, NULL, NULL, NULL, NULL, NULL, NULL, NULL, NULL, NULL),
(345, '963', NULL, NULL, 'Billing', NULL, NULL, NULL, NULL, NULL, 963, NULL, NULL, NULL, NULL, NULL, NULL, NULL, NULL, NULL, NULL, NULL, NULL, NULL, NULL, NULL, NULL, NULL, NULL),
(346, '964', NULL, NULL, 'Billing', NULL, NULL, NULL, NULL, NULL, 964, NULL, NULL, NULL, NULL, NULL, NULL, NULL, NULL, NULL, NULL, NULL, NULL, NULL, NULL, NULL, NULL, NULL, NULL),
(347, '965', NULL, NULL, 'Billing', NULL, NULL, NULL, NULL, NULL, 965, NULL, NULL, NULL, NULL, NULL, NULL, NULL, NULL, NULL, NULL, NULL, NULL, NULL, NULL, NULL, NULL, NULL, NULL),
(348, '966', NULL, NULL, 'Billing', NULL, NULL, NULL, NULL, NULL, 966, NULL, NULL, NULL, NULL, NULL, NULL, NULL, NULL, NULL, NULL, NULL, NULL, NULL, NULL, NULL, NULL, NULL, NULL),
(349, '967', NULL, NULL, 'Billing', NULL, NULL, NULL, NULL, NULL, 967, NULL, NULL, NULL, NULL, NULL, NULL, NULL, NULL, NULL, NULL, NULL, NULL, NULL, NULL, NULL, NULL, NULL, NULL),
(350, '968', NULL, NULL, 'Billing', NULL, NULL, NULL, NULL, NULL, 968, NULL, NULL, NULL, NULL, NULL, NULL, NULL, NULL, NULL, NULL, NULL, NULL, NULL, NULL, NULL, NULL, NULL, NULL),
(351, '969', NULL, NULL, 'Billing', NULL, NULL, NULL, NULL, NULL, 969, NULL, NULL, NULL, NULL, NULL, NULL, NULL, NULL, NULL, NULL, NULL, NULL, NULL, NULL, NULL, NULL, NULL, NULL),
(352, '97', 'Crit', 'P-2', 'Production', 'CSS', 'TAG', NULL, NULL, 'Test Company Base', 97, '1899-12-30 08:00:00', '1899-12-30 18:00:00', '1899-12-30 18:00:00', NULL, NULL, NULL, NULL, NULL, NULL, 'G1', 'G1', 'G1', 'G7', 'GH', NULL, NULL, 'YES', NULL),
(353, '970', NULL, NULL, 'Billing', NULL, NULL, NULL, NULL, NULL, 970, NULL, NULL, NULL, NULL, NULL, NULL, NULL, NULL, NULL, NULL, NULL, NULL, NULL, NULL, NULL, NULL, NULL, NULL),
(354, '971', NULL, NULL, 'Billing', NULL, NULL, NULL, NULL, NULL, 971, NULL, NULL, NULL, NULL, NULL, NULL, NULL, NULL, NULL, NULL, NULL, NULL, NULL, NULL, NULL, NULL, NULL, NULL),
(355, '972', NULL, NULL, 'Billing', NULL, NULL, NULL, NULL, NULL, 972, NULL, NULL, NULL, NULL, NULL, NULL, NULL, NULL, NULL, NULL, NULL, NULL, NULL, NULL, NULL, NULL, NULL, NULL),
(356, '973', NULL, NULL, 'Billing', NULL, NULL, NULL, NULL, NULL, 973, NULL, NULL, NULL, NULL, NULL, NULL, NULL, NULL, NULL, NULL, NULL, NULL, NULL, NULL, NULL, NULL, NULL, NULL),
(357, '974', NULL, NULL, 'Billing', NULL, NULL, NULL, NULL, NULL, 974, NULL, NULL, NULL, NULL, NULL, NULL, NULL, NULL, NULL, NULL, NULL, NULL, NULL, NULL, NULL, NULL, NULL, NULL),
(358, '975', NULL, NULL, 'Billing', NULL, NULL, NULL, NULL, NULL, 975, NULL, NULL, NULL, NULL, NULL, NULL, NULL, NULL, NULL, NULL, NULL, NULL, NULL, NULL, NULL, NULL, NULL, NULL),
(359, '976', NULL, NULL, 'Billing', NULL, NULL, NULL, NULL, NULL, 976, NULL, NULL, NULL, NULL, NULL, NULL, NULL, NULL, NULL, NULL, NULL, NULL, NULL, NULL, NULL, NULL, NULL, NULL),
(360, '977', NULL, NULL, 'Billing', NULL, NULL, NULL, NULL, NULL, 977, NULL, NULL, NULL, NULL, NULL, NULL, NULL, NULL, NULL, NULL, NULL, NULL, NULL, NULL, NULL, NULL, NULL, NULL),
(361, '978', NULL, NULL, 'Billing', NULL, NULL, NULL, NULL, NULL, 978, NULL, NULL, NULL, NULL, NULL, NULL, NULL, NULL, NULL, NULL, NULL, NULL, NULL, NULL, NULL, NULL, NULL, NULL),
(362, '979', NULL, NULL, 'Billing', NULL, NULL, NULL, NULL, NULL, 979, NULL, NULL, NULL, NULL, NULL, NULL, NULL, NULL, NULL, NULL, NULL, NULL, NULL, NULL, NULL, NULL, NULL, NULL),
(363, '98', 'Crit', 'P-2', 'Production', 'CSS', 'TAG', NULL, NULL, 'CSS Demo Co', 98, '1899-12-30 08:00:00', '1899-12-30 18:00:00', '1899-12-30 18:00:00', NULL, NULL, NULL, NULL, NULL, NULL, 'G1', 'G1', 'G1', 'G7', 'GH', NULL, NULL, 'YES', NULL),
(364, '980', NULL, NULL, 'Billing', NULL, NULL, NULL, NULL, NULL, 980, NULL, NULL, NULL, NULL, NULL, NULL, NULL, NULL, NULL, NULL, NULL, NULL, NULL, NULL, NULL, NULL, NULL, NULL),
(365, '981', NULL, NULL, 'Billing', NULL, NULL, NULL, NULL, NULL, 981, NULL, NULL, NULL, NULL, NULL, NULL, NULL, NULL, NULL, NULL, NULL, NULL, NULL, NULL, NULL, NULL, NULL, NULL),
(366, '982', NULL, NULL, 'Billing', NULL, NULL, NULL, NULL, NULL, 982, NULL, NULL, NULL, NULL, NULL, NULL, NULL, NULL, NULL, NULL, NULL, NULL, NULL, NULL, NULL, NULL, NULL, NULL),
(367, '983', NULL, NULL, 'Billing', NULL, NULL, NULL, NULL, NULL, 983, NULL, NULL, NULL, NULL, NULL, NULL, NULL, NULL, NULL, NULL, NULL, NULL, NULL, NULL, NULL, NULL, NULL, NULL),
(368, '984', NULL, NULL, 'Billing', NULL, NULL, NULL, NULL, NULL, 984, NULL, NULL, NULL, NULL, NULL, NULL, NULL, NULL, NULL, NULL, NULL, NULL, NULL, NULL, NULL, NULL, NULL, NULL),
(369, '985', NULL, NULL, 'Billing', NULL, 'LFG', 'Nicole Comstock', 'Amber Brethouwer', 'LFG-Indexing/Coding', 985, NULL, NULL, '1899-12-30 18:00:00', NULL, '2010-04-05 00:00:00', NULL, NULL, NULL, NULL, NULL, NULL, NULL, NULL, NULL, NULL, NULL, NULL, NULL),
(370, '986', NULL, NULL, 'Billing', NULL, NULL, NULL, NULL, NULL, 986, NULL, NULL, NULL, NULL, NULL, NULL, NULL, NULL, NULL, NULL, NULL, NULL, NULL, NULL, NULL, NULL, NULL, NULL),
(371, '987', NULL, NULL, 'Billing', NULL, NULL, NULL, NULL, NULL, 987, NULL, NULL, NULL, NULL, NULL, NULL, NULL, NULL, NULL, NULL, NULL, NULL, NULL, NULL, NULL, NULL, NULL, NULL),
(372, '988', NULL, NULL, 'Billing', NULL, NULL, NULL, NULL, NULL, 988, NULL, NULL, NULL, NULL, NULL, NULL, NULL, NULL, NULL, NULL, NULL, NULL, NULL, NULL, NULL, NULL, NULL, NULL),
(373, '989', NULL, NULL, 'Billing', NULL, NULL, NULL, NULL, NULL, 989, NULL, NULL, NULL, NULL, NULL, NULL, NULL, NULL, NULL, NULL, NULL, NULL, NULL, NULL, NULL, NULL, NULL, NULL),
(374, '99', 'Crit', 'R-T', 'Test', 'CSS', 'TAG', NULL, NULL, 'CSS Test Co', 99, '1899-12-30 08:00:00', '1899-12-30 18:00:00', '1899-12-30 18:00:00', NULL, NULL, NULL, NULL, NULL, NULL, 'G1', 'T1', 'T1', 'T7', 'GH', 'AM', NULL, 'YES', NULL),
(375, '990', NULL, NULL, 'Billing', NULL, NULL, NULL, NULL, NULL, 990, NULL, NULL, NULL, NULL, NULL, NULL, NULL, NULL, NULL, NULL, NULL, NULL, NULL, NULL, NULL, NULL, NULL, NULL),
(376, '991', NULL, NULL, 'Billing', NULL, NULL, NULL, NULL, NULL, 991, NULL, NULL, NULL, NULL, NULL, NULL, NULL, NULL, NULL, NULL, NULL, NULL, NULL, NULL, NULL, NULL, NULL, NULL),
(377, '992', NULL, NULL, 'Billing', NULL, NULL, NULL, NULL, NULL, 992, NULL, NULL, NULL, NULL, NULL, NULL, NULL, NULL, NULL, NULL, NULL, NULL, NULL, NULL, NULL, NULL, NULL, NULL),
(378, '993', NULL, NULL, 'Billing', NULL, NULL, NULL, NULL, NULL, 993, NULL, NULL, NULL, NULL, NULL, NULL, NULL, NULL, NULL, NULL, NULL, NULL, NULL, NULL, NULL, NULL, NULL, NULL),
(379, '994', NULL, NULL, 'Billing', NULL, NULL, NULL, NULL, NULL, 994, NULL, NULL, NULL, NULL, NULL, NULL, NULL, NULL, NULL, NULL, NULL, NULL, NULL, NULL, NULL, NULL, NULL, NULL),
(380, '995', NULL, NULL, 'Billing', NULL, NULL, NULL, NULL, NULL, 995, NULL, NULL, NULL, NULL, NULL, NULL, NULL, NULL, NULL, NULL, NULL, NULL, NULL, NULL, NULL, NULL, NULL, NULL),
(381, '996', NULL, NULL, 'Billing', NULL, NULL, NULL, NULL, NULL, 996, NULL, NULL, NULL, NULL, NULL, NULL, NULL, NULL, NULL, NULL, NULL, NULL, NULL, NULL, NULL, NULL, NULL, NULL),
(382, '997', NULL, NULL, 'Billing', NULL, NULL, NULL, NULL, NULL, 997, NULL, NULL, NULL, NULL, NULL, NULL, NULL, NULL, NULL, NULL, NULL, NULL, NULL, NULL, NULL, NULL, NULL, NULL),
(383, '998', NULL, NULL, 'Production', NULL, NULL, 'Peggy Kriha', 'Susan Olson', 'Whitten & Associates Combined Bill', 998, NULL, NULL, NULL, NULL, '2010-03-09 00:00:00', NULL, NULL, NULL, NULL, NULL, NULL, NULL, NULL, NULL, NULL, NULL, NULL, NULL),
(384, '999', NULL, NULL, 'Production', NULL, NULL, 'Jason Dohmen', 'Mike Beran', 'Perot AP production company', 999, NULL, NULL, NULL, NULL, '2010-03-09 00:00:00', NULL, NULL, NULL, NULL, NULL, NULL, NULL, NULL, NULL, NULL, NULL, NULL, NULL),
(385, '9A', 'Crit', 'R-T', 'Test', 'LFG', 'LFG', 'Nicole Comstock', 'Amber Brethouwer', 'Lincoln Financial Group Test Co (ALIS)', 901, '1899-12-30 08:00:00', '1899-12-30 18:00:00', '1899-12-30 18:00:00', NULL, '2007-11-01 00:00:00', '2006-11-14 00:00:00', '2007-01-29 00:00:00', NULL, NULL, 'GM', 'TM', 'TM', 'T7', 'GH', 'BQ', NULL, NULL, 'LCB022/LSN736'),
(386, '9B', 'Crit', 'R-T', 'Test', 'LFG', 'LFG', 'Nicole Comstock', 'Amber Brethouwer', 'Lincoln Financial Group Test co (UL/ISWL)', 902, '1899-12-30 08:00:00', '1899-12-30 18:00:00', '1899-12-30 18:00:00', NULL, '2008-05-01 00:00:00', '2007-02-16 00:00:00', '2007-05-14 00:00:00', NULL, NULL, 'GM', 'VB', 'VB', 'T7', 'GH', 'BQ', NULL, NULL, 'LCB022/LSN736'),
(387, '9C', 'Available', NULL, NULL, NULL, NULL, NULL, NULL, 'deinstalled on 07/02/2010', 903, NULL, NULL, NULL, NULL, NULL, NULL, NULL, NULL, NULL, NULL, NULL, NULL, NULL, NULL, NULL, NULL, NULL, NULL),
(388, '9D', 'Available', NULL, NULL, NULL, NULL, NULL, NULL, NULL, 904, NULL, NULL, NULL, NULL, NULL, NULL, NULL, NULL, NULL, NULL, NULL, NULL, NULL, NULL, NULL, NULL, NULL, NULL),
(389, '9E', 'Available', NULL, NULL, NULL, NULL, NULL, NULL, NULL, 905, NULL, NULL, NULL, NULL, NULL, NULL, NULL, NULL, NULL, NULL, NULL, NULL, NULL, NULL, NULL, NULL, NULL, NULL),
(390, '9F', 'Available', NULL, NULL, NULL, NULL, NULL, NULL, NULL, 906, NULL, NULL, NULL, NULL, NULL, NULL, NULL, NULL, NULL, NULL, NULL, NULL, NULL, NULL, NULL, NULL, NULL, NULL),
(391, '9G', 'Available', NULL, NULL, NULL, NULL, NULL, NULL, NULL, 907, NULL, NULL, NULL, NULL, NULL, NULL, NULL, NULL, NULL, NULL, NULL, NULL, NULL, NULL, NULL, NULL, NULL, NULL),
(392, '9H', 'Available', NULL, NULL, NULL, NULL, NULL, NULL, NULL, 908, NULL, NULL, NULL, NULL, NULL, NULL, NULL, NULL, NULL, NULL, NULL, NULL, NULL, NULL, NULL, NULL, NULL, NULL),
(393, '9I', 'Available', NULL, NULL, NULL, NULL, NULL, NULL, NULL, 909, NULL, NULL, NULL, NULL, NULL, NULL, NULL, NULL, NULL, NULL, NULL, NULL, NULL, NULL, NULL, NULL, NULL, NULL),
(394, '9J', 'Available', NULL, NULL, NULL, NULL, NULL, NULL, NULL, 910, NULL, NULL, NULL, NULL, NULL, NULL, NULL, NULL, NULL, NULL, NULL, NULL, NULL, NULL, NULL, NULL, NULL, NULL),
(395, '9K', 'Crit', 'R-T', 'Test', 'RSA', 'SwissRe', 'Rhema Harrah', 'Pat Wells', 'Reassure America Life Ins. Test Co.', 911, '1899-12-30 08:00:00', '1899-12-30 18:00:00', '1899-12-30 18:00:00', NULL, NULL, NULL, NULL, NULL, NULL, 'GP', 'T4', 'T4', 'TN', 'GH', 'CC', NULL, NULL, NULL),
(396, '9L', 'Available', NULL, NULL, NULL, NULL, NULL, NULL, NULL, 912, NULL, NULL, NULL, NULL, NULL, NULL, NULL, NULL, NULL, NULL, NULL, NULL, NULL, NULL, NULL, NULL, NULL, NULL),
(397, '9M', 'Available', NULL, NULL, NULL, NULL, NULL, NULL, NULL, 913, NULL, NULL, NULL, NULL, NULL, NULL, NULL, NULL, NULL, NULL, NULL, NULL, NULL, NULL, NULL, NULL, NULL, NULL),
(398, '9N', 'Available', NULL, NULL, NULL, NULL, NULL, NULL, NULL, 914, NULL, NULL, NULL, NULL, NULL, NULL, NULL, NULL, NULL, NULL, NULL, NULL, NULL, NULL, NULL, NULL, NULL, NULL),
(399, '9O', 'Available', NULL, NULL, NULL, NULL, NULL, NULL, NULL, 915, NULL, NULL, NULL, NULL, NULL, NULL, NULL, NULL, NULL, NULL, NULL, NULL, NULL, NULL, NULL, NULL, NULL, NULL),
(400, '9P', 'Available', NULL, NULL, NULL, NULL, NULL, NULL, NULL, 916, NULL, NULL, NULL, NULL, NULL, NULL, NULL, NULL, NULL, NULL, NULL, NULL, NULL, NULL, NULL, NULL, NULL, NULL),
(401, '9Q', 'Available', NULL, NULL, NULL, NULL, NULL, NULL, NULL, 917, NULL, NULL, NULL, NULL, NULL, NULL, NULL, NULL, NULL, NULL, NULL, NULL, NULL, NULL, NULL, NULL, NULL, NULL),
(402, '9R', 'Available', NULL, NULL, NULL, NULL, NULL, NULL, NULL, 918, NULL, NULL, NULL, NULL, NULL, NULL, NULL, NULL, NULL, NULL, NULL, NULL, NULL, NULL, NULL, NULL, NULL, NULL),
(403, '9S', 'Available', NULL, NULL, NULL, NULL, NULL, NULL, NULL, 919, NULL, NULL, NULL, NULL, NULL, NULL, NULL, NULL, NULL, NULL, NULL, NULL, NULL, NULL, NULL, NULL, NULL, NULL),
(404, '9T', 'Available', NULL, NULL, NULL, NULL, NULL, NULL, NULL, 920, NULL, NULL, NULL, NULL, NULL, NULL, NULL, NULL, NULL, NULL, NULL, NULL, NULL, NULL, NULL, NULL, NULL, NULL),
(405, '9U', 'Available', NULL, NULL, NULL, NULL, NULL, NULL, NULL, 921, NULL, NULL, NULL, NULL, NULL, NULL, NULL, NULL, NULL, NULL, NULL, NULL, NULL, NULL, NULL, NULL, NULL, NULL),
(406, '9V', 'Available', NULL, NULL, NULL, NULL, NULL, NULL, 'De-Installed 03-04-10', 922, NULL, NULL, NULL, NULL, NULL, NULL, NULL, NULL, NULL, NULL, NULL, NULL, NULL, NULL, NULL, NULL, NULL, NULL),
(407, '9W', 'Available', NULL, NULL, NULL, NULL, NULL, NULL, NULL, 923, NULL, NULL, NULL, NULL, NULL, NULL, NULL, NULL, NULL, NULL, NULL, NULL, NULL, NULL, NULL, NULL, NULL, NULL),
(408, '9X', 'Available', NULL, NULL, NULL, NULL, NULL, NULL, NULL, 924, NULL, NULL, NULL, NULL, NULL, NULL, NULL, NULL, NULL, NULL, NULL, NULL, NULL, NULL, NULL, NULL, NULL, NULL),
(409, '9Y', 'Available', NULL, NULL, NULL, NULL, NULL, NULL, 'De-Installed 11-26-08', 925, NULL, NULL, NULL, NULL, NULL, NULL, NULL, NULL, NULL, NULL, NULL, NULL, NULL, NULL, NULL, NULL, NULL, NULL),
(410, '9Z', 'Available', NULL, NULL, NULL, NULL, NULL, NULL, 'Lincoln Financial Group - De-installed on 4-08-2008', 926, NULL, NULL, NULL, NULL, NULL, NULL, NULL, NULL, NULL, NULL, NULL, NULL, NULL, NULL, NULL, NULL, NULL, NULL),
(411, 'N/A', 'N/A', 'N/A', 'Billing', 'N/A', 'Tort Claims', 'Rhema Harrah', 'Pat Wells', 'Tort Claims - Watts - Zyprexa - Non-LifeSys', 649, NULL, NULL, NULL, NULL, NULL, NULL, NULL, NULL, NULL, NULL, NULL, NULL, NULL, NULL, NULL, NULL, NULL, NULL),
(412, 'N/A', 'Available', 'N/A', 'Billing', 'N/A', 'Tort Claims', 'Rhema Harrah', 'Pat Wells', 'Tort Claims -', 650, NULL, NULL, NULL, NULL, NULL, NULL, NULL, NULL, NULL, NULL, NULL, NULL, NULL, NULL, NULL, NULL, NULL, NULL),
(413, 'N/A', 'Available', 'N/A', 'Billing', 'N/A', 'Tort Claims', 'Rhema Harrah', 'Pat Wells', 'Tort Claims -', 651, NULL, NULL, NULL, NULL, NULL, NULL, NULL, NULL, NULL, NULL, NULL, NULL, NULL, NULL, NULL, NULL, NULL, NULL),
(414, 'N/A', 'Available', 'N/A', 'Billing', 'N/A', 'Tort Claims', 'Rhema Harrah', 'Pat Wells', 'Tort Claims -', 652, NULL, NULL, NULL, NULL, NULL, NULL, NULL, NULL, NULL, NULL, NULL, NULL, NULL, NULL, NULL, NULL, NULL, NULL),
(415, 'N/A', 'N/A', 'N/A', 'Billing', 'N/A', 'Tort Claims', 'Rhema Harrah', 'Pat Wells', 'Tort Claims - LSKG - Zyprexa - Non-LifeSys', 653, NULL, NULL, NULL, NULL, NULL, NULL, NULL, NULL, NULL, NULL, NULL, NULL, NULL, NULL, NULL, NULL, NULL, NULL),
(416, 'N/A', 'N/A', 'N/A', 'Billing', 'N/A', 'Tort Claims', 'Rhema Harrah', 'Pat Wells', 'Tort Claims - HGD - Zyprexa - Non-LifeSys', 654, NULL, NULL, NULL, NULL, NULL, NULL, NULL, NULL, NULL, NULL, NULL, NULL, NULL, NULL, NULL, NULL, NULL, NULL),
(417, 'N/A', 'N/A', 'N/A', 'Billing', 'N/A', 'Tort Claims', 'Rhema Harrah', 'Pat Wells', 'Tort Claims - AWS - Zyprexa - Non-LifeSys', 655, NULL, NULL, NULL, NULL, NULL, NULL, NULL, NULL, NULL, NULL, NULL, NULL, NULL, NULL, NULL, NULL, NULL, NULL),
(418, 'N/A', 'N/A', 'N/A', 'Billing', 'N/A', 'Tort Claims', 'Rhema Harrah', 'Pat Wells', 'Tort Claims - LLF - Zyprexa - Non-LifeSys', 656, NULL, NULL, NULL, NULL, NULL, NULL, NULL, NULL, NULL, NULL, NULL, NULL, NULL, NULL, NULL, NULL, NULL, NULL),
(419, 'N/A', 'N/A', 'N/A', 'Billing', 'N/A', 'Tort Claims', 'Rhema Harrah', 'Pat Wells', 'Tort Claims - WDK - Zyprexa - Non-LifeSys', 657, NULL, NULL, NULL, NULL, NULL, NULL, NULL, NULL, NULL, NULL, NULL, NULL, NULL, NULL, NULL, NULL, NULL, NULL),
(420, 'N/A', 'N/A', 'N/A', 'Billing', 'N/A', 'Tort Claims', 'Rhema Harrah', 'Pat Wells', 'Tort Claims - BPB - Zyprexa - Non-LifeSys', 658, NULL, NULL, NULL, NULL, NULL, NULL, NULL, NULL, NULL, NULL, NULL, NULL, NULL, NULL, NULL, NULL, NULL, NULL),
(421, 'N/A', 'N/A', 'N/A', 'Billing', 'N/A', 'Tort Claims', 'Rhema Harrah', 'Pat Wells', 'Tort Claims - SC - Zyprexa - Non-LifeSys', 659, NULL, NULL, NULL, NULL, NULL, NULL, NULL, NULL, NULL, NULL, NULL, NULL, NULL, NULL, NULL, NULL, NULL, NULL),
(422, 'N/A', 'N/A', 'N/A', 'Billing', 'N/A', 'Tort Claims', 'Rhema Harrah', 'Pat Wells', 'Tort Claims - RPWB - Zyprexa - Non-LifeSys', 660, NULL, NULL, NULL, NULL, NULL, NULL, NULL, NULL, NULL, NULL, NULL, NULL, NULL, NULL, NULL, NULL, NULL, NULL),
(423, 'N/A', 'N/A', 'N/A', 'Billing', 'N/A', 'Tort Claims', 'Rhema Harrah', 'Pat Wells', 'Tort Claims - MLF - Zyprexa - Non-LifeSys', 661, NULL, NULL, NULL, NULL, NULL, NULL, NULL, NULL, NULL, NULL, NULL, NULL, NULL, NULL, NULL, NULL, NULL, NULL),
(424, 'N/A', 'N/A', 'N/A', 'Billing', 'N/A', 'Tort Claims', 'Rhema Harrah', 'Pat Wells', 'Tort Claims - Garretson - Zyprexa 2 - Non-LifeSys', 662, NULL, NULL, NULL, NULL, NULL, NULL, NULL, NULL, NULL, NULL, NULL, NULL, NULL, NULL, NULL, NULL, NULL, NULL);
INSERT INTO `companiessheets` (`ID`, `co#`, `abend_status`, `jcl/TP`, `Type`, `report_dest`, `Client`, `Director`, `CE`, `co_name`, `Billing Code`, `SLA BOD`, `SLA EOD`, `Current EOD`, `Exceptions`, `go live date`, `mini cycle`, `Full cycle`, `Last Reload Date`, `Next Reload Date`, `pds`, `finctl`, `itemdata`, `letter writer`, `holiday`, `tax`, `ftp_dest`, `nb co`, `LCB/Batch job`) VALUES
(425, 'N/A', 'Available', 'N/A', 'Billing', 'N/A', 'Tort Claims', 'Rhema Harrah', 'Pat Wells', 'Tort Claims -', 663, NULL, NULL, NULL, NULL, NULL, NULL, NULL, NULL, NULL, NULL, NULL, NULL, NULL, NULL, NULL, NULL, NULL, NULL),
(426, 'N/A', 'Available', 'N/A', 'Billing', 'N/A', 'Tort Claims', 'Rhema Harrah', 'Pat Wells', 'Tort Claims -', 664, NULL, NULL, NULL, NULL, NULL, NULL, NULL, NULL, NULL, NULL, NULL, NULL, NULL, NULL, NULL, NULL, NULL, NULL),
(427, 'N/A', 'Available', 'N/A', 'Billing', 'N/A', 'Tort Claims', 'Rhema Harrah', 'Pat Wells', 'Tort Claims -', 665, NULL, NULL, NULL, NULL, NULL, NULL, NULL, NULL, NULL, NULL, NULL, NULL, NULL, NULL, NULL, NULL, NULL, NULL),
(428, 'N/A', 'N/A', 'N/A', 'Billing', 'N/A', 'Dell', NULL, NULL, 'Commercial/LE Group', 666, NULL, NULL, NULL, NULL, NULL, NULL, NULL, NULL, NULL, NULL, NULL, NULL, NULL, NULL, NULL, NULL, NULL, NULL),
(429, 'N/A', 'Available', 'N/A', 'Billing', 'N/A', 'Tort Claims', 'Rhema Harrah', 'Pat Wells', 'Tort Claims -', 648, NULL, NULL, NULL, NULL, NULL, NULL, NULL, NULL, NULL, NULL, NULL, NULL, NULL, NULL, NULL, NULL, NULL, NULL),
(430, 'N/A', 'N/A', 'N/A', 'Billing', 'N/A', 'Tort Claims', 'Rhema Harrah', 'Pat Wells', 'Tort Claims - Avandia - Non-LifeSys', 668, NULL, NULL, NULL, NULL, NULL, NULL, NULL, NULL, NULL, NULL, NULL, NULL, NULL, NULL, NULL, NULL, NULL, NULL),
(431, 'N/A', 'Available', 'N/A', 'Billing', 'N/A', 'Tort Claims', 'Rhema Harrah', 'Pat Wells', 'Tort Claims -', 635, NULL, NULL, NULL, NULL, NULL, NULL, NULL, NULL, NULL, NULL, NULL, NULL, NULL, NULL, NULL, NULL, NULL, NULL),
(432, 'N/A', 'N/A', 'N/A', 'Billing', 'N/A', 'LFG', NULL, NULL, 'LifeComm Augmentation', 667, NULL, NULL, NULL, NULL, '2011-01-07 00:00:00', NULL, NULL, NULL, NULL, NULL, NULL, NULL, NULL, NULL, NULL, NULL, NULL, NULL),
(433, 'N/A', 'Available', 'N/A', 'Billing', 'N/A', 'Tort Claims', 'Rhema Harrah', 'Pat Wells', 'Tort Claims -', 636, NULL, NULL, NULL, NULL, NULL, NULL, NULL, NULL, NULL, NULL, NULL, NULL, NULL, NULL, NULL, NULL, NULL, NULL),
(434, 'N/A', 'N/A', 'N/A', 'Billing', 'IS', 'Dell', 'Linda Newport', NULL, 'IS Service Desk - Non-LifeSys', 888, NULL, NULL, NULL, NULL, '2010-04-02 00:00:00', NULL, NULL, NULL, NULL, NULL, NULL, NULL, NULL, NULL, NULL, NULL, NULL, NULL),
(435, 'N/A', 'N/A', 'N/A', 'Billing', 'N/A', 'LFG', 'Nicole Comstock', 'Amber Brethouwer', 'LFG LifeSys Claims', 669, NULL, NULL, NULL, NULL, NULL, NULL, NULL, NULL, NULL, NULL, NULL, NULL, NULL, NULL, NULL, NULL, NULL, NULL),
(436, 'N/A', 'N/A', 'N/A', 'Billing', 'N/A', 'Tort Claims', 'Rhema Harrah', 'Pat Wells', 'Tort Claims - LLF Avandia - Non-LifeSys', 627, NULL, NULL, NULL, NULL, '2010-05-26 00:00:00', NULL, NULL, NULL, NULL, NULL, NULL, NULL, NULL, NULL, NULL, NULL, NULL, NULL),
(437, 'N/A', 'Available', 'N/A', 'Billing', 'N/A', 'Tort Claims', 'Rhema Harrah', 'Pat Wells', 'Tort Claims - Cinci Back up call center - Non-LifeSys', 628, NULL, NULL, NULL, NULL, '2010-05-26 00:00:00', NULL, NULL, NULL, NULL, NULL, NULL, NULL, NULL, NULL, NULL, NULL, NULL, NULL),
(438, 'N/A', 'Available', 'N/A', 'Billing', 'N/A', 'Tort Claims', 'Rhema Harrah', 'Pat Wells', 'Tort Claims - Charlotte back up call center - Non-LifeSys', 629, NULL, NULL, NULL, NULL, '2010-05-26 00:00:00', NULL, NULL, NULL, NULL, NULL, NULL, NULL, NULL, NULL, NULL, NULL, NULL, NULL),
(439, 'N/A', 'Available', 'N/A', 'Billing', 'N/A', 'Tort Claims', 'Rhema Harrah', 'Pat Wells', 'Tort Claims -', 630, NULL, NULL, NULL, NULL, NULL, NULL, NULL, NULL, NULL, NULL, NULL, NULL, NULL, NULL, NULL, NULL, NULL, NULL),
(440, 'N/A', 'Available', 'N/A', 'Billing', 'N/A', 'Tort Claims', 'Rhema Harrah', 'Pat Wells', 'Tort Claims -', 631, NULL, NULL, NULL, NULL, NULL, NULL, NULL, NULL, NULL, NULL, NULL, NULL, NULL, NULL, NULL, NULL, NULL, NULL),
(441, 'N/A', 'Available', 'N/A', 'Billing', 'N/A', 'Tort Claims', 'Rhema Harrah', 'Pat Wells', 'Tort Claims -', 632, NULL, NULL, NULL, NULL, NULL, NULL, NULL, NULL, NULL, NULL, NULL, NULL, NULL, NULL, NULL, NULL, NULL, NULL),
(442, 'N/A', 'Available', 'N/A', 'Billing', 'N/A', 'Tort Claims', 'Rhema Harrah', 'Pat Wells', 'Tort Claims -', 637, NULL, NULL, NULL, NULL, NULL, NULL, NULL, NULL, NULL, NULL, NULL, NULL, NULL, NULL, NULL, NULL, NULL, NULL),
(443, 'N/A', 'Available', 'N/A', 'Billing', 'N/A', 'Tort Claims', 'Rhema Harrah', 'Pat Wells', 'Tort Claims -', 634, NULL, NULL, NULL, NULL, NULL, NULL, NULL, NULL, NULL, NULL, NULL, NULL, NULL, NULL, NULL, NULL, NULL, NULL),
(444, 'N/A', 'Available', 'N/A', 'Billing', 'N/A', 'Tort Claims', 'Rhema Harrah', 'Pat Wells', 'Tort Claims -', 647, NULL, NULL, NULL, NULL, NULL, NULL, NULL, NULL, NULL, NULL, NULL, NULL, NULL, NULL, NULL, NULL, NULL, NULL),
(445, 'N/A', 'Available', 'N/A', 'Billing', 'N/A', 'Tort Claims', 'Rhema Harrah', 'Pat Wells', 'Tort Claims -', 638, NULL, NULL, NULL, NULL, NULL, NULL, NULL, NULL, NULL, NULL, NULL, NULL, NULL, NULL, NULL, NULL, NULL, NULL),
(446, 'N/A', 'Available', 'N/A', 'Billing', 'N/A', 'Tort Claims', 'Rhema Harrah', 'Pat Wells', 'Tort Claims -', 639, NULL, NULL, NULL, NULL, NULL, NULL, NULL, NULL, NULL, NULL, NULL, NULL, NULL, NULL, NULL, NULL, NULL, NULL),
(447, 'N/A', 'Available', 'N/A', 'Billing', 'N/A', 'Tort Claims', 'Rhema Harrah', 'Pat Wells', 'Tort Claims -', 640, NULL, NULL, NULL, NULL, NULL, NULL, NULL, NULL, NULL, NULL, NULL, NULL, NULL, NULL, NULL, NULL, NULL, NULL),
(448, 'N/A', 'Available', 'N/A', 'Billing', 'N/A', 'Tort Claims', 'Rhema Harrah', 'Pat Wells', 'Tort Claims -', 641, NULL, NULL, NULL, NULL, NULL, NULL, NULL, NULL, NULL, NULL, NULL, NULL, NULL, NULL, NULL, NULL, NULL, NULL),
(449, 'N/A', 'Available', 'N/A', 'Billing', 'N/A', 'Tort Claims', 'Rhema Harrah', 'Pat Wells', 'Tort Claims -', 642, NULL, NULL, NULL, NULL, NULL, NULL, NULL, NULL, NULL, NULL, NULL, NULL, NULL, NULL, NULL, NULL, NULL, NULL),
(450, 'N/A', 'Available', 'N/A', 'Billing', 'N/A', 'Tort Claims', 'Rhema Harrah', 'Pat Wells', 'Tort Claims -', 643, NULL, NULL, NULL, NULL, NULL, NULL, NULL, NULL, NULL, NULL, NULL, NULL, NULL, NULL, NULL, NULL, NULL, NULL),
(451, 'N/A', 'Available', 'N/A', 'Billing', 'N/A', 'Tort Claims', 'Rhema Harrah', 'Pat Wells', 'Tort Claims -', 644, NULL, NULL, NULL, NULL, NULL, NULL, NULL, NULL, NULL, NULL, NULL, NULL, NULL, NULL, NULL, NULL, NULL, NULL),
(452, 'N/A', 'Available', 'N/A', 'Billing', 'N/A', 'Tort Claims', 'Rhema Harrah', 'Pat Wells', 'Tort Claims -', 645, NULL, NULL, NULL, NULL, NULL, NULL, NULL, NULL, NULL, NULL, NULL, NULL, NULL, NULL, NULL, NULL, NULL, NULL),
(453, 'N/A', 'N/A', 'N/A', 'Billing', 'N/A', 'Tort Claims', 'Rhema Harrah', 'Pat Wells', 'Tort Claims - Zyrexa - Non-LifeSys', 646, NULL, NULL, NULL, NULL, NULL, NULL, NULL, NULL, NULL, NULL, NULL, NULL, NULL, NULL, NULL, NULL, NULL, NULL),
(454, 'N/A', 'Available', 'N/A', 'Billing', 'N/A', 'Tort Claims', 'Rhema Harrah', 'Pat Wells', 'Tort Claims -', 633, NULL, NULL, NULL, NULL, NULL, NULL, NULL, NULL, NULL, NULL, NULL, NULL, NULL, NULL, NULL, NULL, NULL, NULL);

-- --------------------------------------------------------

--
-- Table structure for table `companiestaxdb`
--

CREATE TABLE IF NOT EXISTS `companiestaxdb` (
  `ID` int(11) NOT NULL AUTO_INCREMENT,
  `COMPANY` varchar(2) DEFAULT NULL,
  `COMPANYNAME` varchar(36) DEFAULT NULL,
  `TAXGROUP` varchar(2) DEFAULT NULL,
  `COMPANYGROUP` varchar(25) DEFAULT NULL,
  `ACTGGROUP` varchar(17) DEFAULT NULL,
  `MONTHLYCHECKLISTXLS` text,
  `ERRORDESCXLS` text,
  `PASSWORD` varchar(6) DEFAULT NULL,
  `LASTREFRESH` date DEFAULT NULL,
  `T035002` date DEFAULT NULL,
  `N155000` date DEFAULT NULL,
  `1042S` date DEFAULT NULL,
  `1099R` date DEFAULT NULL,
  `1099INT` date DEFAULT NULL,
  `1099MISC` date DEFAULT NULL,
  `5498` date NOT NULL,
  `W2G` date NOT NULL,
  `created` date NOT NULL,
  `creator_id` int(11) NOT NULL,
  `modified` date NOT NULL,
  `modifier_id` int(11) NOT NULL,
  PRIMARY KEY (`ID`)
) ENGINE=MyISAM  DEFAULT CHARSET=utf8 AUTO_INCREMENT=61 ;

--
-- Dumping data for table `companiestaxdb`
--

INSERT INTO `companiestaxdb` (`ID`, `COMPANY`, `COMPANYNAME`, `TAXGROUP`, `COMPANYGROUP`, `ACTGGROUP`, `MONTHLYCHECKLISTXLS`, `ERRORDESCXLS`, `PASSWORD`, `LASTREFRESH`, `T035002`, `N155000`, `1042S`, `1099R`, `1099INT`, `1099MISC`, `5498`, `W2G`, `created`, `creator_id`, `modified`, `modifier_id`) VALUES
(1, '07', 'Reassure America ', 'AA', 'RSA', 'Reassure', 'G:TaxRepositoryMonthly Checklist.xls', 'G:TaxRepositoryTax System Err Msg 20090407.xls', 'RSA99', NULL, NULL, '0000-00-00', NULL, '2040-05-07', NULL, '2040-05-07', '0000-00-00', '0000-00-00', '0000-00-00', 0, '0000-00-00', 0),
(2, '16', 'HCC Life Insurance Company', 'AB', 'HCC', 'HCC', 'G:TaxRepositoryMonthly Checklist.xls', 'G:TaxRepositoryTax System Err Msg 20090407.xls', 'HCC16', NULL, NULL, '0000-00-00', '2040-05-07', '2040-05-07', NULL, '2040-05-07', '0000-00-00', '0000-00-00', '0000-00-00', 0, '0000-00-00', 0),
(3, '31', 'Genworth A & H', 'AC', 'Genworth A&H', 'Genworth', 'G:TaxRepositoryMonthly Checklist.xls', 'G:TaxRepositoryTax System Err Msg 20090407.xls', 'genAH', NULL, NULL, '0000-00-00', NULL, NULL, NULL, NULL, '0000-00-00', '0000-00-00', '0000-00-00', 0, '0000-00-00', 0),
(4, '67', '5Star', 'AE', '5Star', '5Star', 'G:TaxRepositoryMonthly Checklist.xls', 'G:TaxRepositoryTax System Err Msg 20090407.xls', '567', NULL, NULL, '0000-00-00', '2040-05-07', '2040-05-07', NULL, NULL, '0000-00-00', '0000-00-00', '0000-00-00', 0, '0000-00-00', 0),
(5, '51', 'Reassure America  ', 'AF', 'RSA', 'Reassure', 'G:TaxRepositoryMonthly Checklist.xls', 'G:TaxRepositoryTax System Err Msg 20090407.xls', 'RSA99', NULL, NULL, '0000-00-00', '2040-05-07', '2040-05-07', NULL, '2040-05-07', '0000-00-00', '0000-00-00', '0000-00-00', 0, '0000-00-00', 0),
(6, '72', 'PIC', 'AI', 'PIC', 'PIC', 'G:TaxRepositoryMonthly Checklist.xls', 'G:TaxRepositoryTax System Err Msg 20090407.xls', 'PIC300', NULL, NULL, '0000-00-00', '2040-05-07', '2040-05-07', NULL, '2040-05-07', '0000-00-00', '0000-00-00', '0000-00-00', 0, '0000-00-00', 0),
(7, '61', 'Atlanta Life Insurance', 'AJ', 'Atlanta Life', 'Atlanta', 'G:TaxRepositoryMonthly Checklist.xls', 'G:TaxRepositoryTax System Err Msg 20090407.xls', 'AL61', NULL, NULL, '0000-00-00', '2040-05-07', '2040-05-07', NULL, NULL, '0000-00-00', '0000-00-00', '0000-00-00', 0, '0000-00-00', 0),
(8, '21', 'Citistreet / Met Life', 'AN', 'Citi/Met', 'Citi/Met', 'G:TaxRepositoryMonthly Checklist.xls', 'G:TaxRepositoryTax System Err Msg 20090407.xls', 'cit55', NULL, NULL, '0000-00-00', '2040-05-07', '2040-05-07', NULL, '2040-05-07', '0000-00-00', '0000-00-00', '0000-00-00', 0, '0000-00-00', 0),
(9, '70', 'Twentieth Century Life Ins Co', 'AO', 'Twentieth Century Life', 'Twentieth Century', 'G:TaxRepositoryMonthly Checklist.xls', 'G:TaxRepositoryTax System Err Msg 20090407.xls', '20life', NULL, NULL, '0000-00-00', '2040-05-07', '2040-05-07', NULL, '2040-05-07', '0000-00-00', '0000-00-00', '0000-00-00', 0, '0000-00-00', 0),
(10, '55', 'Citizens Security Life Ins. C', 'AP', 'Citizens', 'Citizens', 'G:TaxRepositoryMonthly Checklist.xls', 'G:TaxRepositoryTax System Err Msg 20090407.xls', 'cit55', NULL, NULL, '0000-00-00', '2040-05-07', '2040-05-07', NULL, NULL, '0000-00-00', '0000-00-00', '0000-00-00', 0, '0000-00-00', 0),
(11, '41', 'Great American Life Assurance', 'AQ', 'Great American', 'GAL', 'G:TaxRepositoryMonthly Checklist.xls', 'G:TaxRepositoryTax System Err Msg 20090407.xls', '41GA', NULL, NULL, '0000-00-00', '2040-05-07', '2040-05-07', NULL, '2040-05-07', '0000-00-00', '0000-00-00', '0000-00-00', 0, '0000-00-00', 0),
(12, '53', 'Union Labor Life Ins. Co.', 'AR', 'Union Labor', 'ULL', 'G:TaxRepositoryMonthly Checklist.xls', 'G:TaxRepositoryTax System Err Msg 20090407.xls', '53UL', NULL, NULL, '0000-00-00', '2040-05-07', '2040-05-07', NULL, '2040-05-07', '0000-00-00', '0000-00-00', '0000-00-00', 0, '0000-00-00', 0),
(13, '88', 'Fidelity Bankers Life', 'AS', 'Fidelity Bankers', 'Fidelity', 'G:TaxRepositoryMonthly Checklist.xls', 'G:TaxRepositoryTax System Err Msg 20090407.xls', 'FB88', NULL, NULL, '0000-00-00', NULL, NULL, NULL, NULL, '0000-00-00', '0000-00-00', '0000-00-00', 0, '0000-00-00', 0),
(14, '56', 'Combined Insurance Co.', 'AU', 'AML', 'Reassure', 'G:TaxRepositoryMonthly Checklist.xls', 'G:TaxRepositoryTax System Err Msg 20090407.xls', 'RSA99', NULL, NULL, '0000-00-00', '2040-05-07', '2040-05-07', NULL, '2040-05-07', '0000-00-00', '0000-00-00', '0000-00-00', 0, '0000-00-00', 0),
(15, '57', 'Combined Insurance Co. - NY', 'AU', 'AML', 'Combined NY', 'G:TaxRepositoryMonthly Checklist.xls', 'G:TaxRepositoryTax System Err Msg 20090407.xls', 'RSA99', NULL, NULL, '0000-00-00', '2040-05-07', '2040-05-07', NULL, '2040-05-07', '0000-00-00', '0000-00-00', '0000-00-00', 0, '0000-00-00', 0),
(16, '76', 'Genworth Financial', 'AW', 'Genworth', 'Genworth', 'G:TaxRepositoryMonthly Checklist.xls', 'G:TaxRepositoryTax System Err Msg 20090407.xls', 'gen100', NULL, NULL, '0000-00-00', '2040-05-07', '2040-05-07', NULL, '2040-05-07', '0000-00-00', '0000-00-00', '0000-00-00', 0, '0000-00-00', 0),
(17, '77', 'Genworth Financial', 'AW', 'Genworth NY', 'Genworth', 'G:TaxRepositoryMonthly Checklist.xls', 'G:TaxRepositoryTax System Err Msg 20090407.xls', 'genny', NULL, NULL, '0000-00-00', '2040-05-07', '2040-05-07', NULL, NULL, '0000-00-00', '0000-00-00', '0000-00-00', 0, '0000-00-00', 0),
(18, '73', 'First Dominion Mutual Life Ins Co', 'AX', 'FDM', 'FDM', 'G:TaxRepositoryMonthly Checklist.xls', 'G:TaxRepositoryTax System Err Msg 20090407.xls', 'FDM73', NULL, NULL, '0000-00-00', '2040-05-07', '2040-05-07', NULL, '2040-05-07', '0000-00-00', '0000-00-00', '0000-00-00', 0, '0000-00-00', 0),
(19, '79', 'Union Fidelity Life ', 'AY', 'Union Fidelity', 'Union', 'G:TaxRepositoryMonthly Checklist.xls', 'G:TaxRepositoryTax System Err Msg 20090407.xls', 'UF099', NULL, NULL, '0000-00-00', NULL, NULL, NULL, NULL, '0000-00-00', '0000-00-00', '0000-00-00', 0, '0000-00-00', 0),
(20, '35', 'AML-Consumers-NorthCarolina', 'AZ', 'AML', 'AML', 'G:TaxRepositoryMonthly Checklist.xls', 'G:TaxRepositoryTax System Err Msg 20090407.xls', 'RSA99', NULL, NULL, '0000-00-00', '2040-05-07', '2040-05-07', NULL, NULL, '0000-00-00', '0000-00-00', '0000-00-00', 0, '0000-00-00', 0),
(21, '37', 'AML-GE Capital', 'AZ', 'AML', 'AML', 'G:TaxRepositoryMonthly Checklist.xls', 'G:TaxRepositoryTax System Err Msg 20090407.xls', 'RSA99', NULL, NULL, '0000-00-00', '2040-05-07', '2040-05-07', NULL, '2040-05-07', '0000-00-00', '0000-00-00', '0000-00-00', 0, '0000-00-00', 0),
(22, '48', 'Reassure America ', 'AZ', 'RSA', 'Reassure', 'G:TaxRepositoryMonthly Checklist.xls', 'G:TaxRepositoryTax System Err Msg 20090407.xls', 'RSA99', NULL, NULL, '0000-00-00', '2040-05-07', '2040-05-07', NULL, '2040-05-07', '0000-00-00', '0000-00-00', '0000-00-00', 0, '0000-00-00', 0),
(23, '64', 'Massachusetts Mutual Life Ins.', 'BA', 'Mass Mutual', 'Mass Mutual', 'G:TaxRepositoryMonthly Checklist.xls', 'G:TaxRepositoryTax System Err Msg 20090407.xls', 'MM987', NULL, NULL, '0000-00-00', '2040-05-07', '2040-05-07', NULL, NULL, '0000-00-00', '0000-00-00', '0000-00-00', 0, '0000-00-00', 0),
(24, '65', 'Great West Life Insurance Co.', 'BB', 'GWL', 'GWL', 'G:TaxRepositoryMonthly Checklist.xls', 'G:TaxRepositoryTax System Err Msg 20090407.xls', 'grtw', NULL, NULL, '0000-00-00', '2040-05-07', '2040-05-07', NULL, '2040-05-07', '0000-00-00', '0000-00-00', '0000-00-00', 0, '0000-00-00', 0),
(25, '2G', 'Bankers', 'ER', 'Commonwealth', 'Commonwealth', 'G:TaxRepositoryMonthly Checklist.xls', 'G:TaxRepositoryTax System Err Msg 20090407.xls', 'uni', NULL, NULL, '0000-00-00', NULL, NULL, NULL, NULL, '0000-00-00', '0000-00-00', '0000-00-00', 0, '0000-00-00', 0),
(26, '12', 'Reassure America Life ', 'BG', 'RSA', 'State Mutual', 'G:TaxRepositoryMonthly Checklist.xls', 'G:TaxRepositoryTax System Err Msg 20090407.xls', 'RSA99', NULL, NULL, '0000-00-00', '2040-05-07', '2040-05-07', NULL, NULL, '0000-00-00', '0000-00-00', '0000-00-00', 0, '0000-00-00', 0),
(27, '13', 'State Mutual Insurance Co ', 'BG', 'State Mutual', 'State Mutual', 'G:TaxRepositoryMonthly Checklist.xls', 'G:TaxRepositoryTax System Err Msg 20090407.xls', 'RSA99', NULL, NULL, '0000-00-00', '2040-05-07', '2040-05-07', NULL, NULL, '0000-00-00', '0000-00-00', '0000-00-00', 0, '0000-00-00', 0),
(28, '60', 'Mutual of Omaha', 'BH', 'MOO', 'Mutual of Omaha', 'G:TaxRepositoryMonthly Checklist.xls', 'G:TaxRepositoryTax System Err Msg 20090407.xls', 'MO60', NULL, NULL, '0000-00-00', '2040-05-07', '2040-05-07', NULL, NULL, '0000-00-00', '0000-00-00', '0000-00-00', 0, '0000-00-00', 0),
(29, '3F', 'Genworth CPP', 'BV', 'CPP', 'Genworth', 'G:TaxRepositoryMonthly Checklist.xls', 'G:TaxRepositoryTax System Err Msg 20090407.xls', 'cpbv', NULL, NULL, '0000-00-00', '2040-05-07', '2040-05-07', NULL, NULL, '0000-00-00', '0000-00-00', '0000-00-00', 0, '0000-00-00', 0),
(30, '2C', 'Paul Revere Life Insurance Co NY', 'BX', 'Paul Revere', 'Paul Revere', 'G:TaxRepositoryMonthly Checklist.xls', 'G:TaxRepositoryTax System Err Msg 20090407.xls', 'pr01', NULL, NULL, '0000-00-00', NULL, NULL, NULL, '2040-05-07', '0000-00-00', '0000-00-00', '0000-00-00', 0, '0000-00-00', 0),
(31, '2D', 'Paul Revere Variable Annuity Ins. Co', 'BZ', 'Paul Revere', 'Paul Revere', 'G:TaxRepositoryMonthly Checklist.xls', 'G:TaxRepositoryTax System Err Msg 20090407.xls', 'pr01', NULL, NULL, '0000-00-00', NULL, NULL, NULL, '2040-05-07', '0000-00-00', '0000-00-00', '0000-00-00', 0, '0000-00-00', 0),
(32, '4K', 'Reassure America', 'CB', 'RSA', 'Reassure', 'G:TaxRepositoryMonthly Checklist.xls', 'G:TaxRepositoryTax System Err Msg 20090407.xls', 'RSA99', NULL, NULL, '0000-00-00', NULL, NULL, NULL, '2040-05-07', '0000-00-00', '0000-00-00', '0000-00-00', 0, '0000-00-00', 0),
(33, '2F', 'Reassure Am Life ', 'CE', 'Reassure Am Life', 'Reassure', 'G:TaxRepositoryMonthly Checklist.xls', 'G:TaxRepositoryTax System Err Msg 20090407.xls', 'RSA99', NULL, NULL, '0000-00-00', '2040-05-07', '2040-05-07', NULL, NULL, '0000-00-00', '0000-00-00', '0000-00-00', 0, '0000-00-00', 0),
(34, '5A', 'Continental Assurance Co', 'CG', 'Reassure Am Life', 'Continental', 'G:TaxRepositoryMonthly Checklist.xls', 'G:TaxRepositoryTax System Err Msg 20090407.xls', 'RSA99', NULL, NULL, '0000-00-00', '2040-05-07', '2040-05-07', NULL, NULL, '0000-00-00', '0000-00-00', '0000-00-00', 0, '0000-00-00', 0),
(35, '1T', 'Investors', 'DN', 'Legacy', 'Legacy', 'G:TaxRepositoryMonthly Checklist.xls', 'G:TaxRepositoryTax System Err Msg 20090407.xls', 'leg', NULL, NULL, '0000-00-00', NULL, NULL, NULL, NULL, '0000-00-00', '0000-00-00', '0000-00-00', 0, '0000-00-00', 0),
(36, '5C', 'Reassure America Life ', 'CH', 'Reassure Am Life', 'Reassure', 'G:TaxRepositoryMonthly Checklist.xls', 'G:TaxRepositoryTax System Err Msg 20090407.xls', 'RSA99', NULL, NULL, '0000-00-00', '2040-05-07', '2040-05-07', NULL, NULL, '0000-00-00', '0000-00-00', '0000-00-00', 0, '0000-00-00', 0),
(37, '5F', 'First Unum Life Insurance Co', 'CI', 'Reassure Am Life', 'First Unum', 'G:TaxRepositoryMonthly Checklist.xls', 'G:TaxRepositoryTax System Err Msg 20090407.xls', 'RSA99', NULL, NULL, '0000-00-00', '2040-05-07', '2040-05-07', NULL, NULL, '0000-00-00', '0000-00-00', '0000-00-00', 0, '0000-00-00', 0),
(38, '5G', 'Unum Life Insurance Co', 'CJ', 'Reassure Am Life', 'Unum', 'G:TaxRepositoryMonthly Checklist.xls', 'G:TaxRepositoryTax System Err Msg 20090407.xls', 'RSA99', NULL, NULL, '0000-00-00', '2040-05-07', '2040-05-07', NULL, NULL, '0000-00-00', '0000-00-00', '0000-00-00', 0, '0000-00-00', 0),
(39, '2A', 'Erie Family Life', 'CK', 'Erie', 'Erie', 'G:TaxRepositoryMonthly Checklist.xls', 'G:TaxRepositoryTax System Err Msg 20090407.xls', 'EFLTRB', NULL, NULL, '0000-00-00', '2040-05-07', '2040-05-07', '2040-05-07', '2040-05-07', '0000-00-00', '0000-00-00', '0000-00-00', 0, '0000-00-00', 0),
(40, '2H', 'Pacific Life Insurance Co', 'CM', 'Pacific', 'Pacific', 'G:TaxRepositoryMonthly Checklist.xls', 'G:TaxRepositoryTax System Err Msg 20090407.xls', '600PL', NULL, NULL, '0000-00-00', '2040-05-07', '2040-05-07', '2040-05-07', '2040-05-07', '0000-00-00', '0000-00-00', '0000-00-00', 0, '0000-00-00', 0),
(41, '2J', 'Pacific Life & Annuity Insurance Co', 'CQ', 'Pacific', 'Pacific', 'G:TaxRepositoryMonthly Checklist.xls', 'G:TaxRepositoryTax System Err Msg 20090407.xls', '600PL', NULL, NULL, '0000-00-00', '2040-05-07', '2040-05-07', '2040-05-07', '2040-05-07', '0000-00-00', '0000-00-00', '0000-00-00', 0, '0000-00-00', 0),
(42, '2M', 'Conseco Insurance Co', 'CY', 'Conseco Life Insurance Co', 'Conseco', 'G:TaxRepositoryMonthly Checklist.xls', 'G:TaxRepositoryTax System Err Msg 20090407.xls', 'contax', NULL, NULL, '0000-00-00', '2040-05-07', '2040-05-07', NULL, '2040-05-07', '0000-00-00', '0000-00-00', '0000-00-00', 0, '0000-00-00', 0),
(43, '2Q', 'Conseco Insurance Co', 'CY', 'Conseco Life Insurance Co', 'Conseco', 'G:TaxRepositoryMonthly Checklist.xls', 'G:TaxRepositoryTax System Err Msg 20090407.xls', 'contax', NULL, NULL, '0000-00-00', '2040-05-07', '2040-05-07', NULL, '2040-05-07', '0000-00-00', '0000-00-00', '0000-00-00', 0, '0000-00-00', 0),
(44, '2N', 'Conseco Life Insurance Co', 'CZ', 'Conseco Life Insurance Co', 'Conseco', 'G:TaxRepositoryMonthly Checklist.xls', 'G:TaxRepositoryTax System Err Msg 20090407.xls', 'contax', NULL, NULL, '0000-00-00', '2040-05-07', '2040-05-07', NULL, '2040-05-07', '0000-00-00', '0000-00-00', '0000-00-00', 0, '0000-00-00', 0),
(45, '2P', 'Washington National', 'DA', 'Washington National', 'Conseco', 'G:TaxRepositoryMonthly Checklist.xls', 'G:TaxRepositoryTax System Err Msg 20090407.xls', 'wn2p', NULL, NULL, '0000-00-00', '2040-05-07', '2040-05-07', NULL, '2040-05-07', '0000-00-00', '0000-00-00', '0000-00-00', 0, '0000-00-00', 0),
(46, '3Q', 'Union Bankers', 'EM', 'Commonwealth', 'Commonwealth', 'G:TaxRepositoryMonthly Checklist.xls', 'G:TaxRepositoryTax System Err Msg 20090407.xls', 'uni', NULL, NULL, '0000-00-00', NULL, NULL, NULL, NULL, '0000-00-00', '0000-00-00', '0000-00-00', 0, '0000-00-00', 0),
(47, '3R', 'Reassure Life', 'EN', 'Commonwealth', 'Commonwealth', 'G:TaxRepositoryMonthly Checklist.xls', 'G:TaxRepositoryTax System Err Msg 20090407.xls', 'uni', NULL, NULL, '0000-00-00', NULL, NULL, NULL, NULL, '0000-00-00', '0000-00-00', '0000-00-00', 0, '0000-00-00', 0),
(48, '3S', 'West Coast Life', 'EP', 'Commonwealth', 'Commonwealth', 'G:TaxRepositoryMonthly Checklist.xls', 'G:TaxRepositoryTax System Err Msg 20090407.xls', 'uni', NULL, NULL, '0000-00-00', NULL, NULL, NULL, NULL, '0000-00-00', '0000-00-00', '0000-00-00', 0, '0000-00-00', 0),
(49, '3T', 'American Pioneer', 'EQ', 'Commonwealth', 'Commonwealth', 'G:TaxRepositoryMonthly Checklist.xls', 'G:TaxRepositoryTax System Err Msg 20090407.xls', 'uni', NULL, NULL, '0000-00-00', NULL, NULL, NULL, NULL, '0000-00-00', '0000-00-00', '0000-00-00', 0, '0000-00-00', 0),
(50, '3U', 'Constitution Life', 'ER', 'Commonwealth', 'Commonwealth', 'G:TaxRepositoryMonthly Checklist.xls', 'G:TaxRepositoryTax System Err Msg 20090407.xls', 'uni', NULL, NULL, '0000-00-00', NULL, NULL, NULL, NULL, '0000-00-00', '0000-00-00', '0000-00-00', 0, '0000-00-00', 0),
(51, '3V', 'Marquette National', 'ES', 'Commonwealth', 'Commonwealth', 'G:TaxRepositoryMonthly Checklist.xls', 'G:TaxRepositoryTax System Err Msg 20090407.xls', 'uni', NULL, NULL, '0000-00-00', NULL, NULL, NULL, NULL, '0000-00-00', '0000-00-00', '0000-00-00', 0, '0000-00-00', 0),
(52, '3W', 'America Progressive', 'ET', 'Commonwealth', 'Commonwealth', 'G:TaxRepositoryMonthly Checklist.xls', 'G:TaxRepositoryTax System Err Msg 20090407.xls', 'uni', NULL, NULL, '0000-00-00', NULL, NULL, NULL, NULL, '0000-00-00', '0000-00-00', '0000-00-00', 0, '0000-00-00', 0),
(53, '3X', 'Union Bankers', 'EU', 'Commonwealth', 'Commonwealth', 'G:TaxRepositoryMonthly Checklist.xls', 'G:TaxRepositoryTax System Err Msg 20090407.xls', 'uni', NULL, NULL, '0000-00-00', NULL, NULL, NULL, NULL, '0000-00-00', '0000-00-00', '0000-00-00', 0, '0000-00-00', 0),
(54, '3Y', 'Pennsylvania Life', 'EV', 'Commonwealth', 'Commonwealth', 'G:TaxRepositoryMonthly Checklist.xls', 'G:TaxRepositoryTax System Err Msg 20090407.xls', 'uni', NULL, NULL, '0000-00-00', NULL, NULL, NULL, NULL, '0000-00-00', '0000-00-00', '0000-00-00', 0, '0000-00-00', 0),
(55, '3Z', 'Pyramid Life', 'EW', 'Commonwealth', 'Commonwealth', 'G:TaxRepositoryMonthly Checklist.xls', 'G:TaxRepositoryTax System Err Msg 20090407.xls', 'uni', NULL, NULL, '0000-00-00', NULL, NULL, NULL, NULL, '0000-00-00', '0000-00-00', '0000-00-00', 0, '0000-00-00', 0),
(56, '1V', 'Americom', 'DQ', 'Old Mutual', 'Old Mutual', 'G:TaxRepositoryMonthly Checklist.xls', 'G:TaxRepositoryTax System Err Msg 20090407.xls', 'leg', NULL, NULL, '0000-00-00', NULL, NULL, NULL, NULL, '0000-00-00', '0000-00-00', '0000-00-00', 0, '0000-00-00', 0),
(57, '1S', 'American National', 'DM', 'Legacy', 'Legacy', 'G:TaxRepositoryMonthly Checklist.xls', 'G:TaxRepositoryTax System Err Msg 20090407.xls', 'leg', NULL, NULL, '0000-00-00', NULL, NULL, NULL, NULL, '0000-00-00', '0000-00-00', '0000-00-00', 0, '0000-00-00', 0),
(58, '1U', 'Washington National', 'DP', 'Legacy', 'Legacy', 'G:TaxRepositoryMonthly Checklist.xls', 'G:TaxRepositoryTax System Err Msg 20090407.xls', 'leg', NULL, NULL, '0000-00-00', NULL, NULL, NULL, NULL, '0000-00-00', '0000-00-00', '0000-00-00', 0, '0000-00-00', 0),
(59, '1W', 'Transamerica', 'DN', 'Legacy', 'Legacy', 'G:TaxRepositoryMonthly Checklist.xls', 'G:TaxRepositoryTax System Err Msg 20090407.xls', 'leg', NULL, NULL, '0000-00-00', NULL, NULL, NULL, NULL, '0000-00-00', '0000-00-00', '0000-00-00', 0, '0000-00-00', 0),
(60, '1T', 'Investors', 'DN', 'Legacy', 'Legacy', 'G:TaxRepositoryMonthly Checklist.xls', 'G:TaxRepositoryTax System Err Msg 20090407.xls', 'leg', NULL, NULL, '0000-00-00', NULL, NULL, NULL, NULL, '0000-00-00', '0000-00-00', '0000-00-00', 0, '0000-00-00', 0);

-- --------------------------------------------------------

--
-- Table structure for table `companies_depts`
--

CREATE TABLE IF NOT EXISTS `companies_depts` (
  `id` int(11) NOT NULL AUTO_INCREMENT,
  `dept_id` int(11) NOT NULL,
  `company_id` int(11) NOT NULL,
  `created` datetime NOT NULL,
  `creator_id` int(11) NOT NULL,
  `modified` datetime NOT NULL,
  `modifier_id` int(11) NOT NULL,
  PRIMARY KEY (`id`)
) ENGINE=MyISAM  DEFAULT CHARSET=latin1 AUTO_INCREMENT=103 ;

--
-- Dumping data for table `companies_depts`
--

INSERT INTO `companies_depts` (`id`, `dept_id`, `company_id`, `created`, `creator_id`, `modified`, `modifier_id`) VALUES
(14, 1, 5, '0000-00-00 00:00:00', 0, '0000-00-00 00:00:00', 0),
(13, 1, 4, '0000-00-00 00:00:00', 0, '0000-00-00 00:00:00', 0),
(12, 1, 3, '0000-00-00 00:00:00', 0, '0000-00-00 00:00:00', 0),
(11, 1, 2, '0000-00-00 00:00:00', 0, '0000-00-00 00:00:00', 0),
(10, 1, 1, '0000-00-00 00:00:00', 0, '0000-00-00 00:00:00', 0),
(15, 1, 6, '0000-00-00 00:00:00', 0, '0000-00-00 00:00:00', 0),
(16, 1, 7, '0000-00-00 00:00:00', 0, '0000-00-00 00:00:00', 0),
(17, 1, 8, '0000-00-00 00:00:00', 0, '0000-00-00 00:00:00', 0),
(18, 1, 9, '0000-00-00 00:00:00', 0, '0000-00-00 00:00:00', 0),
(19, 1, 10, '0000-00-00 00:00:00', 0, '0000-00-00 00:00:00', 0),
(20, 1, 11, '0000-00-00 00:00:00', 0, '0000-00-00 00:00:00', 0),
(21, 1, 12, '0000-00-00 00:00:00', 0, '0000-00-00 00:00:00', 0),
(22, 1, 13, '0000-00-00 00:00:00', 0, '0000-00-00 00:00:00', 0),
(23, 1, 14, '0000-00-00 00:00:00', 0, '0000-00-00 00:00:00', 0),
(24, 1, 15, '0000-00-00 00:00:00', 0, '0000-00-00 00:00:00', 0),
(25, 1, 16, '0000-00-00 00:00:00', 0, '0000-00-00 00:00:00', 0),
(26, 1, 17, '0000-00-00 00:00:00', 0, '0000-00-00 00:00:00', 0),
(27, 1, 18, '0000-00-00 00:00:00', 0, '0000-00-00 00:00:00', 0),
(28, 1, 19, '0000-00-00 00:00:00', 0, '0000-00-00 00:00:00', 0),
(29, 1, 20, '0000-00-00 00:00:00', 0, '0000-00-00 00:00:00', 0),
(30, 1, 21, '0000-00-00 00:00:00', 0, '0000-00-00 00:00:00', 0),
(31, 1, 22, '0000-00-00 00:00:00', 0, '0000-00-00 00:00:00', 0),
(32, 1, 23, '0000-00-00 00:00:00', 0, '0000-00-00 00:00:00', 0),
(33, 1, 24, '0000-00-00 00:00:00', 0, '0000-00-00 00:00:00', 0),
(34, 1, 25, '0000-00-00 00:00:00', 0, '0000-00-00 00:00:00', 0),
(35, 1, 26, '0000-00-00 00:00:00', 0, '0000-00-00 00:00:00', 0),
(36, 1, 27, '0000-00-00 00:00:00', 0, '0000-00-00 00:00:00', 0),
(37, 1, 28, '0000-00-00 00:00:00', 0, '0000-00-00 00:00:00', 0),
(38, 1, 29, '0000-00-00 00:00:00', 0, '0000-00-00 00:00:00', 0),
(39, 1, 30, '0000-00-00 00:00:00', 0, '0000-00-00 00:00:00', 0),
(40, 1, 31, '0000-00-00 00:00:00', 0, '0000-00-00 00:00:00', 0),
(41, 1, 32, '0000-00-00 00:00:00', 0, '0000-00-00 00:00:00', 0),
(42, 1, 33, '0000-00-00 00:00:00', 0, '0000-00-00 00:00:00', 0),
(43, 1, 34, '0000-00-00 00:00:00', 0, '0000-00-00 00:00:00', 0),
(44, 1, 35, '0000-00-00 00:00:00', 0, '0000-00-00 00:00:00', 0),
(45, 1, 36, '0000-00-00 00:00:00', 0, '0000-00-00 00:00:00', 0),
(46, 1, 37, '0000-00-00 00:00:00', 0, '0000-00-00 00:00:00', 0),
(47, 1, 38, '0000-00-00 00:00:00', 0, '0000-00-00 00:00:00', 0),
(48, 1, 39, '0000-00-00 00:00:00', 0, '0000-00-00 00:00:00', 0),
(49, 1, 40, '0000-00-00 00:00:00', 0, '0000-00-00 00:00:00', 0),
(50, 1, 41, '0000-00-00 00:00:00', 0, '0000-00-00 00:00:00', 0),
(51, 1, 42, '0000-00-00 00:00:00', 0, '0000-00-00 00:00:00', 0),
(52, 1, 43, '0000-00-00 00:00:00', 0, '0000-00-00 00:00:00', 0),
(53, 1, 44, '0000-00-00 00:00:00', 0, '0000-00-00 00:00:00', 0),
(54, 1, 45, '0000-00-00 00:00:00', 0, '0000-00-00 00:00:00', 0),
(55, 1, 46, '0000-00-00 00:00:00', 0, '0000-00-00 00:00:00', 0),
(56, 1, 47, '0000-00-00 00:00:00', 0, '0000-00-00 00:00:00', 0),
(57, 1, 48, '0000-00-00 00:00:00', 0, '0000-00-00 00:00:00', 0),
(58, 1, 49, '0000-00-00 00:00:00', 0, '0000-00-00 00:00:00', 0),
(59, 1, 50, '0000-00-00 00:00:00', 0, '0000-00-00 00:00:00', 0),
(60, 1, 51, '0000-00-00 00:00:00', 0, '0000-00-00 00:00:00', 0),
(61, 1, 52, '0000-00-00 00:00:00', 0, '0000-00-00 00:00:00', 0),
(62, 1, 53, '0000-00-00 00:00:00', 0, '0000-00-00 00:00:00', 0),
(63, 1, 54, '0000-00-00 00:00:00', 0, '0000-00-00 00:00:00', 0),
(64, 1, 55, '0000-00-00 00:00:00', 0, '0000-00-00 00:00:00', 0),
(65, 1, 56, '0000-00-00 00:00:00', 0, '0000-00-00 00:00:00', 0),
(66, 1, 57, '0000-00-00 00:00:00', 0, '0000-00-00 00:00:00', 0),
(67, 1, 58, '0000-00-00 00:00:00', 0, '0000-00-00 00:00:00', 0),
(68, 1, 59, '0000-00-00 00:00:00', 0, '0000-00-00 00:00:00', 0),
(69, 1, 60, '0000-00-00 00:00:00', 0, '0000-00-00 00:00:00', 0),
(70, 1, 61, '0000-00-00 00:00:00', 0, '0000-00-00 00:00:00', 0),
(71, 1, 62, '0000-00-00 00:00:00', 0, '0000-00-00 00:00:00', 0),
(72, 1, 63, '0000-00-00 00:00:00', 0, '0000-00-00 00:00:00', 0),
(73, 1, 64, '0000-00-00 00:00:00', 0, '0000-00-00 00:00:00', 0),
(74, 1, 65, '0000-00-00 00:00:00', 0, '0000-00-00 00:00:00', 0),
(75, 1, 66, '0000-00-00 00:00:00', 0, '0000-00-00 00:00:00', 0),
(76, 1, 67, '0000-00-00 00:00:00', 0, '0000-00-00 00:00:00', 0),
(77, 1, 68, '0000-00-00 00:00:00', 0, '0000-00-00 00:00:00', 0),
(78, 1, 69, '0000-00-00 00:00:00', 0, '0000-00-00 00:00:00', 0),
(79, 1, 70, '0000-00-00 00:00:00', 0, '0000-00-00 00:00:00', 0),
(80, 1, 71, '0000-00-00 00:00:00', 0, '0000-00-00 00:00:00', 0),
(81, 1, 72, '0000-00-00 00:00:00', 0, '0000-00-00 00:00:00', 0),
(82, 1, 73, '0000-00-00 00:00:00', 0, '0000-00-00 00:00:00', 0),
(83, 1, 74, '0000-00-00 00:00:00', 0, '0000-00-00 00:00:00', 0),
(84, 1, 75, '0000-00-00 00:00:00', 0, '0000-00-00 00:00:00', 0),
(85, 1, 76, '0000-00-00 00:00:00', 0, '0000-00-00 00:00:00', 0),
(86, 1, 77, '0000-00-00 00:00:00', 0, '0000-00-00 00:00:00', 0),
(87, 1, 78, '0000-00-00 00:00:00', 0, '0000-00-00 00:00:00', 0),
(88, 1, 79, '0000-00-00 00:00:00', 0, '0000-00-00 00:00:00', 0),
(89, 1, 80, '0000-00-00 00:00:00', 0, '0000-00-00 00:00:00', 0),
(90, 1, 81, '0000-00-00 00:00:00', 0, '0000-00-00 00:00:00', 0),
(91, 1, 82, '0000-00-00 00:00:00', 0, '0000-00-00 00:00:00', 0),
(92, 2, 56, '0000-00-00 00:00:00', 0, '0000-00-00 00:00:00', 0),
(93, 2, 68, '0000-00-00 00:00:00', 0, '0000-00-00 00:00:00', 0),
(94, 2, 69, '0000-00-00 00:00:00', 0, '0000-00-00 00:00:00', 0),
(95, 2, 70, '0000-00-00 00:00:00', 0, '0000-00-00 00:00:00', 0),
(96, 2, 71, '0000-00-00 00:00:00', 0, '0000-00-00 00:00:00', 0),
(97, 2, 72, '0000-00-00 00:00:00', 0, '0000-00-00 00:00:00', 0),
(98, 2, 73, '0000-00-00 00:00:00', 0, '0000-00-00 00:00:00', 0),
(99, 2, 74, '0000-00-00 00:00:00', 0, '0000-00-00 00:00:00', 0),
(100, 2, 75, '0000-00-00 00:00:00', 0, '0000-00-00 00:00:00', 0),
(101, 2, 76, '0000-00-00 00:00:00', 0, '0000-00-00 00:00:00', 0),
(102, 2, 77, '0000-00-00 00:00:00', 0, '0000-00-00 00:00:00', 0);

-- --------------------------------------------------------

--
-- Table structure for table `coreappsettings`
--

CREATE TABLE IF NOT EXISTS `coreappsettings` (
  `id` int(11) NOT NULL AUTO_INCREMENT,
  `coreappsettingtype_id` int(11) NOT NULL,
  `slug` varchar(255) NOT NULL,
  `desc` varchar(255) NOT NULL,
  `defaultvalue` text NOT NULL,
  `boolvalue` tinyint(1) DEFAULT NULL,
  `intvalue` int(11) DEFAULT NULL,
  `varvalue` varchar(255) DEFAULT NULL,
  `longvalue` text,
  `template` varchar(255) NOT NULL,
  PRIMARY KEY (`id`)
) ENGINE=MyISAM  DEFAULT CHARSET=latin1 AUTO_INCREMENT=3 ;

--
-- Dumping data for table `coreappsettings`
--

INSERT INTO `coreappsettings` (`id`, `coreappsettingtype_id`, `slug`, `desc`, `defaultvalue`, `boolvalue`, `intvalue`, `varvalue`, `longvalue`, `template`) VALUES
(1, 1, 'activation', 'User activation via email', '1', 1, 0, '', '', ''),
(2, 3, '', 'admin email for user activation', 'admin@localhost.com', 0, 0, '', '', '');

-- --------------------------------------------------------

--
-- Table structure for table `coreappsettingtypes`
--

CREATE TABLE IF NOT EXISTS `coreappsettingtypes` (
  `id` int(11) NOT NULL AUTO_INCREMENT,
  `desc` varchar(11) NOT NULL,
  PRIMARY KEY (`id`)
) ENGINE=MyISAM  DEFAULT CHARSET=latin1 AUTO_INCREMENT=5 ;

--
-- Dumping data for table `coreappsettingtypes`
--

INSERT INTO `coreappsettingtypes` (`id`, `desc`) VALUES
(1, 'bool'),
(2, 'int'),
(3, 'var'),
(4, 'long');

-- --------------------------------------------------------

--
-- Table structure for table `depts`
--

CREATE TABLE IF NOT EXISTS `depts` (
  `id` int(11) NOT NULL AUTO_INCREMENT,
  `deptname` varchar(75) NOT NULL,
  `modified` datetime NOT NULL,
  `modifier_id` int(11) DEFAULT NULL,
  `created` date NOT NULL,
  `creator_id` int(11) DEFAULT NULL,
  PRIMARY KEY (`id`)
) ENGINE=MyISAM  DEFAULT CHARSET=latin1 AUTO_INCREMENT=3 ;

--
-- Dumping data for table `depts`
--

INSERT INTO `depts` (`id`, `deptname`, `modified`, `modifier_id`, `created`, `creator_id`) VALUES
(1, 'Premium Accounting', '2010-07-06 16:08:40', 1, '2010-06-22', 1),
(2, 'Commonwealth-FML', '2010-07-06 16:58:48', 1, '2010-07-02', 1);

-- --------------------------------------------------------

--
-- Table structure for table `groups`
--

CREATE TABLE IF NOT EXISTS `groups` (
  `id` int(11) NOT NULL AUTO_INCREMENT,
  `name` varchar(100) NOT NULL,
  `created` datetime DEFAULT NULL,
  `creator_id` int(11) DEFAULT NULL,
  `modified` datetime DEFAULT NULL,
  `modifier_id` int(11) DEFAULT NULL,
  PRIMARY KEY (`id`)
) ENGINE=MyISAM  DEFAULT CHARSET=latin1 AUTO_INCREMENT=27 ;

--
-- Dumping data for table `groups`
--

INSERT INTO `groups` (`id`, `name`, `created`, `creator_id`, `modified`, `modifier_id`) VALUES
(1, 'Guests', '2010-07-20 11:20:38', NULL, '2011-01-14 16:14:12', 1),
(23, 'Supervisors', '2011-01-24 07:56:13', 1, '2011-01-24 07:59:36', 1),
(25, 'Mangers', '2011-01-24 08:00:10', 1, '2011-01-24 08:00:10', 1),
(26, 'Administrators', '2011-01-24 08:00:25', 1, '2011-01-24 08:00:25', 1),
(24, 'Users', '2011-01-24 07:58:08', 1, '2011-01-24 07:58:08', 1);

-- --------------------------------------------------------

--
-- Table structure for table `masters`
--

CREATE TABLE IF NOT EXISTS `masters` (
  `ID` varchar(255) NOT NULL,
  `POLICYNUMBER` varchar(255) NOT NULL,
  `FEDERALWH` decimal(10,2) NOT NULL,
  `STATEWH` decimal(10,2) NOT NULL,
  `TAXMASTFWH` decimal(10,2) NOT NULL,
  `TAXMASTSTWH` decimal(10,2) NOT NULL,
  `TAXMASTNEWFWH` decimal(10,2) NOT NULL,
  `TAXMASTNEWSWH` decimal(10,2) NOT NULL,
  `FEDWHDIFF` decimal(10,2) NOT NULL,
  `STWHDIFF` decimal(10,2) NOT NULL,
  `CROSSTAXYRFWH` decimal(10,2) NOT NULL,
  `CROSSTAXYRSTWH` decimal(10,2) NOT NULL,
  `COMPANYGOUP` varchar(255) NOT NULL,
  `DATEREVIEW` date NOT NULL,
  `FOLLOWUPDATE` date NOT NULL,
  `REVIEWEROPID` varchar(255) NOT NULL,
  `USEROPID` varchar(255) NOT NULL,
  `CORRECTEDBYOPID` varchar(255) NOT NULL,
  `DELETEIND` tinyint(1) NOT NULL,
  `FORM` varchar(255) NOT NULL,
  `comment_id` int(11) NOT NULL,
  `COMPANY` varchar(255) NOT NULL,
  `created` date NOT NULL,
  `creator_id` int(11) NOT NULL,
  `modified` date NOT NULL,
  `modifier_id` int(11) NOT NULL,
  PRIMARY KEY (`ID`)
) ENGINE=MyISAM DEFAULT CHARSET=latin1;

--
-- Dumping data for table `masters`
--


-- --------------------------------------------------------

--
-- Table structure for table `menus`
--

CREATE TABLE IF NOT EXISTS `menus` (
  `id` int(11) NOT NULL AUTO_INCREMENT,
  `name` varchar(255) NOT NULL,
  `aco_id` int(11) DEFAULT NULL,
  `public` tinyint(1) NOT NULL,
  `customopt` tinyint(1) NOT NULL,
  `url` text NOT NULL,
  `label` varchar(255) NOT NULL,
  `skipmyparent` tinyint(1) NOT NULL DEFAULT '0',
  `skipasparent` tinyint(1) NOT NULL,
  `topmenu` tinyint(1) NOT NULL DEFAULT '0',
  `vertical` tinyint(1) NOT NULL DEFAULT '0',
  `parent_id` int(11) DEFAULT NULL,
  `lft` int(11) NOT NULL,
  `rght` int(11) NOT NULL,
  `creator_id` int(11) NOT NULL,
  `created` datetime NOT NULL,
  `modifier_id` int(11) NOT NULL,
  `modified` datetime NOT NULL,
  PRIMARY KEY (`id`)
) ENGINE=MyISAM  DEFAULT CHARSET=latin1 AUTO_INCREMENT=140 ;

--
-- Dumping data for table `menus`
--

INSERT INTO `menus` (`id`, `name`, `aco_id`, `public`, `customopt`, `url`, `label`, `skipmyparent`, `skipasparent`, `topmenu`, `vertical`, `parent_id`, `lft`, `rght`, `creator_id`, `created`, `modifier_id`, `modified`) VALUES
(1, 'controllers', 1, 0, 0, '', '', 0, 0, 0, 0, NULL, 1, 270, 0, '0000-00-00 00:00:00', 0, '0000-00-00 00:00:00'),
(2, 'Pages', 2, 0, 0, '', '', 0, 0, 0, 0, 1, 2, 21, 0, '0000-00-00 00:00:00', 0, '0000-00-00 00:00:00'),
(3, 'display', 3, 0, 0, '', '', 0, 0, 0, 0, 2, 3, 8, 0, '0000-00-00 00:00:00', 0, '0000-00-00 00:00:00'),
(4, 'index', 4, 0, 0, '', '', 0, 0, 0, 0, 2, 9, 10, 0, '0000-00-00 00:00:00', 0, '0000-00-00 00:00:00'),
(5, 'multiedit', 5, 0, 0, '', '', 0, 0, 0, 0, 2, 11, 12, 0, '0000-00-00 00:00:00', 0, '0000-00-00 00:00:00'),
(6, 'add', 6, 0, 0, '', '', 0, 0, 0, 0, 2, 13, 14, 0, '0000-00-00 00:00:00', 0, '0000-00-00 00:00:00'),
(7, 'edit', 7, 0, 0, '', '', 0, 0, 0, 0, 2, 15, 16, 0, '0000-00-00 00:00:00', 0, '0000-00-00 00:00:00'),
(8, 'view', 8, 0, 0, '', '', 0, 0, 0, 0, 2, 17, 18, 0, '0000-00-00 00:00:00', 0, '0000-00-00 00:00:00'),
(9, 'delete', 9, 0, 0, '', '', 0, 0, 0, 0, 2, 19, 20, 0, '0000-00-00 00:00:00', 0, '0000-00-00 00:00:00'),
(10, 'ArosAcos', 10, 0, 0, '', '', 0, 0, 0, 0, 1, 22, 35, 0, '0000-00-00 00:00:00', 0, '0000-00-00 00:00:00'),
(11, 'index', 11, 0, 0, '', '', 0, 0, 0, 0, 10, 23, 24, 0, '0000-00-00 00:00:00', 0, '0000-00-00 00:00:00'),
(12, 'view', 12, 0, 0, '', '', 0, 0, 0, 0, 10, 25, 26, 0, '0000-00-00 00:00:00', 0, '0000-00-00 00:00:00'),
(13, 'add', 13, 0, 0, '', '', 0, 0, 0, 0, 10, 27, 28, 0, '0000-00-00 00:00:00', 0, '0000-00-00 00:00:00'),
(14, 'edit', 14, 0, 0, '', '', 0, 0, 0, 0, 10, 29, 30, 0, '0000-00-00 00:00:00', 0, '0000-00-00 00:00:00'),
(15, 'delete', 15, 0, 0, '', '', 0, 0, 0, 0, 10, 31, 32, 0, '0000-00-00 00:00:00', 0, '0000-00-00 00:00:00'),
(16, 'multiedit', 16, 0, 0, '', '', 0, 0, 0, 0, 10, 33, 34, 0, '0000-00-00 00:00:00', 0, '0000-00-00 00:00:00'),
(17, 'Coreappsettings', 17, 0, 0, '', '', 0, 0, 0, 0, 61, 137, 150, 0, '0000-00-00 00:00:00', 0, '2011-01-24 13:05:26'),
(18, 'index', 18, 0, 0, '', '', 0, 0, 0, 0, 17, 138, 139, 0, '0000-00-00 00:00:00', 0, '0000-00-00 00:00:00'),
(19, 'view', 19, 0, 0, '', '', 0, 0, 0, 0, 17, 140, 141, 0, '0000-00-00 00:00:00', 0, '0000-00-00 00:00:00'),
(20, 'add', 20, 0, 0, '', '', 0, 0, 0, 0, 17, 142, 143, 0, '0000-00-00 00:00:00', 0, '0000-00-00 00:00:00'),
(21, 'edit', 21, 0, 0, '', '', 0, 0, 0, 0, 17, 144, 145, 0, '0000-00-00 00:00:00', 0, '0000-00-00 00:00:00'),
(22, 'delete', 22, 0, 0, '', '', 0, 0, 0, 0, 17, 146, 147, 0, '0000-00-00 00:00:00', 0, '0000-00-00 00:00:00'),
(23, 'multiedit', 23, 0, 0, '', '', 0, 0, 0, 0, 17, 148, 149, 0, '0000-00-00 00:00:00', 0, '0000-00-00 00:00:00'),
(24, 'Groups', 24, 0, 0, '', '', 0, 0, 0, 0, 61, 151, 166, 0, '0000-00-00 00:00:00', 0, '2011-02-02 18:33:00'),
(25, 'beforeSave', 25, 0, 0, '', '', 0, 0, 0, 0, 24, 152, 153, 0, '0000-00-00 00:00:00', 0, '0000-00-00 00:00:00'),
(26, 'index', 26, 0, 0, '', '', 0, 0, 0, 0, 24, 154, 155, 0, '0000-00-00 00:00:00', 0, '0000-00-00 00:00:00'),
(27, 'view', 27, 0, 0, '', '', 0, 0, 0, 0, 24, 156, 157, 0, '0000-00-00 00:00:00', 0, '0000-00-00 00:00:00'),
(28, 'add', 28, 0, 0, '', '', 0, 0, 0, 0, 24, 158, 159, 0, '0000-00-00 00:00:00', 0, '0000-00-00 00:00:00'),
(29, 'edit', 29, 0, 0, '', '', 0, 0, 0, 0, 24, 160, 161, 0, '0000-00-00 00:00:00', 0, '0000-00-00 00:00:00'),
(30, 'delete', 30, 0, 0, '', '', 0, 0, 0, 0, 24, 162, 163, 0, '0000-00-00 00:00:00', 0, '0000-00-00 00:00:00'),
(31, 'multiedit', 31, 0, 0, '', '', 0, 0, 0, 0, 24, 164, 165, 0, '0000-00-00 00:00:00', 0, '0000-00-00 00:00:00'),
(32, 'Menus', 32, 0, 0, '', '', 0, 0, 0, 0, 1, 36, 59, 0, '0000-00-00 00:00:00', 0, '0000-00-00 00:00:00'),
(33, 'populate', 33, 0, 0, '', '', 0, 0, 0, 0, 32, 37, 38, 0, '0000-00-00 00:00:00', 0, '0000-00-00 00:00:00'),
(34, 'index', 34, 0, 0, '', '', 0, 0, 0, 0, 32, 39, 40, 0, '0000-00-00 00:00:00', 0, '0000-00-00 00:00:00'),
(35, 'add', 35, 0, 0, '', '', 0, 0, 0, 0, 32, 41, 42, 0, '0000-00-00 00:00:00', 0, '0000-00-00 00:00:00'),
(36, 'edit', 36, 0, 0, '', '', 0, 0, 0, 0, 32, 43, 44, 0, '0000-00-00 00:00:00', 0, '0000-00-00 00:00:00'),
(37, 'delete', 37, 0, 0, '', '', 0, 0, 0, 0, 32, 45, 46, 0, '0000-00-00 00:00:00', 0, '0000-00-00 00:00:00'),
(38, 'beforeSave', 38, 0, 0, '', '', 0, 0, 0, 0, 32, 47, 48, 0, '0000-00-00 00:00:00', 0, '0000-00-00 00:00:00'),
(39, 'getnodes', 39, 0, 0, '', '', 0, 0, 0, 0, 32, 49, 50, 0, '0000-00-00 00:00:00', 0, '0000-00-00 00:00:00'),
(40, 'reorder', 40, 0, 0, '', '', 0, 0, 0, 0, 32, 51, 52, 0, '0000-00-00 00:00:00', 0, '0000-00-00 00:00:00'),
(41, 'reparent', 41, 0, 0, '', '', 0, 0, 0, 0, 32, 53, 54, 0, '0000-00-00 00:00:00', 0, '0000-00-00 00:00:00'),
(42, 'multiedit', 42, 0, 0, '', '', 0, 0, 0, 0, 32, 55, 56, 0, '0000-00-00 00:00:00', 0, '0000-00-00 00:00:00'),
(43, 'view', 43, 0, 0, '', '', 0, 0, 0, 0, 32, 57, 58, 0, '0000-00-00 00:00:00', 0, '0000-00-00 00:00:00'),
(44, 'Strainers', 44, 0, 0, '', '', 0, 0, 0, 0, 1, 60, 77, 0, '0000-00-00 00:00:00', 0, '0000-00-00 00:00:00'),
(45, 'index', 45, 0, 0, '', '', 0, 0, 0, 0, 44, 61, 62, 0, '0000-00-00 00:00:00', 0, '0000-00-00 00:00:00'),
(46, 'add', 46, 0, 0, '', '', 0, 0, 0, 0, 44, 63, 64, 0, '0000-00-00 00:00:00', 0, '0000-00-00 00:00:00'),
(47, 'addChildren', 47, 0, 0, '', '', 0, 0, 0, 0, 44, 65, 66, 0, '0000-00-00 00:00:00', 0, '0000-00-00 00:00:00'),
(48, 'get_flds_ajax', 48, 0, 0, '', '', 0, 0, 0, 0, 44, 67, 68, 0, '0000-00-00 00:00:00', 0, '0000-00-00 00:00:00'),
(49, 'multiedit', 49, 0, 0, '', '', 0, 0, 0, 0, 44, 69, 70, 0, '0000-00-00 00:00:00', 0, '0000-00-00 00:00:00'),
(50, 'edit', 50, 0, 0, '', '', 0, 0, 0, 0, 44, 71, 72, 0, '0000-00-00 00:00:00', 0, '0000-00-00 00:00:00'),
(51, 'view', 51, 0, 0, '', '', 0, 0, 0, 0, 44, 73, 74, 0, '0000-00-00 00:00:00', 0, '0000-00-00 00:00:00'),
(52, 'delete', 52, 0, 0, '', '', 0, 0, 0, 0, 44, 75, 76, 0, '0000-00-00 00:00:00', 0, '0000-00-00 00:00:00'),
(53, 'Uploads', 53, 0, 0, '', '', 0, 0, 0, 0, 1, 78, 93, 0, '0000-00-00 00:00:00', 0, '0000-00-00 00:00:00'),
(54, 'index', 54, 0, 0, '', '', 0, 0, 0, 0, 53, 79, 80, 0, '0000-00-00 00:00:00', 0, '0000-00-00 00:00:00'),
(55, 'view', 55, 0, 0, '', '', 0, 0, 0, 0, 53, 81, 82, 0, '0000-00-00 00:00:00', 0, '0000-00-00 00:00:00'),
(56, 'addBatch', 56, 0, 0, '', '', 0, 0, 0, 0, 53, 83, 84, 0, '0000-00-00 00:00:00', 0, '0000-00-00 00:00:00'),
(57, 'add', 57, 0, 0, '', '', 0, 0, 0, 0, 53, 85, 86, 0, '0000-00-00 00:00:00', 0, '0000-00-00 00:00:00'),
(58, 'edit', 58, 0, 0, '', '', 0, 0, 0, 0, 53, 87, 88, 0, '0000-00-00 00:00:00', 0, '0000-00-00 00:00:00'),
(59, 'delete', 59, 0, 0, '', '', 0, 0, 0, 0, 53, 89, 90, 0, '0000-00-00 00:00:00', 0, '0000-00-00 00:00:00'),
(60, 'multiedit', 60, 0, 0, '', '', 0, 0, 0, 0, 53, 91, 92, 0, '0000-00-00 00:00:00', 0, '0000-00-00 00:00:00'),
(61, 'Users', 61, 0, 0, '', '', 0, 0, 0, 0, 1, 94, 167, 0, '0000-00-00 00:00:00', 0, '0000-00-00 00:00:00'),
(62, 'sendActivationEmails', 62, 0, 0, '', '', 0, 0, 0, 0, 61, 95, 96, 0, '0000-00-00 00:00:00', 0, '0000-00-00 00:00:00'),
(63, 'register', 63, 0, 0, '', '', 0, 0, 0, 0, 61, 97, 98, 0, '0000-00-00 00:00:00', 0, '0000-00-00 00:00:00'),
(64, 'resendActivationEmails', 64, 0, 0, '', '', 0, 0, 0, 0, 61, 99, 100, 0, '0000-00-00 00:00:00', 0, '0000-00-00 00:00:00'),
(65, 'resend', 65, 0, 0, '', '', 0, 0, 0, 0, 61, 101, 102, 0, '0000-00-00 00:00:00', 0, '0000-00-00 00:00:00'),
(66, 'reset', 66, 0, 0, '', '', 0, 0, 0, 0, 61, 103, 104, 0, '0000-00-00 00:00:00', 0, '0000-00-00 00:00:00'),
(67, 'login', 67, 0, 0, '', '', 0, 0, 0, 0, 61, 105, 106, 0, '0000-00-00 00:00:00', 0, '0000-00-00 00:00:00'),
(68, 'logout', 68, 0, 0, '', '', 0, 0, 0, 0, 61, 107, 108, 0, '0000-00-00 00:00:00', 0, '0000-00-00 00:00:00'),
(69, 'view', 69, 0, 0, '', '', 0, 0, 0, 0, 61, 109, 110, 0, '0000-00-00 00:00:00', 0, '0000-00-00 00:00:00'),
(70, 'add', 70, 0, 0, '', '', 0, 0, 0, 0, 61, 111, 112, 0, '0000-00-00 00:00:00', 0, '0000-00-00 00:00:00'),
(71, 'edit', 71, 0, 0, '', '', 0, 0, 0, 0, 61, 113, 114, 0, '0000-00-00 00:00:00', 0, '0000-00-00 00:00:00'),
(72, 'manage', 72, 0, 0, '', '', 0, 0, 0, 0, 61, 115, 116, 0, '0000-00-00 00:00:00', 0, '0000-00-00 00:00:00'),
(73, 'delete', 73, 0, 0, '', '', 0, 0, 0, 0, 61, 117, 118, 0, '0000-00-00 00:00:00', 0, '0000-00-00 00:00:00'),
(74, 'admin_index', 74, 0, 0, '', '', 0, 0, 0, 0, 61, 119, 120, 0, '0000-00-00 00:00:00', 0, '0000-00-00 00:00:00'),
(75, 'admin_view', 75, 0, 0, '', '', 0, 0, 0, 0, 61, 121, 122, 0, '0000-00-00 00:00:00', 0, '0000-00-00 00:00:00'),
(76, 'admin_add', 76, 0, 0, '', '', 0, 0, 0, 0, 61, 123, 124, 0, '0000-00-00 00:00:00', 0, '0000-00-00 00:00:00'),
(77, 'admin_edit', 77, 0, 0, '', '', 0, 0, 0, 0, 61, 125, 126, 0, '0000-00-00 00:00:00', 0, '0000-00-00 00:00:00'),
(78, 'admin_delete', 78, 0, 0, '', '', 0, 0, 0, 0, 61, 127, 128, 0, '0000-00-00 00:00:00', 0, '0000-00-00 00:00:00'),
(79, 'user_actions', 79, 0, 0, '', '', 0, 0, 0, 0, 61, 129, 130, 0, '0000-00-00 00:00:00', 0, '0000-00-00 00:00:00'),
(80, 'build_acl', 80, 0, 0, '', '', 0, 0, 0, 0, 61, 131, 132, 0, '0000-00-00 00:00:00', 0, '0000-00-00 00:00:00'),
(81, 'index', 81, 0, 0, '', '', 0, 0, 0, 0, 61, 133, 134, 0, '0000-00-00 00:00:00', 0, '0000-00-00 00:00:00'),
(82, 'multiedit', 82, 0, 0, '', '', 0, 0, 0, 0, 61, 135, 136, 0, '0000-00-00 00:00:00', 0, '0000-00-00 00:00:00'),
(83, 'Usertickets', 83, 0, 0, '', '', 0, 0, 0, 0, 1, 168, 185, 0, '0000-00-00 00:00:00', 0, '0000-00-00 00:00:00'),
(84, 'index', 84, 0, 0, '', '', 0, 0, 0, 0, 83, 169, 170, 0, '0000-00-00 00:00:00', 0, '0000-00-00 00:00:00'),
(85, 'view', 85, 0, 0, '', '', 0, 0, 0, 0, 83, 171, 172, 0, '0000-00-00 00:00:00', 0, '0000-00-00 00:00:00'),
(86, 'add', 86, 0, 0, '', '', 0, 0, 0, 0, 83, 173, 174, 0, '0000-00-00 00:00:00', 0, '0000-00-00 00:00:00'),
(87, 'edit', 87, 0, 0, '', '', 0, 0, 0, 0, 83, 175, 176, 0, '0000-00-00 00:00:00', 0, '0000-00-00 00:00:00'),
(88, 'delete', 88, 0, 0, '', '', 0, 0, 0, 0, 83, 177, 178, 0, '0000-00-00 00:00:00', 0, '0000-00-00 00:00:00'),
(89, 'activate', 89, 0, 0, '', '', 0, 0, 0, 0, 83, 179, 180, 0, '0000-00-00 00:00:00', 0, '0000-00-00 00:00:00'),
(90, 'reset', 90, 0, 0, '', '', 0, 0, 0, 0, 83, 181, 182, 0, '0000-00-00 00:00:00', 0, '0000-00-00 00:00:00'),
(91, 'multiedit', 91, 0, 0, '', '', 0, 0, 0, 0, 83, 183, 184, 0, '0000-00-00 00:00:00', 0, '0000-00-00 00:00:00'),
(92, 'Acl', 92, 0, 0, '', '', 0, 0, 0, 0, 1, 186, 263, 0, '0000-00-00 00:00:00', 0, '0000-00-00 00:00:00'),
(93, 'Acl', 93, 0, 0, '', '', 0, 0, 0, 0, 92, 187, 202, 0, '0000-00-00 00:00:00', 0, '0000-00-00 00:00:00'),
(94, 'index', 94, 0, 0, '', '', 0, 0, 0, 0, 93, 188, 189, 0, '0000-00-00 00:00:00', 0, '0000-00-00 00:00:00'),
(95, 'admin_index', 95, 0, 0, '', '', 0, 0, 0, 0, 93, 190, 191, 0, '0000-00-00 00:00:00', 0, '0000-00-00 00:00:00'),
(96, 'multiedit', 96, 0, 0, '', '', 0, 0, 0, 0, 93, 192, 193, 0, '0000-00-00 00:00:00', 0, '0000-00-00 00:00:00'),
(97, 'add', 97, 0, 0, '', '', 0, 0, 0, 0, 93, 194, 195, 0, '0000-00-00 00:00:00', 0, '0000-00-00 00:00:00'),
(98, 'edit', 98, 0, 0, '', '', 0, 0, 0, 0, 93, 196, 197, 0, '0000-00-00 00:00:00', 0, '0000-00-00 00:00:00'),
(99, 'view', 99, 0, 0, '', '', 0, 0, 0, 0, 93, 198, 199, 0, '0000-00-00 00:00:00', 0, '0000-00-00 00:00:00'),
(100, 'delete', 100, 0, 0, '', '', 0, 0, 0, 0, 93, 200, 201, 0, '0000-00-00 00:00:00', 0, '0000-00-00 00:00:00'),
(101, 'Acos', 101, 0, 0, '', '', 0, 0, 0, 0, 92, 203, 222, 0, '0000-00-00 00:00:00', 1, '0000-00-00 00:00:00'),
(102, 'admin_index', 102, 0, 0, '', '', 0, 0, 0, 0, 101, 204, 205, 0, '0000-00-00 00:00:00', 1, '0000-00-00 00:00:00'),
(103, 'admin_empty_acos', 103, 0, 0, '', '', 0, 0, 0, 0, 101, 206, 207, 0, '0000-00-00 00:00:00', 1, '0000-00-00 00:00:00'),
(104, 'admin_build_acl', 104, 0, 0, '', '', 0, 0, 0, 0, 101, 208, 209, 0, '0000-00-00 00:00:00', 1, '0000-00-00 00:00:00'),
(105, 'index', 105, 0, 0, '', '', 0, 0, 0, 0, 101, 210, 211, 0, '0000-00-00 00:00:00', 1, '0000-00-00 00:00:00'),
(106, 'multiedit', 106, 0, 0, '', '', 0, 0, 0, 0, 101, 212, 213, 0, '0000-00-00 00:00:00', 1, '0000-00-00 00:00:00'),
(107, 'add', 107, 0, 0, '', '', 0, 0, 0, 0, 101, 214, 215, 0, '0000-00-00 00:00:00', 1, '0000-00-00 00:00:00'),
(108, 'edit', 108, 0, 0, '', '', 0, 0, 0, 0, 101, 216, 217, 0, '0000-00-00 00:00:00', 1, '0000-00-00 00:00:00'),
(109, 'view', 109, 0, 0, '', '', 0, 0, 0, 0, 101, 218, 219, 0, '0000-00-00 00:00:00', 1, '0000-00-00 00:00:00'),
(110, 'delete', 110, 0, 0, '', '', 0, 0, 0, 0, 101, 220, 221, 0, '0000-00-00 00:00:00', 1, '0000-00-00 00:00:00'),
(111, 'Aros', 111, 0, 0, '', '', 0, 0, 0, 0, 92, 223, 262, 0, '0000-00-00 00:00:00', 1, '0000-00-00 00:00:00'),
(112, 'admin_index', 112, 0, 0, '', '', 0, 0, 0, 0, 111, 224, 225, 0, '0000-00-00 00:00:00', 1, '0000-00-00 00:00:00'),
(113, 'admin_check', 113, 0, 0, '', '', 0, 0, 0, 0, 111, 226, 227, 0, '0000-00-00 00:00:00', 1, '0000-00-00 00:00:00'),
(114, 'admin_users', 114, 0, 0, '', '', 0, 0, 0, 0, 111, 228, 229, 0, '0000-00-00 00:00:00', 1, '0000-00-00 00:00:00'),
(115, 'admin_update_user_role', 115, 0, 0, '', '', 0, 0, 0, 0, 111, 230, 231, 0, '0000-00-00 00:00:00', 1, '0000-00-00 00:00:00'),
(116, 'admin_role_permissions', 116, 0, 0, '', '', 0, 0, 0, 0, 111, 232, 233, 0, '0000-00-00 00:00:00', 1, '0000-00-00 00:00:00'),
(117, 'admin_user_permissions', 117, 0, 0, '', '', 0, 0, 0, 0, 111, 234, 235, 0, '0000-00-00 00:00:00', 1, '0000-00-00 00:00:00'),
(118, 'admin_empty_permissions', 118, 0, 0, '', '', 0, 0, 0, 0, 111, 236, 237, 0, '0000-00-00 00:00:00', 1, '0000-00-00 00:00:00'),
(119, 'admin_grant_all_controllers', 119, 0, 0, '', '', 0, 0, 0, 0, 111, 238, 239, 0, '0000-00-00 00:00:00', 1, '0000-00-00 00:00:00'),
(120, 'admin_deny_all_controllers', 120, 0, 0, '', '', 0, 0, 0, 0, 111, 240, 241, 0, '0000-00-00 00:00:00', 1, '0000-00-00 00:00:00'),
(121, 'admin_grant_role_permission', 121, 0, 0, '', '', 0, 0, 0, 0, 111, 242, 243, 0, '0000-00-00 00:00:00', 1, '0000-00-00 00:00:00'),
(122, 'admin_deny_role_permission', 122, 0, 0, '', '', 0, 0, 0, 0, 111, 244, 245, 0, '0000-00-00 00:00:00', 1, '0000-00-00 00:00:00'),
(123, 'admin_grant_user_permission', 123, 0, 0, '', '', 0, 0, 0, 0, 111, 246, 247, 0, '0000-00-00 00:00:00', 1, '0000-00-00 00:00:00'),
(124, 'admin_deny_user_permission', 124, 0, 0, '', '', 0, 0, 0, 0, 111, 248, 249, 0, '0000-00-00 00:00:00', 1, '0000-00-00 00:00:00'),
(125, 'index', 125, 0, 0, '', '', 0, 0, 0, 0, 111, 250, 251, 0, '0000-00-00 00:00:00', 1, '0000-00-00 00:00:00'),
(126, 'multiedit', 126, 0, 0, '', '', 0, 0, 0, 0, 111, 252, 253, 0, '0000-00-00 00:00:00', 1, '0000-00-00 00:00:00'),
(127, 'add', 127, 0, 0, '', '', 0, 0, 0, 0, 111, 254, 255, 0, '0000-00-00 00:00:00', 1, '0000-00-00 00:00:00'),
(128, 'edit', 128, 0, 0, '', '', 0, 0, 0, 0, 111, 256, 257, 0, '0000-00-00 00:00:00', 1, '0000-00-00 00:00:00'),
(129, 'view', 129, 0, 0, '', '', 0, 0, 0, 0, 111, 258, 259, 0, '0000-00-00 00:00:00', 1, '0000-00-00 00:00:00'),
(130, 'delete', 130, 0, 0, '', '', 0, 0, 0, 0, 111, 260, 261, 0, '0000-00-00 00:00:00', 1, '0000-00-00 00:00:00'),
(136, 'test', 136, 1, 0, 'www.yahoo.com', 'test', 0, 0, 1, 0, 135, 265, 266, 1, '2011-01-24 13:37:28', 1, '2011-01-24 13:37:28'),
(135, 'Home', 135, 1, 1, 'www.google.com', 'Home', 0, 0, 1, 0, 1, 264, 269, 1, '2011-01-24 13:33:09', 1, '2011-01-27 18:48:38'),
(137, 'subdisplay', 137, 0, 0, '', 'test', 0, 0, 0, 0, 3, 4, 5, 1, '2011-01-24 14:27:25', 1, '2011-01-24 14:27:25'),
(138, 'index', 138, 0, 0, '', '', 0, 0, 0, 0, 135, 267, 268, 1, '2011-02-02 18:22:51', 1, '2011-02-02 18:22:51'),
(139, 'index', 139, 0, 0, '', '', 0, 0, 0, 0, 3, 6, 7, 1, '2011-02-02 18:30:05', 1, '2011-02-02 18:30:05');

-- --------------------------------------------------------

--
-- Table structure for table `n155000imports`
--

CREATE TABLE IF NOT EXISTS `n155000imports` (
  `DATEINPUT` date NOT NULL,
  `ACCOUNTINGDATE` date NOT NULL,
  `EFFECTIVEDATE` date NOT NULL,
  `POLICYNUMBER` varchar(8) NOT NULL,
  `ITEMCODE` varchar(5) NOT NULL,
  `DEBITAMOUNT` varchar(11) NOT NULL,
  `CREDITAMOUNT` varchar(17) NOT NULL,
  `STATE` varchar(2) NOT NULL,
  `OPID` varchar(255) NOT NULL,
  `co` varchar(2) NOT NULL,
  `account` varchar(7) NOT NULL
) ENGINE=MyISAM DEFAULT CHARSET=latin1;

--
-- Dumping data for table `n155000imports`
--


-- --------------------------------------------------------

--
-- Table structure for table `n155000s`
--

CREATE TABLE IF NOT EXISTS `n155000s` (
  `ID` int(11) NOT NULL AUTO_INCREMENT,
  `COMPANY` varchar(255) NOT NULL,
  `CYCLEDATE` date NOT NULL,
  `ACCOUNTNUMBER` varchar(255) NOT NULL,
  `DATEINPUT` date NOT NULL,
  `ACCOUNTINGDATE` date NOT NULL,
  `EFFECTIVEDATE` date NOT NULL,
  `POLICYNUMBER` varchar(255) NOT NULL,
  `RIDER` varchar(255) NOT NULL,
  `ITEMCODE` varchar(255) NOT NULL,
  `DEBITAMOUNT` decimal(9,2) NOT NULL,
  `CREDITAMOUNT` decimal(9,2) NOT NULL,
  `STATE` varchar(255) NOT NULL,
  `CITY` varchar(255) NOT NULL,
  `OPID` varchar(255) NOT NULL,
  `master_id` varchar(255) NOT NULL,
  `creator_id` int(11) NOT NULL,
  `created` date NOT NULL,
  `modifier_id` int(11) NOT NULL,
  `modified` date NOT NULL,
  PRIMARY KEY (`ID`)
) ENGINE=MyISAM DEFAULT CHARSET=latin1 AUTO_INCREMENT=1 ;

--
-- Dumping data for table `n155000s`
--


-- --------------------------------------------------------

--
-- Table structure for table `permissionrecs`
--

CREATE TABLE IF NOT EXISTS `permissionrecs` (
  `id` int(11) unsigned NOT NULL AUTO_INCREMENT,
  `model` varchar(32) NOT NULL,
  `foreign_id` int(11) unsigned NOT NULL,
  `uid` int(11) unsigned NOT NULL,
  `gid` int(11) unsigned NOT NULL,
  `perms` int(3) unsigned zerofill NOT NULL DEFAULT '000',
  PRIMARY KEY (`id`),
  KEY `polymorphic_idx` (`model`,`foreign_id`),
  KEY `uid_idx` (`uid`),
  KEY `gid_idx` (`gid`)
) ENGINE=MyISAM  DEFAULT CHARSET=latin1 AUTO_INCREMENT=55 ;

--
-- Dumping data for table `permissionrecs`
--

INSERT INTO `permissionrecs` (`id`, `model`, `foreign_id`, `uid`, `gid`, `perms`) VALUES
(6, 'Upload', 102, 18, 4, 416),
(4, 'Upload', 100, 1, 1, 416),
(5, 'Upload', 101, 18, 4, 416),
(7, 'Upload', 103, 18, 4, 416),
(8, 'Upload', 104, 18, 4, 416),
(9, 'Upload', 105, 1, 1, 416),
(10, 'Upload', 106, 1, 26, 416),
(11, 'Upload', 107, 1, 26, 416),
(12, 'Upload', 108, 1, 26, 416),
(13, 'Upload', 109, 1, 26, 416),
(14, 'Upload', 110, 1, 26, 416),
(15, 'Upload', 111, 1, 26, 416),
(16, 'Upload', 112, 1, 26, 416),
(17, 'Upload', 113, 1, 26, 416),
(18, 'Upload', 114, 1, 26, 416),
(19, 'Upload', 115, 1, 26, 416),
(20, 'Upload', 116, 1, 26, 416),
(21, 'Upload', 117, 1, 26, 416),
(22, 'Upload', 118, 1, 26, 416),
(23, 'Upload', 119, 1, 26, 416),
(24, 'Upload', 120, 1, 26, 416),
(25, 'Upload', 121, 1, 26, 416),
(26, 'Upload', 122, 1, 26, 416),
(27, 'Upload', 123, 1, 26, 416),
(28, 'Upload', 124, 1, 26, 416),
(29, 'Upload', 125, 1, 26, 416),
(30, 'Upload', 126, 1, 26, 416),
(31, 'Upload', 127, 1, 26, 416),
(32, 'Upload', 128, 1, 26, 416),
(33, 'Upload', 129, 1, 26, 416),
(34, 'Upload', 130, 1, 26, 416),
(35, 'Upload', 131, 1, 26, 416),
(36, 'Upload', 132, 1, 26, 416),
(37, 'Upload', 133, 1, 26, 416),
(38, 'Upload', 134, 1, 26, 416),
(39, 'Upload', 1, 1, 26, 416),
(40, 'Upload', 2, 1, 26, 416),
(41, 'Upload', 3, 1, 26, 416),
(42, 'Upload', 4, 1, 26, 416),
(43, 'Upload', 5, 1, 26, 416),
(44, 'Upload', 6, 1, 26, 416),
(45, 'Upload', 7, 1, 26, 416),
(46, 'Upload', 8, 1, 26, 416),
(47, 'Upload', 9, 1, 26, 416),
(48, 'Upload', 10, 1, 26, 416),
(49, 'Upload', 11, 1, 26, 416),
(50, 'Upload', 12, 1, 26, 416),
(51, 'Upload', 13, 1, 26, 416),
(52, 'Upload', 14, 1, 26, 416),
(53, 'Upload', 15, 1, 26, 416),
(54, 'Upload', 16, 1, 26, 416);

-- --------------------------------------------------------

--
-- Table structure for table `strainers`
--

CREATE TABLE IF NOT EXISTS `strainers` (
  `id` int(11) NOT NULL AUTO_INCREMENT,
  `name` varchar(255) NOT NULL,
  `fvalue` varchar(255) NOT NULL,
  `parent_id` int(11) DEFAULT NULL,
  `qualifier` varchar(255) NOT NULL,
  `model` varchar(255) NOT NULL,
  `fld` varchar(255) NOT NULL,
  `allflds` tinyint(1) NOT NULL,
  `created` datetime NOT NULL,
  `creator_id` int(11) NOT NULL,
  `modified` datetime NOT NULL,
  `modifier_id` int(11) NOT NULL,
  `andor` varchar(3) NOT NULL,
  `lft` int(11) NOT NULL,
  `rght` int(11) NOT NULL,
  PRIMARY KEY (`id`)
) ENGINE=MyISAM  DEFAULT CHARSET=latin1 AUTO_INCREMENT=266 ;

--
-- Dumping data for table `strainers`
--

INSERT INTO `strainers` (`id`, `name`, `fvalue`, `parent_id`, `qualifier`, `model`, `fld`, `allflds`, `created`, `creator_id`, `modified`, `modifier_id`, `andor`, `lft`, `rght`) VALUES
(264, '', 'aaa', 263, 'LIKE', '', 'id', 0, '2010-10-08 10:15:42', 1, '2010-10-08 10:15:42', 1, 'and', 2, 3),
(265, '', 'bbb', 263, 'LIKE', '', 'id', 0, '2010-10-08 10:15:42', 1, '2010-10-08 10:15:42', 1, 'and', 4, 5),
(263, 'adf', '', NULL, '', 'Group', '', 0, '2010-10-08 10:15:42', 1, '2010-10-08 10:15:42', 1, '', 1, 6);

-- --------------------------------------------------------

--
-- Table structure for table `t055011imports`
--

CREATE TABLE IF NOT EXISTS `t055011imports` (
  `co` varchar(2) NOT NULL,
  `POLID` varchar(255) DEFAULT NULL,
  `OLDPOL` varchar(255) DEFAULT NULL,
  `TAXGROUP` varchar(255) DEFAULT NULL,
  `TAXYEAR` varchar(255) NOT NULL DEFAULT '',
  `FORM` varchar(255) DEFAULT NULL,
  `CORRFLAG` varchar(255) DEFAULT NULL,
  `PAYEETIN` varchar(255) NOT NULL DEFAULT '',
  `PAYEEACCTNO` varchar(255) NOT NULL DEFAULT '',
  `PAYEENAME1` varchar(255) DEFAULT NULL,
  `PAYEENAME2` varchar(255) DEFAULT NULL,
  `PAYEEADDR1` varchar(255) DEFAULT NULL,
  `PAYEEADDR2` varchar(255) DEFAULT NULL,
  `PAYEECSZ` varchar(255) DEFAULT NULL,
  `PAYEECTRY` varchar(255) DEFAULT NULL,
  `2NDTINNOTICE` varchar(255) DEFAULT NULL,
  `INTINCOME` varchar(255) DEFAULT NULL,
  `EARLYWTHDPNLTY` varchar(255) DEFAULT NULL,
  `SAVBONDINT` varchar(255) DEFAULT NULL,
  `FEDTAXWTHD` varchar(255) DEFAULT NULL,
  `INVESTEXP` varchar(255) DEFAULT NULL,
  `FGNTAXPAID` varchar(255) DEFAULT NULL,
  `FGNCNTRY` varchar(255) DEFAULT NULL,
  `TAXEXEMPTINT` varchar(255) DEFAULT NULL,
  `PVTACTBONDINT` varchar(255) DEFAULT NULL,
  `PAYERRTN` varchar(255) DEFAULT NULL,
  `PAYERTIN` varchar(255) DEFAULT NULL,
  `PAYERADDR1` varchar(255) DEFAULT NULL,
  `PAYERADDR2` varchar(255) DEFAULT NULL,
  `PAYERADDR3` varchar(255) DEFAULT NULL,
  `PAYERCSZ` varchar(255) DEFAULT NULL,
  `PAYERPHONE` varchar(255) DEFAULT NULL,
  `LOGOFILE` varchar(255) DEFAULT NULL,
  `SDCFORM01` varchar(255) DEFAULT NULL,
  `SDCFORM02` varchar(255) DEFAULT NULL,
  `SDCFORM03` varchar(255) DEFAULT NULL,
  `SDCFORM04` varchar(255) DEFAULT NULL,
  `SDCFORM05` varchar(255) DEFAULT NULL,
  `STATUS` varchar(255) DEFAULT NULL,
  `WARNING` varchar(255) DEFAULT NULL,
  `STTAXWTHD` varchar(255) DEFAULT NULL,
  `STTAXID` varchar(255) DEFAULT NULL,
  PRIMARY KEY (`PAYEETIN`,`PAYEEACCTNO`)
) ENGINE=MyISAM DEFAULT CHARSET=latin1;

--
-- Dumping data for table `t055011imports`
--

INSERT INTO `t055011imports` (`co`, `POLID`, `OLDPOL`, `TAXGROUP`, `TAXYEAR`, `FORM`, `CORRFLAG`, `PAYEETIN`, `PAYEEACCTNO`, `PAYEENAME1`, `PAYEENAME2`, `PAYEEADDR1`, `PAYEEADDR2`, `PAYEECSZ`, `PAYEECTRY`, `2NDTINNOTICE`, `INTINCOME`, `EARLYWTHDPNLTY`, `SAVBONDINT`, `FEDTAXWTHD`, `INVESTEXP`, `FGNTAXPAID`, `FGNCNTRY`, `TAXEXEMPTINT`, `PVTACTBONDINT`, `PAYERRTN`, `PAYERTIN`, `PAYERADDR1`, `PAYERADDR2`, `PAYERADDR3`, `PAYERCSZ`, `PAYERPHONE`, `LOGOFILE`, `SDCFORM01`, `SDCFORM02`, `SDCFORM03`, `SDCFORM04`, `SDCFORM05`, `STATUS`, `WARNING`, `STTAXWTHD`, `STTAXID`) VALUES
('3Z', '3ZYCT01389', '', 'EW', '2011', '6', '', '', '3ZYCT01389  T0000001', 'MARY HERNANDEZ', '', '820 E 20TH ST', '', 'SCOTTSBLUFF, NE  69361-2111', '', '', '3.04', '', '', '', '', '', '', '', '', '', '74-6560842', 'PYRAMID LIFE', '', '777 RESEARCH DR', 'LINCOLN, NE  68521', '(866) 626-0199', '3ZPY', 'S01TAX-COVER-SHEET', 'D012011-1099INT', '', '', '', 'P', 'Y', '', 'NE\n'),
('3Z', '3ZYCW14952', '', 'EW', '2011', '6', '', '', '3ZYCW14952  T0000001', 'ROBERT L PURDUE SR', '', '4532 GEORGIA AVE', '', 'KANSAS CITY, KS  66104-3355', '', '', '2.92', '', '', '', '', '', '', '', '', '', '74-6560842', 'PYRAMID LIFE', '', '777 RESEARCH DR', 'LINCOLN, NE  68521', '(866) 626-0199', '3ZPY', 'S01TAX-COVER-SHEET', 'D012011-1099INT', '', '', '', 'P', 'Y', '', 'KS\n'),
('3Z', '3ZYCT00980', '', 'EW', '2011', '6', '', '303369245', '3ZYCT00980  T0000001', 'PHYLLIS R LANCE', '', '19440 CYPRESS POINT DR', '', 'NORTHRIDGE, CA  91326-1402', '', '', '31.47', '', '', '', '', '', '', '', '', '', '74-6560842', 'PYRAMID LIFE', '', '777 RESEARCH DR', 'LINCOLN, NE  68521', '(866) 626-0199', '3ZPY', 'S01TAX-COVER-SHEET', 'D012011-1099INT', '', '', '', 'P', '', '', 'CA\n'),
('3Z', '3ZYCT00885', '', 'EW', '2011', '6', '', '459304336', '3ZYCT00885  T0000001', 'EDGAR R GOMER', '', '14281 MORNING LIGHT DR', '', 'HERRIMAN, UT  84096-1894', '', '', '114.78', '', '', '', '', '', '', '', '', '', '74-6560842', 'PYRAMID LIFE', '', '777 RESEARCH DR', 'LINCOLN, NE  68521', '(866) 626-0199', '3ZPY', 'S01TAX-COVER-SHEET', 'D012011-1099INT', '', '', '', 'P', '', '', 'UT\n'),
('3Z', '3ZYCW15693', '', 'EW', '2011', '6', '', '466828921', '3ZYCW15693  T0000001', 'ADOLPH L VACA JR', '', '8115 SOLANA DR', '', 'HOUSTON, TX  77083-5432', '', '', '47.56', '', '', '', '', '', '', '', '', '', '74-6560842', 'PYRAMID LIFE', '', '777 RESEARCH DR', 'LINCOLN, NE  68521', '(866) 626-0199', '3ZPY', 'S01TAX-COVER-SHEET', 'D012011-1099INT', '', '', '', '', '', '', 'TX\n'),
('3Z', '3ZYCW16376', '', 'EW', '2011', '6', '', '475704427', '3ZYCW16376  T0000001', 'MIKE SUMMERS', '', '17290 RIDGEVIEW DR', '', 'MINNETONKA, MN  55345-1729', '', '', '244.76', '', '', '', '', '', '', '', '', '', '74-6560842', 'PYRAMID LIFE', '', '777 RESEARCH DR', 'LINCOLN, NE  68521', '(866) 626-0199', '3ZPY', 'S01TAX-COVER-SHEET', 'D012011-1099INT', '', '', '', '', '', '', 'MN\n'),
('3Z', '3ZYCT01308', '', 'EW', '2011', '6', '', '477660242', '3ZYCT01308  T0000001', 'TIMOTHY J HAGEN', '', '7697 ROSE RD', '', 'PLYMOUTH, IN  46563-8893', '', '', '17.78', '', '', '', '', '', '', '', '', '', '74-6560842', 'PYRAMID LIFE', '', '777 RESEARCH DR', 'LINCOLN, NE  68521', '(866) 626-0199', '3ZPY', 'S01TAX-COVER-SHEET', 'D012011-1099INT', '', '', '', 'P', '', '', 'IN\n'),
('3Z', '3ZYCT01392', '', 'EW', '2011', '6', '', '482549357', '3ZYCT01392  T0000001', 'BARBARA R YANEY', '', '3612 NW 63RD PL', '', 'GAINESVILLE, FL  32653-8863', '', '', '24.75', '', '', '', '', '', '', '', '', '', '74-6560842', 'PYRAMID LIFE', '', '777 RESEARCH DR', 'LINCOLN, NE  68521', '(866) 626-0199', '3ZPY', 'S01TAX-COVER-SHEET', 'D012011-1099INT', '', '', '', 'P', '', '', 'FL\n'),
('3Z', '3ZYCW15466', '', 'EW', '2011', '6', '', '489600139', '3ZYCW15466  T0000001', 'JOHN FRANK STRADA', '', '1100 PACIFIC ST', '', 'KANSAS CITY, MO  64106', '', '', '2,456.98', '', '', '', '', '', '', '', '', '', '74-6560842', 'PYRAMID LIFE', '', '777 RESEARCH DR', 'LINCOLN, NE  68521', '(866) 626-0199', '3ZPY', 'S01TAX-COVER-SHEET', 'D012011-1099INT', '', '', '', 'D', '', '', 'MO\n'),
('3Z', '3ZYCW16053', '', 'EW', '2011', '6', '', '492543478', '3ZYCW16053  T0000001', 'GARY L HARRIS', '', '13267 B HWY', '', 'BOONVILLE, MO  65233-3926', '', '', '123.20', '', '', '', '', '', '', '', '', '', '74-6560842', 'PYRAMID LIFE', '', '777 RESEARCH DR', 'LINCOLN, NE  68521', '(866) 626-0199', '3ZPY', 'S01TAX-COVER-SHEET', 'D012011-1099INT', '', '', '', '', '', '', 'MO\n'),
('3Z', '3ZYCT01311', '', 'EW', '2011', '6', '', '492581924', '3ZYCT01311  T0000001', 'DAVE J DUDENHOEFFER', '', 'HC 64 BOX 46', '', 'LINN, MO  65051-9303', '', '', '20.40', '', '', '', '', '', '', '', '', '', '74-6560842', 'PYRAMID LIFE', '', '777 RESEARCH DR', 'LINCOLN, NE  68521', '(866) 626-0199', '3ZPY', 'S01TAX-COVER-SHEET', 'D012011-1099INT', '', '', '', 'P', '', '', 'MO\n'),
('3Z', '3ZYCT01310', '', 'EW', '2011', '6', '', '492582487', '3ZYCT01310  T0000001', 'GLENDA A DAHLSTROM', '', '2101 WINDRIVER DR', '', 'JEFFERSON CTY, MO  65101-4472', '', '', '19.81', '', '', '', '', '', '', '', '', '', '74-6560842', 'PYRAMID LIFE', '', '777 RESEARCH DR', 'LINCOLN, NE  68521', '(866) 626-0199', '3ZPY', 'S01TAX-COVER-SHEET', 'D012011-1099INT', '', '', '', 'P', '', '', 'MO\n'),
('3Z', '3ZYCT00974', '', 'EW', '2011', '6', '', '493621510', '3ZYCT00974  T0000001', 'STEVEN L BONTZ', '', '201 W MISSOURI AVE', '', 'VANDALIA, MO  63382-1061', '', '', '22.08', '', '', '', '', '', '', '', '', '', '74-6560842', 'PYRAMID LIFE', '', '777 RESEARCH DR', 'LINCOLN, NE  68521', '(866) 626-0199', '3ZPY', 'S01TAX-COVER-SHEET', 'D012011-1099INT', '', '', '', 'P', '', '', 'MO\n'),
('3Z', '3ZYCT00975', '', 'EW', '2011', '6', '', '494380863', '3ZYCT00975  T0000001', 'ROGER B FISCHER', '', '421 ULMAN RIDGE RD', '', 'TUSCUMBIA, MO  65082-2147', '', '', '29.25', '', '', '', '', '', '', '', '', '', '74-6560842', 'PYRAMID LIFE', '', '777 RESEARCH DR', 'LINCOLN, NE  68521', '(866) 626-0199', '3ZPY', 'S01TAX-COVER-SHEET', 'D012011-1099INT', '', '', '', 'P', '', '', 'MO\n'),
('3Z', '3ZYCW14511', '', 'EW', '2011', '6', '', '499586149', '3ZYCW14511  T0000001', 'SUSAN B SHIMEL', '', '38402 E 177TH ST', '', 'PLEASANT HILL, MO  64080-9336', '', '', '5.38', '', '', '', '', '', '', '', '', '', '74-6560842', 'PYRAMID LIFE', '', '777 RESEARCH DR', 'LINCOLN, NE  68521', '(866) 626-0199', '3ZPY', 'S01TAX-COVER-SHEET', 'D012011-1099INT', '', '', '', 'P', '', '', 'MO\n'),
('3Z', '3ZYCW17499', '', 'EW', '2011', '6', '', '507384371', '3ZYCW17499  T0000001', 'PATRICK L POWERS', '', '3504 CENTENNIAL CIR', '', 'EVANS, CO  80620-1904', '', '', '62.68', '', '', '', '', '', '', '', '', '', '74-6560842', 'PYRAMID LIFE', '', '777 RESEARCH DR', 'LINCOLN, NE  68521', '(866) 626-0199', '3ZPY', 'S01TAX-COVER-SHEET', 'D012011-1099INT', '', '', '', '', '', '', 'CO\n'),
('3Z', '3ZYCT00788', '', 'EW', '2011', '6', '', '507503264', '3ZYCT00788  T0000001', 'KAREN R CHRISTENSEN', '', '1950 WESTRIDGE DR', '', 'BROKEN BOW, NE  68822-1414', '', '', '27.49', '', '', '', '', '', '', '', '', '', '74-6560842', 'PYRAMID LIFE', '', '777 RESEARCH DR', 'LINCOLN, NE  68521', '(866) 626-0199', '3ZPY', 'S01TAX-COVER-SHEET', 'D012011-1099INT', '', '', '', 'P', '', '', 'NE\n'),
('3Z', '3ZYCT00775', '', 'EW', '2011', '6', '', '508680161', '3ZYCT00775  T0000001', 'WILLIAM C DWORAK', '', '4266 N DIAMOND POINT', '', 'MESA, AZ  85207-1466', '', '', '14.00', '', '', '', '', '', '', '', '', '', '74-6560842', 'PYRAMID LIFE', '', '777 RESEARCH DR', 'LINCOLN, NE  68521', '(866) 626-0199', '3ZPY', 'S01TAX-COVER-SHEET', 'D012011-1099INT', '', '', '', 'P', '', '', 'AZ\n'),
('3Z', '3ZYCW17526', '', 'EW', '2011', '6', '', '510120278', '3ZYCW17526  T0000001', 'JAY L JELINEK', '', '7200 VAN DORN ST', 'APT 105', 'LINCOLN, NE  68506-3717', '', '', '1.31', '', '', '', '', '', '', '', '', '', '74-6560842', 'PYRAMID LIFE', '', '777 RESEARCH DR', 'LINCOLN, NE  68521', '(866) 626-0199', '3ZPY', 'S01TAX-COVER-SHEET', 'D012011-1099INT', '', '', '', '', '', '', 'NE\n'),
('3Z', '3ZYCW17522', '', 'EW', '2011', '6', '', '512289206', '3ZYCW17522  T0000001', 'ALBERT N KRALY', '', '505 N 5TH ST', '', 'KANSAS CITY, KS  66101-2917', '', '', '2.46', '', '', '', '', '', '', '', '', '', '74-6560842', 'PYRAMID LIFE', '', '777 RESEARCH DR', 'LINCOLN, NE  68521', '(866) 626-0199', '3ZPY', 'S01TAX-COVER-SHEET', 'D012011-1099INT', '', '', '', '', '', '', 'KS\n'),
('3Z', '3ZYCW17514', '', 'EW', '2011', '6', '', '512289523', '3ZYCW17514  T0000001', 'JOHN A BOND', '', '5511 FLINT ST', '', 'SHAWNEE, KS  66203-2213', '', '', '15.77', '', '', '', '', '', '', '', '', '', '74-6560842', 'PYRAMID LIFE', '', '777 RESEARCH DR', 'LINCOLN, NE  68521', '(866) 626-0199', '3ZPY', 'S01TAX-COVER-SHEET', 'D012011-1099INT', '', '', '', '', '', '', 'KS\n'),
('3Z', '3ZYCW16705', '', 'EW', '2011', '6', '', '517684200', '3ZYCW16705  T0000001', 'RICHARD D SMITH', '', '2718 OXFORD DR', '', 'BILLINGS, MT  59102-1619', '', '', '140.35', '', '', '', '', '', '', '', '', '', '74-6560842', 'PYRAMID LIFE', '', '777 RESEARCH DR', 'LINCOLN, NE  68521', '(866) 626-0199', '3ZPY', 'S01TAX-COVER-SHEET', 'D012011-1099INT', '', '', '', '', '', '', 'MT\n'),
('3Z', '3ZYCT01062', '', 'EW', '2011', '6', '', '522246374', '3ZYCT01062  T0000001', 'JAMES B HAWKINS', '', '1410 BURCH CIR', '', 'LIBERTY, MO  64068-1265', '', '', '105.90', '', '', '', '', '', '', '', '', '', '74-6560842', 'PYRAMID LIFE', '', '777 RESEARCH DR', 'LINCOLN, NE  68521', '(866) 626-0199', '3ZPY', 'S01TAX-COVER-SHEET', 'D012011-1099INT', '', '', '', 'P', '', '', 'MOPOLID'),
('1V', '1VR0009126', '', 'DQ', '2011', '6', '', '001384632', '1VR0009126  T0000001', 'RUTH E SERNAK', '', '110 LAKEWOOD DRIVE', '', 'PINEHURST, NC  28374', '', '', '2,062.78', '', '', '', '', '', '', '', '', '', '52-6033321', '', '', '', '', '', '1V', 'S01TAX-COVER-SHEET', 'D012011-1099INT', '', '', '', 'D', '', '', 'NC\n'),
('1V', '1VR0001344', '', 'DQ', '2011', '6', '', '553040229', '1VR0001344  T0000001', 'GARY DAVID BOWIE', '', '12261 LINROE DRIVE', '', 'LAKESIDE, CA  92040-5401', '', '', '675.76', '', '', '', '', '', '', '', '', '', '52-6033321', '', '', '', '', '', '1VNDTB', 'S01TAX-COVER-SHEET', 'D012011-1099INT', '', '', '', 'D', '', '', 'CA');

-- --------------------------------------------------------

--
-- Table structure for table `t055021imports`
--

CREATE TABLE IF NOT EXISTS `t055021imports` (
  `co` varchar(2) NOT NULL,
  `POLID` varchar(255) DEFAULT NULL,
  `OLDPOL` varchar(255) DEFAULT NULL,
  `TAXGROUP` varchar(255) DEFAULT NULL,
  `TAXYEAR` varchar(255) DEFAULT NULL,
  `FORM` varchar(255) DEFAULT NULL,
  `CORRFLAG` varchar(255) DEFAULT NULL,
  `PAYEETIN` varchar(255) NOT NULL DEFAULT '',
  `PAYEEACCTNO` varchar(255) NOT NULL DEFAULT '',
  `PAYEENAME1` varchar(255) DEFAULT NULL,
  `PAYEENAME2` varchar(255) DEFAULT NULL,
  `PAYEEADDR1` varchar(255) DEFAULT NULL,
  `PAYEEADDR2` varchar(255) DEFAULT NULL,
  `PAYEECSZ` varchar(255) DEFAULT NULL,
  `PAYEECTRY` varchar(255) DEFAULT NULL,
  `2NDTINNOTICE` varchar(255) DEFAULT NULL,
  `RENTS` varchar(255) DEFAULT NULL,
  `ROYALTIES` varchar(255) DEFAULT NULL,
  `OTHERINC` varchar(255) DEFAULT NULL,
  `FEDTAXWTHD` varchar(255) DEFAULT NULL,
  `FISHBOATPRO` varchar(255) DEFAULT NULL,
  `MEDPAYMTS` varchar(255) DEFAULT NULL,
  `NONEMPCOMP` varchar(255) DEFAULT NULL,
  `SUBSTPAYMTS` varchar(255) DEFAULT NULL,
  `DIRSALESIND` varchar(255) DEFAULT NULL,
  `CROPINS` varchar(255) DEFAULT NULL,
  `EXGOLDPARA` varchar(255) DEFAULT NULL,
  `GROSSATTY` varchar(255) DEFAULT NULL,
  `409ADEFER` varchar(255) DEFAULT NULL,
  `409AINCOME` varchar(255) DEFAULT NULL,
  `STTAXWTHD` varchar(255) DEFAULT NULL,
  `STTAXID` varchar(255) DEFAULT NULL,
  `STDIST` varchar(255) DEFAULT NULL,
  `PAYERTIN` varchar(255) DEFAULT NULL,
  `PAYERADDR1` varchar(255) DEFAULT NULL,
  `PAYERADDR2` varchar(255) DEFAULT NULL,
  `PAYERADDR3` varchar(255) DEFAULT NULL,
  `PAYERCSZ` varchar(255) DEFAULT NULL,
  `PAYERPHONE` varchar(255) DEFAULT NULL,
  `LOGOFILE` varchar(255) DEFAULT NULL,
  `SDCFORM01` varchar(255) DEFAULT NULL,
  `SDCFORM02` varchar(255) DEFAULT NULL,
  `SDCFORM03` varchar(255) DEFAULT NULL,
  `SDCFORM04` varchar(255) DEFAULT NULL,
  `SDCFORM05` varchar(255) DEFAULT NULL,
  `STATUS` varchar(255) DEFAULT NULL,
  `WARNING` varchar(255) DEFAULT NULL,
  PRIMARY KEY (`PAYEETIN`,`PAYEEACCTNO`)
) ENGINE=MyISAM DEFAULT CHARSET=latin1;

--
-- Dumping data for table `t055021imports`
--


-- --------------------------------------------------------

--
-- Table structure for table `t055031imports`
--

CREATE TABLE IF NOT EXISTS `t055031imports` (
  `co` varchar(2) NOT NULL,
  `POLID` varchar(255) DEFAULT NULL,
  `OLDPOL` varchar(255) DEFAULT NULL,
  `TAXGROUP` varchar(255) DEFAULT NULL,
  `TAXYEAR` varchar(255) DEFAULT NULL,
  `FORM` varchar(255) DEFAULT NULL,
  `CORRFLAG` varchar(255) DEFAULT NULL,
  `PAYEETIN` varchar(255) NOT NULL DEFAULT '',
  `PAYEEACCTNO` varchar(255) NOT NULL DEFAULT '',
  `PAYEENAME1` varchar(255) DEFAULT NULL,
  `PAYEENAME2` varchar(255) DEFAULT NULL,
  `PAYEEADDR1` varchar(255) DEFAULT NULL,
  `PAYEEADDR2` varchar(255) DEFAULT NULL,
  `PAYEECSZ` varchar(255) DEFAULT NULL,
  `PAYEECTRY` varchar(255) DEFAULT NULL,
  `DISTCODE` varchar(255) DEFAULT NULL,
  `YEAR1ROTH` varchar(255) DEFAULT NULL,
  `GROSSDIST` varchar(255) DEFAULT NULL,
  `TAXABLEAMT` varchar(255) DEFAULT NULL,
  `TAXAMTNOTDET` varchar(255) DEFAULT NULL,
  `TOTDIST` varchar(255) DEFAULT NULL,
  `CAPGAIN` varchar(255) DEFAULT NULL,
  `FEDTAXWTHD` varchar(255) DEFAULT NULL,
  `EMPCONT` varchar(255) DEFAULT NULL,
  `UNREALAPPR` varchar(255) DEFAULT NULL,
  `IRASEPIND` varchar(255) DEFAULT NULL,
  `OTHERAMT` varchar(255) DEFAULT NULL,
  `OTHERPCT` varchar(255) DEFAULT NULL,
  `TOTDISTPCT` varchar(255) DEFAULT NULL,
  `TOTEMPCONT` varchar(255) DEFAULT NULL,
  `STTAXWTHD` varchar(255) DEFAULT NULL,
  `STTAXID` varchar(255) DEFAULT NULL,
  `STDIST` varchar(255) DEFAULT NULL,
  `LCLTAXWTHD` varchar(255) DEFAULT NULL,
  `LCLTAXID` varchar(255) DEFAULT NULL,
  `LCLDIST` varchar(255) DEFAULT NULL,
  `PAYERTIN` varchar(255) DEFAULT NULL,
  `PAYERADDR1` varchar(255) DEFAULT NULL,
  `PAYERADDR2` varchar(255) DEFAULT NULL,
  `PAYERADDR3` varchar(255) DEFAULT NULL,
  `PAYERCSZ` varchar(255) DEFAULT NULL,
  `PAYERPHONE` varchar(255) DEFAULT NULL,
  `LOGOFILE` varchar(255) DEFAULT NULL,
  `SDCFORM01` varchar(255) DEFAULT NULL,
  `SDCFORM02` varchar(255) DEFAULT NULL,
  `SDCFORM03` varchar(255) DEFAULT NULL,
  `SDCFORM04` varchar(255) DEFAULT NULL,
  `SDCFORM05` varchar(255) DEFAULT NULL,
  `STATUS` varchar(255) DEFAULT NULL,
  `WARNING` varchar(255) DEFAULT NULL,
  PRIMARY KEY (`PAYEETIN`,`PAYEEACCTNO`)
) ENGINE=MyISAM DEFAULT CHARSET=latin1;

--
-- Dumping data for table `t055031imports`
--


-- --------------------------------------------------------

--
-- Table structure for table `t055041imports`
--

CREATE TABLE IF NOT EXISTS `t055041imports` (
  `co` varchar(2) NOT NULL,
  `POLID` varchar(255) DEFAULT NULL,
  `OLDPOL` varchar(255) DEFAULT NULL,
  `TAXGROUP` varchar(255) DEFAULT NULL,
  `TAXYEAR` varchar(255) DEFAULT NULL,
  `FORM` varchar(255) DEFAULT NULL,
  `CORRFLAG` varchar(255) DEFAULT NULL,
  `PAYEETIN` varchar(255) NOT NULL DEFAULT '',
  `PAYEEACCTNO` varchar(255) NOT NULL DEFAULT '',
  `PAYEENAME1` varchar(255) DEFAULT NULL,
  `PAYEENAME2` varchar(255) DEFAULT NULL,
  `PAYEEADDR1` varchar(255) DEFAULT NULL,
  `PAYEEADDR2` varchar(255) DEFAULT NULL,
  `PAYEECSZ` varchar(255) DEFAULT NULL,
  `PAYEECTRY` varchar(255) DEFAULT NULL,
  `GROSSWINNINGS` varchar(255) DEFAULT NULL,
  `FEDTAXWTHD` varchar(255) DEFAULT NULL,
  `WINIDENTWAGER` varchar(255) DEFAULT NULL,
  `STTAXWTHD` varchar(255) DEFAULT NULL,
  `STTAXID` varchar(255) DEFAULT NULL,
  `TYPEOFWAGER` varchar(255) DEFAULT NULL,
  `DATEWON` varchar(255) DEFAULT NULL,
  `TRANSACTION` varchar(255) DEFAULT NULL,
  `RACE` varchar(255) DEFAULT NULL,
  `CASHIER` varchar(255) DEFAULT NULL,
  `WINDOW` varchar(255) DEFAULT NULL,
  `ID1` varchar(255) DEFAULT NULL,
  `ID2` varchar(255) DEFAULT NULL,
  `PAYERTIN` varchar(255) DEFAULT NULL,
  `PAYERADDR1` varchar(255) DEFAULT NULL,
  `PAYERADDR2` varchar(255) DEFAULT NULL,
  `PAYERADDR3` varchar(255) DEFAULT NULL,
  `PAYERCSZ` varchar(255) DEFAULT NULL,
  `PAYERPHONE` varchar(255) DEFAULT NULL,
  `LOGOFILE` varchar(255) DEFAULT NULL,
  `SDCFORM01` varchar(255) DEFAULT NULL,
  `SDCFORM02` varchar(255) DEFAULT NULL,
  `SDCFORM03` varchar(255) DEFAULT NULL,
  `SDCFORM04` varchar(255) DEFAULT NULL,
  `SDCFORM05` varchar(255) DEFAULT NULL,
  `STATUS` varchar(255) DEFAULT NULL,
  `WARNING` varchar(255) DEFAULT NULL,
  PRIMARY KEY (`PAYEETIN`,`PAYEEACCTNO`)
) ENGINE=MyISAM DEFAULT CHARSET=latin1;

--
-- Dumping data for table `t055041imports`
--


-- --------------------------------------------------------

--
-- Table structure for table `t055051imports`
--

CREATE TABLE IF NOT EXISTS `t055051imports` (
  `co` varchar(2) NOT NULL,
  `POLID` varchar(255) DEFAULT NULL,
  `OLDPOL` varchar(255) DEFAULT NULL,
  `TAXGROUP` varchar(255) DEFAULT NULL,
  `TAXYEAR` varchar(255) DEFAULT NULL,
  `FORM` varchar(255) DEFAULT NULL,
  `CORRFLAG` varchar(255) DEFAULT NULL,
  `PAYEETIN` varchar(255) NOT NULL DEFAULT '',
  `PAYEEACCTNO` varchar(255) NOT NULL DEFAULT '',
  `PAYEENAME1` varchar(255) DEFAULT NULL,
  `PAYEENAME2` varchar(255) DEFAULT NULL,
  `PAYEEADDR1` varchar(255) DEFAULT NULL,
  `PAYEEADDR2` varchar(255) DEFAULT NULL,
  `PAYEECSZ` varchar(255) DEFAULT NULL,
  `PAYEECTRY` varchar(255) DEFAULT NULL,
  `TAXYEAR1` varchar(255) DEFAULT NULL,
  `IRACONT` varchar(255) DEFAULT NULL,
  `ROLLOVERCONT` varchar(255) DEFAULT NULL,
  `ROTHCNVAMT` varchar(255) DEFAULT NULL,
  `RECHARAMT` varchar(255) DEFAULT NULL,
  `FAIRMKTVAL` varchar(255) DEFAULT NULL,
  `LIFEINSCOST` varchar(255) DEFAULT NULL,
  `IRAIND` varchar(255) DEFAULT NULL,
  `SEPIND` varchar(255) DEFAULT NULL,
  `SIMPLEIND` varchar(255) DEFAULT NULL,
  `ROTHIND` varchar(255) DEFAULT NULL,
  `SEPCONT` varchar(255) DEFAULT NULL,
  `SIMPLECONT` varchar(255) DEFAULT NULL,
  `ROTHCONT` varchar(255) DEFAULT NULL,
  `RMDIND` varchar(255) DEFAULT NULL,
  `RMDDATE` varchar(255) DEFAULT NULL,
  `RMDAMT` varchar(255) DEFAULT NULL,
  `POSTCONT` varchar(255) DEFAULT NULL,
  `POSTYEAR` varchar(255) DEFAULT NULL,
  `POSTCODE` varchar(255) DEFAULT NULL,
  `REPAYMTS` varchar(255) DEFAULT NULL,
  `REPAYMTCODE` varchar(255) DEFAULT NULL,
  `PAYERTIN` varchar(255) DEFAULT NULL,
  `PAYERADDR1` varchar(255) DEFAULT NULL,
  `PAYERADDR2` varchar(255) DEFAULT NULL,
  `PAYERADDR3` varchar(255) DEFAULT NULL,
  `PAYERCSZ` varchar(255) DEFAULT NULL,
  `PAYERPHONE` varchar(255) DEFAULT NULL,
  `LOGOFILE` varchar(255) DEFAULT NULL,
  `SDCFORM01` varchar(255) DEFAULT NULL,
  `SDCFORM02` varchar(255) DEFAULT NULL,
  `SDCFORM03` varchar(255) DEFAULT NULL,
  `SDCFORM04` varchar(255) DEFAULT NULL,
  `SDCFORM05` varchar(255) DEFAULT NULL,
  `STATUS` varchar(255) DEFAULT NULL,
  `WARNING` varchar(255) DEFAULT NULL,
  PRIMARY KEY (`PAYEETIN`,`PAYEEACCTNO`)
) ENGINE=MyISAM DEFAULT CHARSET=latin1;

--
-- Dumping data for table `t055051imports`
--


-- --------------------------------------------------------

--
-- Table structure for table `t055061imports`
--

CREATE TABLE IF NOT EXISTS `t055061imports` (
  `co` varchar(2) NOT NULL,
  `POLID` varchar(255) DEFAULT NULL,
  `OLDPOL` varchar(255) DEFAULT NULL,
  `TAXGROUP` varchar(255) DEFAULT NULL,
  `TAXYEAR` varchar(255) DEFAULT NULL,
  `FORM` varchar(255) DEFAULT NULL,
  `CORRFLAG` varchar(255) DEFAULT NULL,
  `PRORATAIND` varchar(255) DEFAULT NULL,
  `PAYEETIN` varchar(255) NOT NULL DEFAULT '',
  `PAYEESSNIND` varchar(255) DEFAULT NULL,
  `PAYEEEININD` varchar(255) DEFAULT NULL,
  `PAYEEQIEININD` varchar(255) DEFAULT NULL,
  `PAYEEACCTNO` varchar(255) NOT NULL DEFAULT '',
  `PAYEENAME1` varchar(255) DEFAULT NULL,
  `PAYEENAME2` varchar(255) DEFAULT NULL,
  `PAYEEADDR1` varchar(255) DEFAULT NULL,
  `PAYEEADDR2` varchar(255) DEFAULT NULL,
  `PAYEECSZ` varchar(255) DEFAULT NULL,
  `PAYEECTRY` varchar(255) DEFAULT NULL,
  `PAYEEFGNTAXID` varchar(255) DEFAULT NULL,
  `PAYEECTRYCODE` varchar(255) DEFAULT NULL,
  `RECIPCODE` varchar(255) DEFAULT NULL,
  `INCOMECODE` varchar(255) DEFAULT NULL,
  `GROSSINCOME` varchar(255) DEFAULT NULL,
  `WTHDALLOW` varchar(255) DEFAULT NULL,
  `NETINCOME` varchar(255) DEFAULT NULL,
  `TAXRATE` varchar(255) DEFAULT NULL,
  `EXEMPTCODE` varchar(255) DEFAULT NULL,
  `FEDTAXWTHD` varchar(255) DEFAULT NULL,
  `OTHERAGTWTHD` varchar(255) DEFAULT NULL,
  `TOTALWTHD` varchar(255) DEFAULT NULL,
  `AMTREPAID` varchar(255) DEFAULT NULL,
  `NQINAME1` varchar(255) DEFAULT NULL,
  `NQIADDR1` varchar(255) DEFAULT NULL,
  `NQIADDR2` varchar(255) DEFAULT NULL,
  `NQICSZ` varchar(255) DEFAULT NULL,
  `NQICTRYCD` varchar(255) DEFAULT NULL,
  `STTAXWTHD` varchar(255) DEFAULT NULL,
  `STTAXID` varchar(255) DEFAULT NULL,
  `TAXINGSTATE` varchar(255) DEFAULT NULL,
  `WAGTTIN` varchar(255) DEFAULT NULL,
  `WAGTEININD` varchar(255) DEFAULT NULL,
  `WAGTQIEININD` varchar(255) DEFAULT NULL,
  `WAGTADDR1` varchar(255) DEFAULT NULL,
  `WAGTADDR2` varchar(255) DEFAULT NULL,
  `WAGTADDR3` varchar(255) DEFAULT NULL,
  `WAGTCSZ` varchar(255) DEFAULT NULL,
  `WAGTPHONE` varchar(255) DEFAULT NULL,
  `LOGOFILE` varchar(255) DEFAULT NULL,
  `SDCFORM01` varchar(255) DEFAULT NULL,
  `SDCFORM02` varchar(255) DEFAULT NULL,
  `SDCFORM03` varchar(255) DEFAULT NULL,
  `SDCFORM04` varchar(255) DEFAULT NULL,
  `SDCFORM05` varchar(255) DEFAULT NULL,
  `STATUS` varchar(255) DEFAULT NULL,
  `WARNING` varchar(255) DEFAULT NULL,
  PRIMARY KEY (`PAYEETIN`,`PAYEEACCTNO`)
) ENGINE=MyISAM DEFAULT CHARSET=latin1;

--
-- Dumping data for table `t055061imports`
--


-- --------------------------------------------------------

--
-- Table structure for table `taxfiles`
--

CREATE TABLE IF NOT EXISTS `taxfiles` (
  `id` int(11) NOT NULL AUTO_INCREMENT,
  `name` varchar(255) NOT NULL,
  `form` varchar(255) NOT NULL,
  `creator_id` int(11) NOT NULL,
  `created` date NOT NULL,
  `modifier_id` int(11) NOT NULL,
  `modified` date NOT NULL,
  PRIMARY KEY (`id`)
) ENGINE=MyISAM  DEFAULT CHARSET=latin1 AUTO_INCREMENT=7 ;

--
-- Dumping data for table `taxfiles`
--

INSERT INTO `taxfiles` (`id`, `name`, `form`, `creator_id`, `created`, `modifier_id`, `modified`) VALUES
(1, 'T055011', '1099INT', 0, '0000-00-00', 0, '0000-00-00'),
(2, 'T055021', '1099MISC', 0, '0000-00-00', 0, '0000-00-00'),
(3, 'T055031', '1099R', 0, '0000-00-00', 0, '0000-00-00'),
(4, 'T055041', 'W2G', 0, '0000-00-00', 0, '0000-00-00'),
(5, 'T055051', '5498', 0, '0000-00-00', 0, '0000-00-00'),
(6, 'T055061', '1042S', 0, '0000-00-00', 0, '0000-00-00');

-- --------------------------------------------------------

--
-- Table structure for table `taxmasters`
--

CREATE TABLE IF NOT EXISTS `taxmasters` (
  `MasterKey` varchar(255) NOT NULL,
  `POLID` varchar(255) NOT NULL,
  `COMPANY` varchar(255) NOT NULL,
  `POLICYNUMBER` varchar(255) NOT NULL,
  `COMPANYGROUP` varchar(255) NOT NULL,
  `ACTGGROUP` varchar(255) NOT NULL,
  `TAXGROUP` varchar(255) NOT NULL,
  `TAXYEAR` varchar(255) NOT NULL,
  `FORM` varchar(255) NOT NULL,
  `CORRFLAG` varchar(255) NOT NULL,
  `PAYEETIN` varchar(255) NOT NULL,
  `PAYEEACCTNO` varchar(255) NOT NULL,
  `PAYEENAME1` varchar(255) NOT NULL,
  `PAYEENAME2` varchar(255) NOT NULL,
  `PAYEEADDR1` varchar(255) NOT NULL,
  `PAYEEADDR2` varchar(255) NOT NULL,
  `PAYEECSZ` varchar(255) NOT NULL,
  `PAYEECTRY` varchar(255) NOT NULL,
  `DISTCODE` varchar(255) NOT NULL,
  `YEAR1ROTH` varchar(255) NOT NULL,
  `GROSSDIST` varchar(255) NOT NULL,
  `TAXABLEAMT` varchar(255) NOT NULL,
  `TAXAMTNOTDET` varchar(255) NOT NULL,
  `TOTDIST` varchar(255) NOT NULL,
  `CAPGAIN` varchar(255) NOT NULL,
  `NEWCAPGAIN` varchar(255) NOT NULL,
  `FEDTAXWTHD` varchar(255) NOT NULL,
  `EMPCONT` varchar(255) NOT NULL,
  `UNREALAPPR` varchar(255) NOT NULL,
  `IRASEPIND` varchar(255) NOT NULL,
  `OTHERAMT` varchar(255) NOT NULL,
  `OTHERPCT` varchar(255) NOT NULL,
  `TOTALDISTPCT` varchar(255) NOT NULL,
  `TOTEMPCONT` varchar(255) NOT NULL,
  `STTAXWTHD` varchar(255) NOT NULL,
  `STTAXID` varchar(255) NOT NULL,
  `STDIST` varchar(255) NOT NULL,
  `LCLTAXWTHD` varchar(255) NOT NULL,
  `LCLTAXID` varchar(255) NOT NULL,
  `LCLDIST` varchar(255) NOT NULL,
  `PAYERTIN` varchar(255) NOT NULL,
  `PAYERADDR1` varchar(255) NOT NULL,
  `PAYERADDR2` varchar(255) NOT NULL,
  `PAYERCSZ` varchar(255) NOT NULL,
  `PAYERPHONE` varchar(255) NOT NULL,
  `LOGOFILE` varchar(255) NOT NULL,
  `SDCFORM01` varchar(255) NOT NULL,
  `SDCFORM02` varchar(255) NOT NULL,
  `SDCFORM03` varchar(255) NOT NULL,
  `SDCFORM04` varchar(255) NOT NULL,
  `SDCFORM05` varchar(255) NOT NULL,
  `STATUS` varchar(255) NOT NULL,
  `WARNING` varchar(255) NOT NULL,
  `NOMATCH` tinyint(1) NOT NULL,
  `NEWACCTNO` varchar(255) NOT NULL,
  `NEWTIN` varchar(255) NOT NULL,
  `NEWNAME1` varchar(255) NOT NULL,
  `NEWNAME2` varchar(255) NOT NULL,
  `NEWADDR1` varchar(255) NOT NULL,
  `NEWADDR2` varchar(255) NOT NULL,
  `NEWCITY` varchar(255) NOT NULL,
  `NEWSTATE` varchar(255) NOT NULL,
  `NEWZIP` varchar(255) NOT NULL,
  `NEWDISTCODE` varchar(255) NOT NULL,
  `NEWGROSS` varchar(255) NOT NULL,
  `NEWTAXAMT` varchar(255) NOT NULL,
  `NEWTOTALDIST` varchar(255) NOT NULL,
  `NEWCAPGN` varchar(255) NOT NULL,
  `NEWFITWD` varchar(255) NOT NULL,
  `NEWEMPCB` varchar(255) NOT NULL,
  `NEWNETUN` varchar(255) NOT NULL,
  `NEWOTHER` varchar(255) NOT NULL,
  `NEWTOTEMP` varchar(255) NOT NULL,
  `NEWSTTAX` varchar(255) NOT NULL,
  `NEWTAXST` varchar(255) NOT NULL,
  `NEWLOTAX` varchar(255) NOT NULL,
  `DATEREVIEW` date NOT NULL,
  `FOLLOWUPDATE` date NOT NULL,
  `REVIEWEROPID` varchar(255) NOT NULL,
  `USEROPID` varbinary(255) NOT NULL,
  `CORRECTEDBYOPID` varchar(255) NOT NULL,
  `FIXCODE` varchar(255) NOT NULL,
  `REASONCODE` varchar(255) NOT NULL,
  `REPORTNUMBER` varchar(255) NOT NULL,
  `COMMENTS` text NOT NULL,
  `DELETE` varchar(255) NOT NULL,
  `CLAIMSFILTER` varchar(255) NOT NULL,
  `2NDTINNOTICE` varchar(255) NOT NULL,
  `RENTS` varchar(255) NOT NULL,
  `ROYALTIES` varchar(255) NOT NULL,
  `OTHERINC` varchar(255) NOT NULL,
  `FISHBOATPRO` varchar(255) NOT NULL,
  `MEDPAYMTS` varchar(255) NOT NULL,
  `NONEMPCOMP` varchar(255) NOT NULL,
  `SUBSPAYMTS` varchar(255) NOT NULL,
  `DIRSALESIND` varchar(255) NOT NULL,
  `CROPINS` varchar(255) NOT NULL,
  `EXGOLDPARA` varchar(255) NOT NULL,
  `GROSSATTY` varchar(255) NOT NULL,
  `409ADEFER` varchar(255) NOT NULL,
  `409AINCOME` varchar(255) NOT NULL,
  `INTINCOME` varchar(255) NOT NULL,
  `EARLYWTHDPNLTY` varchar(255) NOT NULL,
  `SAVBONDINT` varchar(255) NOT NULL,
  `INVESTEXP` varchar(255) NOT NULL,
  `FGNTAXPAID` varchar(255) NOT NULL,
  `FGNCNTRY` varchar(255) NOT NULL,
  `TAXEXEMPTINT` varchar(255) NOT NULL,
  `PVTACTBONDINT` varchar(255) NOT NULL,
  `PAYERRTN` varchar(255) NOT NULL,
  `NEWSTATUS` varchar(255) NOT NULL,
  `PRORATAIND` varchar(255) NOT NULL,
  `PAYEESSNIND` varchar(255) NOT NULL,
  `PAYEEEININD` varchar(255) NOT NULL,
  `PAYEEQIEININD` varchar(255) NOT NULL,
  `PAYEEGNTTAXID` varchar(255) NOT NULL,
  `PAYEECTRYCODE` varchar(255) NOT NULL,
  `RECIPCODE` varchar(255) NOT NULL,
  `INCOMECODE` varchar(255) NOT NULL,
  `GROSSINCOME` varchar(255) NOT NULL,
  `WTHDALLOW` varchar(255) NOT NULL,
  `NETINCOME` varchar(255) NOT NULL,
  `TAXRATE` varchar(255) NOT NULL,
  `EXEMPTCODE` varchar(255) NOT NULL,
  `OTHERAGTWTHD` varchar(255) NOT NULL,
  `TOTALWTHD` varchar(255) NOT NULL,
  `AMTREPAID` varchar(255) NOT NULL,
  `NQINAME1` varchar(255) NOT NULL,
  `NQIADDR1` varchar(255) NOT NULL,
  `NQIADDR2` varchar(255) NOT NULL,
  `NQICSZ` varchar(255) NOT NULL,
  `NQICTRYCD` varchar(255) NOT NULL,
  `TAXINGSTATE` varchar(255) NOT NULL,
  `WAGTTIN` varchar(255) NOT NULL,
  `WAGTENININD` varchar(255) NOT NULL,
  `WAGTADDR1` varchar(255) NOT NULL,
  `WAGTADDR2` varchar(255) NOT NULL,
  `WAGTADDR3` varchar(255) NOT NULL,
  `WAGTCSZ` varchar(255) NOT NULL,
  `WAGTPHONE` varchar(255) NOT NULL,
  `WAGTQIEININD` varchar(255) NOT NULL,
  `PAYERADDR3` varchar(255) NOT NULL,
  `modifier_id` int(11) NOT NULL,
  `modified` date NOT NULL,
  `creator_id` int(11) NOT NULL,
  `created` date NOT NULL,
  UNIQUE KEY `MasterKey` (`MasterKey`)
) ENGINE=MyISAM DEFAULT CHARSET=latin1;

--
-- Dumping data for table `taxmasters`
--


-- --------------------------------------------------------

--
-- Table structure for table `uploads`
--

CREATE TABLE IF NOT EXISTS `uploads` (
  `id` int(11) NOT NULL AUTO_INCREMENT,
  `fname` varchar(255) NOT NULL,
  `fdir` varchar(255) NOT NULL,
  `ftype` varchar(255) NOT NULL,
  `fsize` int(11) NOT NULL,
  `model` varchar(255) NOT NULL,
  `company_id` int(11) NOT NULL,
  `created` datetime NOT NULL,
  `user_id` int(11) NOT NULL,
  `taxfile_id` int(11) NOT NULL,
  `creator_id` int(11) NOT NULL,
  `modified` datetime NOT NULL,
  `modifier_id` int(11) NOT NULL,
  PRIMARY KEY (`id`)
) ENGINE=MyISAM  DEFAULT CHARSET=latin1 AUTO_INCREMENT=190 ;

--
-- Dumping data for table `uploads`
--

INSERT INTO `uploads` (`id`, `fname`, `fdir`, `ftype`, `fsize`, `model`, `company_id`, `created`, `user_id`, `taxfile_id`, `creator_id`, `modified`, `modifier_id`) VALUES
(17, '', 'files/uploads/838089.txt', 'text/plain', 0, 'n155000', 0, '2011-02-18 18:03:20', 0, 0, 1, '2011-02-18 18:03:20', 1),
(18, '', 'files/uploads/383087.txt', 'text/plain', 1490, 'n155000', 0, '2011-02-18 18:09:16', 0, 0, 1, '2011-02-18 18:09:16', 1),
(19, '', 'files/uploads/392272.txt', 'text/plain', 1490, 'n155000', 0, '2011-02-18 18:10:00', 0, 0, 1, '2011-02-18 18:10:00', 1),
(20, '', 'files/uploads/920479.txt', 'text/plain', 1490, 'n155000', 0, '2011-02-18 18:12:22', 0, 0, 1, '2011-02-18 18:12:22', 1),
(21, '', 'files/uploads/676881.txt', 'text/plain', 1490, 't055011', 0, '2011-02-18 18:13:40', 0, 0, 1, '2011-02-18 18:13:40', 1),
(22, '', 'files/uploads/481496.txt', 'text/plain', 1490, 't055011', 0, '2011-02-18 18:14:18', 0, 0, 1, '2011-02-18 18:14:18', 1),
(23, '', 'files/uploads/354342.txt', 'text/plain', 1491, 't055011', 0, '2011-02-18 18:25:20', 0, 0, 1, '2011-02-18 18:25:20', 1),
(24, '', 'files/uploads/373108.txt', 'text/plain', 917068, 't055011', 0, '2011-02-18 18:39:35', 0, 0, 1, '2011-02-18 18:39:35', 1),
(25, '', 'files/uploads/38944.txt', 'text/plain', 917068, 't055011', 0, '2011-02-18 18:48:36', 0, 0, 1, '2011-02-18 18:48:36', 1),
(26, '', 'files/uploads/345706.txt', 'text/plain', 917068, 't055011', 0, '2011-02-18 19:01:43', 0, 0, 1, '2011-02-18 19:01:43', 1),
(27, '', 'files/uploads/758141.txt', 'text/plain', 917068, 't055011', 0, '2011-02-18 19:04:03', 0, 0, 1, '2011-02-18 19:04:03', 1),
(28, '', 'files/uploads/105404.txt', 'text/plain', 917068, 't055011', 0, '2011-02-18 19:07:00', 0, 0, 1, '2011-02-18 19:07:00', 1),
(29, '', 'files/uploads/809345.txt', 'text/plain', 877868, 't055011', 0, '2011-02-18 19:16:27', 0, 0, 1, '2011-02-18 19:16:27', 1),
(30, '', 'files/uploads/218369.txt', 'text/plain', 877868, 't055011', 0, '2011-02-18 19:17:38', 0, 0, 1, '2011-02-18 19:17:38', 1),
(31, '', 'files/uploads/30064.txt', 'text/plain', 445, 't055011', 0, '2011-02-18 19:18:12', 0, 0, 1, '2011-02-18 19:18:12', 1),
(32, '', 'files/uploads/49624.txt', 'text/plain', 4363, 't055011', 0, '2011-02-18 19:18:35', 0, 0, 1, '2011-02-18 19:18:35', 1),
(33, '', 'files/uploads/791158.txt', 'text/plain', 4363, 't055011', 0, '2011-02-18 19:19:10', 0, 0, 1, '2011-02-18 19:19:10', 1),
(34, '', 'files/uploads/48342.txt', 'text/plain', 4363, 't055031', 0, '2011-02-18 19:19:50', 0, 0, 1, '2011-02-18 19:19:50', 1),
(35, '', 'files/uploads/57771.txt', 'text/plain', 4363, 't055031', 0, '2011-02-18 19:21:38', 0, 0, 1, '2011-02-18 19:21:38', 1),
(36, '', 'files/uploads/832993.txt', 'text/plain', 4363, 't055031', 0, '2011-02-18 19:23:22', 0, 0, 1, '2011-02-18 19:23:22', 1),
(37, '', 'files/uploads/935217.txt', 'text/plain', 4363, 't055031', 0, '2011-02-18 19:23:59', 0, 0, 1, '2011-02-18 19:23:59', 1),
(38, '', 'files/uploads/611671.txt', 'text/plain', 4363, 't055031', 0, '2011-02-18 19:24:22', 0, 0, 1, '2011-02-18 19:24:22', 1),
(39, '', 'files/uploads/708280.txt', 'text/plain', 877868, 't055011', 0, '2011-02-18 19:25:48', 0, 0, 1, '2011-02-18 19:25:48', 1),
(40, '', 'files/uploads/951207.txt', 'text/plain', 877868, 't055011', 0, '2011-02-18 19:27:00', 0, 0, 1, '2011-02-18 19:27:00', 1),
(41, '', 'files/uploads/667208.txt', 'text/plain', 713155, 't055011', 0, '2011-02-21 08:43:06', 0, 0, 1, '2011-02-21 08:43:06', 1),
(42, '', 'files/uploads/255170.txt', 'text/plain', 1898951, 't055021', 0, '2011-02-21 08:44:13', 0, 0, 1, '2011-02-21 08:44:13', 1),
(43, '', 'files/uploads/245069.txt', 'text/plain', 1898951, 't055021', 0, '2011-02-21 09:03:06', 0, 0, 1, '2011-02-21 09:03:06', 1),
(44, '', 'files/uploads/587748.txt', 'text/plain', 122555, 't055011', 0, '2011-02-21 09:10:29', 0, 0, 1, '2011-02-21 09:10:29', 1),
(45, '', 'files/uploads/780630.txt', 'text/plain', 917068, 't055011', 0, '2011-02-21 09:13:09', 0, 0, 1, '2011-02-21 09:13:09', 1),
(46, '', 'files/uploads/666292.txt', 'text/plain', 122555, 't055031', 0, '2011-02-21 09:14:15', 0, 0, 1, '2011-02-21 09:14:15', 1),
(47, '', 'files/uploads/874066.txt', 'text/plain', 19761, 't055041', 0, '2011-02-21 09:15:08', 0, 0, 1, '2011-02-21 09:15:08', 1),
(48, '', 'files/uploads/758019.txt', 'text/plain', 19761, 't055041', 0, '2011-02-21 09:15:33', 0, 0, 1, '2011-02-21 09:15:33', 1),
(49, '', 'files/uploads/521226.txt', 'text/plain', 1015579, 't055051', 0, '2011-02-21 09:22:22', 0, 0, 1, '2011-02-21 09:22:22', 1),
(50, '', 'files/uploads/91612.txt', 'text/plain', 54709, 't055061', 0, '2011-02-21 09:23:23', 0, 0, 1, '2011-02-21 09:23:23', 1),
(51, '', 'files/uploads/868299.txt', 'text/plain', 54709, 't055061', 0, '2011-02-21 09:23:39', 0, 0, 1, '2011-02-21 09:23:39', 1),
(52, '', 'files/uploads/957432.txt', 'text/plain', 35785, 't055061', 0, '2011-02-21 09:23:58', 0, 0, 1, '2011-02-21 09:23:58', 1),
(53, '', 'files/uploads/658297.txt', 'text/plain', 1898951, 't055021', 0, '2011-02-21 09:25:25', 0, 0, 1, '2011-02-21 09:25:25', 1),
(54, '', 'files/uploads/346347.txt', 'text/plain', 806, 't055011', 0, '2011-02-21 09:33:19', 0, 0, 1, '2011-02-21 09:33:19', 1),
(55, '', 'files/uploads/699736.txt', 'text/plain', 444, 't055021', 0, '2011-02-21 09:34:43', 0, 0, 1, '2011-02-21 09:34:43', 1),
(56, '', 'files/uploads/394865.txt', 'text/plain', 122555, 't055031', 0, '2011-02-21 09:35:13', 0, 0, 1, '2011-02-21 09:35:13', 1),
(57, '', 'files/uploads/894968.txt', 'text/plain', 1015579, 't055051', 0, '2011-02-21 09:37:05', 0, 0, 1, '2011-02-21 09:37:05', 1),
(58, '', 'files/uploads/458519.txt', 'text/plain', 548, 't055061', 0, '2011-02-21 09:37:54', 0, 0, 1, '2011-02-21 09:37:54', 1),
(59, '', 'files/uploads/990113.txt', 'text/plain', 444, 't055021', 0, '2011-02-21 09:44:19', 0, 0, 1, '2011-02-21 09:44:19', 1),
(60, '', 'files/uploads/861494.txt', 'text/plain', 806, 't055011', 0, '2011-02-21 09:44:28', 0, 0, 1, '2011-02-21 09:44:28', 1),
(61, '', 'files/uploads/325079.txt', 'text/plain', 806, 't055011', 0, '2011-02-21 09:44:53', 0, 0, 1, '2011-02-21 09:44:53', 1),
(62, '', 'files/uploads/646855.txt', 'text/plain', 1941529, 't055021', 0, '2011-02-21 09:54:55', 0, 0, 1, '2011-02-21 09:54:55', 1),
(63, '', 'files/uploads/583293.txt', 'text/plain', 2986540, 't055031', 0, '2011-02-21 10:08:42', 0, 0, 1, '2011-02-21 10:08:42', 1),
(64, '', 'files/uploads/326269.txt', 'text/plain', 163552, 't055031', 0, '2011-02-21 10:26:13', 0, 0, 1, '2011-02-21 10:26:13', 1),
(65, '', 'files/uploads/319098.txt', 'text/plain', 300237, 't055031', 0, '2011-02-21 10:41:33', 0, 0, 1, '2011-02-21 10:41:33', 1),
(66, '', 'files/uploads/557386.txt', 'text/plain', 300237, 't055031', 0, '2011-02-21 10:47:01', 0, 0, 1, '2011-02-21 10:47:01', 1),
(67, '', 'files/uploads/142785.txt', 'text/plain', 300237, 't055031', 0, '2011-02-21 10:48:08', 0, 0, 1, '2011-02-21 10:48:08', 1),
(68, '', 'files/uploads/316779.txt', 'text/plain', 300237, 't055031', 0, '2011-02-21 10:49:19', 0, 0, 1, '2011-02-21 10:49:19', 1),
(69, '', 'files/uploads/992035.txt', 'text/plain', 300237, 't055031', 0, '2011-02-21 11:00:03', 0, 0, 1, '2011-02-21 11:00:03', 1),
(70, '', 'files/uploads/368623.txt', 'text/plain', 300237, 't055031', 0, '2011-02-21 11:03:50', 0, 0, 1, '2011-02-21 11:03:50', 1),
(71, '', 'files/uploads/971743.txt', 'text/plain', 300237, 't055031', 0, '2011-02-21 11:06:19', 0, 0, 1, '2011-02-21 11:06:19', 1),
(72, '', 'files/uploads/219773.txt', 'text/plain', 300237, 't055031', 0, '2011-02-21 11:14:32', 0, 0, 1, '2011-02-21 11:14:32', 1),
(73, '', 'files/uploads/214311.txt', 'text/plain', 300237, 't055031', 0, '2011-02-21 11:21:38', 0, 0, 1, '2011-02-21 11:21:38', 1),
(74, '', 'files/uploads/540725.txt', 'text/plain', 300237, 't055031', 0, '2011-02-21 11:22:10', 0, 0, 1, '2011-02-21 11:22:10', 1),
(75, '', 'files/uploads/607765.txt', 'text/plain', 300237, 't055031', 0, '2011-02-21 11:22:43', 0, 0, 1, '2011-02-21 11:22:43', 1),
(76, '', 'files/uploads/712766.txt', 'text/plain', 300237, 't055031', 0, '2011-02-21 11:26:31', 0, 0, 1, '2011-02-21 11:26:31', 1),
(77, '', 'files/uploads/18407.txt', 'text/plain', 300237, 't055031', 0, '2011-02-21 11:26:49', 0, 0, 1, '2011-02-21 11:26:49', 1),
(78, '', 'files/uploads/167105.txt', 'text/plain', 300237, 't055031', 0, '2011-02-21 11:39:24', 0, 0, 1, '2011-02-21 11:39:24', 1),
(79, '', 'files/uploads/461723.txt', 'text/plain', 300237, 't055031', 0, '2011-02-21 11:39:53', 0, 0, 1, '2011-02-21 11:39:53', 1),
(80, '', 'files/uploads/323827.txt', 'text/plain', 300237, 't055031', 0, '2011-02-21 11:41:28', 0, 0, 1, '2011-02-21 11:41:28', 1),
(81, '', 'files/uploads/691619.txt', 'text/plain', 300237, 't055031', 0, '2011-02-21 11:41:43', 0, 0, 1, '2011-02-21 11:41:43', 1),
(82, '', 'files/uploads/416287.txt', 'text/plain', 300237, 't055031', 0, '2011-02-21 11:42:19', 0, 0, 1, '2011-02-21 11:42:19', 1),
(83, '', 'files/uploads/11450.txt', 'text/plain', 300237, 't055031', 0, '2011-02-21 11:48:31', 0, 0, 1, '2011-02-21 11:48:31', 1),
(84, '', 'files/uploads/997589.txt', 'text/plain', 300237, 't055031', 0, '2011-02-21 11:49:20', 0, 0, 1, '2011-02-21 11:49:20', 1),
(85, '', 'files/uploads/973330.txt', 'text/plain', 300237, 't055031', 0, '2011-02-21 11:51:36', 0, 0, 1, '2011-02-21 11:51:36', 1),
(86, '', 'files/uploads/875714.txt', 'text/plain', 300237, 't055031', 0, '2011-02-21 12:11:31', 0, 0, 1, '2011-02-21 12:11:31', 1),
(87, '', 'files/uploads/843887.txt', 'text/plain', 300237, 't055031', 0, '2011-02-21 12:14:28', 0, 0, 1, '2011-02-21 12:14:28', 1),
(88, '', 'files/uploads/796315.txt', 'text/plain', 300237, 't055031', 0, '2011-02-21 12:32:00', 0, 0, 1, '2011-02-21 12:32:00', 1),
(89, '', 'files/uploads/594827.txt', 'text/plain', 300237, 't055031', 0, '2011-02-21 12:32:47', 0, 0, 1, '2011-02-21 12:32:47', 1),
(90, '', 'files/uploads/927344.txt', 'text/plain', 300237, 't055031', 0, '2011-02-21 12:33:45', 0, 0, 1, '2011-02-21 12:33:45', 1),
(91, '', 'files/uploads/534714.txt', 'text/plain', 300237, 't055031', 0, '2011-02-21 12:36:25', 0, 0, 1, '2011-02-21 12:36:25', 1),
(92, '', 'files/uploads/905557.txt', 'text/plain', 300237, 't055031', 0, '2011-02-21 12:38:38', 0, 0, 1, '2011-02-21 12:38:38', 1),
(93, '', 'files/uploads/65949.txt', 'text/plain', 300237, 't055031', 0, '2011-02-21 12:40:55', 0, 0, 1, '2011-02-21 12:40:55', 1),
(94, '', 'files/uploads/586436.txt', 'text/plain', 300237, 't055031', 0, '2011-02-21 12:42:50', 0, 0, 1, '2011-02-21 12:42:50', 1),
(95, '', 'files/uploads/434504.txt', 'text/plain', 300237, 't055031', 0, '2011-02-21 12:43:15', 0, 0, 1, '2011-02-21 12:43:15', 1),
(96, '', 'files/uploads/462730.txt', 'text/plain', 300237, 't055031', 0, '2011-02-21 12:44:36', 0, 0, 1, '2011-02-21 12:44:36', 1),
(97, '', 'files/uploads/542952.txt', 'text/plain', 300237, 't055031', 0, '2011-02-21 12:45:15', 0, 0, 1, '2011-02-21 12:45:15', 1),
(98, '', 'files/uploads/334996.txt', 'text/plain', 300237, 't055031', 0, '2011-02-21 12:46:10', 0, 0, 1, '2011-02-21 12:46:10', 1),
(99, '', 'files/uploads/774802.txt', 'text/plain', 300237, 't055031', 0, '2011-02-21 12:47:48', 0, 0, 1, '2011-02-21 12:47:48', 1),
(100, '', 'files/uploads/640324.txt', 'text/plain', 300237, 't055031', 0, '2011-02-21 12:48:41', 0, 0, 1, '2011-02-21 12:48:41', 1),
(101, '', 'files/uploads/526108.txt', 'text/plain', 300237, 't055031', 0, '2011-02-21 13:01:57', 0, 0, 1, '2011-02-21 13:01:57', 1),
(102, '', 'files/uploads/123835.txt', 'text/plain', 300237, 't055031', 0, '2011-02-21 13:04:06', 0, 0, 1, '2011-02-21 13:04:06', 1),
(103, '', 'files/uploads/880993.txt', 'text/plain', 300237, 't055031', 0, '2011-02-21 13:09:11', 0, 0, 1, '2011-02-21 13:09:11', 1),
(104, '', 'files/uploads/465201.txt', 'text/plain', 300237, 't055031', 0, '2011-02-21 13:12:48', 0, 0, 1, '2011-02-21 13:12:48', 1),
(105, '', 'files/uploads/171804.txt', 'text/plain', 300237, 't055031', 0, '2011-02-21 13:17:35', 0, 0, 1, '2011-02-21 13:17:35', 1),
(106, '', 'files/uploads/301735.txt', 'text/plain', 7121, 't055011', 0, '2011-02-23 07:31:18', 0, 0, 1, '2011-02-23 07:31:18', 1),
(107, '', 'files/uploads/930243.txt', 'text/plain', 7121, 't055011', 0, '2011-02-23 07:32:54', 0, 0, 1, '2011-02-23 07:32:54', 1),
(108, '', 'files/uploads/741328.txt', 'text/plain', 7121, 't055011', 0, '2011-02-23 07:33:21', 0, 0, 1, '2011-02-23 07:33:21', 1),
(109, '', 'files/uploads/506884.txt', 'text/plain', 159273, 'n155000', 0, '2011-02-23 07:52:05', 0, 0, 1, '2011-02-23 07:52:05', 1),
(110, '', 'files/uploads/121943.txt', 'text/plain', 159273, 'n155000', 0, '2011-02-23 07:53:15', 0, 0, 1, '2011-02-23 07:53:15', 1),
(111, '', 'files/uploads/893504.txt', 'text/plain', 159273, 'n155000', 0, '2011-02-23 07:53:29', 0, 0, 1, '2011-02-23 07:53:29', 1),
(112, '', 'files/uploads/15325.txt', 'text/plain', 159273, 'n155000', 0, '2011-02-23 07:56:14', 0, 0, 1, '2011-02-23 07:56:14', 1),
(113, '', 'files/uploads/114833.txt', 'text/plain', 159324, 'n155000', 0, '2011-02-23 07:58:29', 0, 0, 1, '2011-02-23 07:58:29', 1),
(114, '', 'files/uploads/134149.txt', 'text/plain', 159315, 'n155000', 0, '2011-02-23 08:00:03', 0, 0, 1, '2011-02-23 08:00:03', 1),
(115, '', 'files/uploads/974062.txt', 'text/plain', 159315, 'n155000', 0, '2011-02-23 08:02:04', 0, 0, 1, '2011-02-23 08:02:04', 1),
(116, '', 'files/uploads/580577.txt', 'text/plain', 159315, 'n155000', 0, '2011-02-23 08:02:32', 0, 0, 1, '2011-02-23 08:02:32', 1),
(117, '', 'files/uploads/795796.txt', 'text/plain', 159315, 'n155000', 0, '2011-02-23 08:03:12', 0, 0, 1, '2011-02-23 08:03:12', 1),
(118, '', 'files/uploads/178944.txt', 'text/plain', 159315, 'n155000', 0, '2011-02-23 08:05:54', 0, 0, 1, '2011-02-23 08:05:54', 1),
(119, '', 'files/uploads/419796.txt', 'text/plain', 159315, 'n155000', 0, '2011-02-23 08:06:23', 0, 0, 1, '2011-02-23 08:06:23', 1),
(120, '', 'files/uploads/48891.txt', 'text/plain', 159315, 'n155000', 0, '2011-02-23 08:06:50', 0, 0, 1, '2011-02-23 08:06:50', 1),
(121, '', 'files/uploads/86394.txt', 'text/plain', 7121, 't055011', 0, '2011-02-23 08:18:53', 0, 0, 1, '2011-02-23 08:18:53', 1),
(122, '', 'files/uploads/96433.txt', 'text/plain', 7121, 't055011', 0, '2011-02-23 08:19:21', 0, 0, 1, '2011-02-23 08:19:21', 1),
(123, '', 'files/uploads/557508.txt', 'text/plain', 2986548, 't055031', 0, '2011-02-23 08:26:57', 0, 0, 1, '2011-02-23 08:26:57', 1),
(124, '', 'files/uploads/593546.txt', 'text/plain', 2986548, 't055031', 0, '2011-02-23 08:29:49', 0, 0, 1, '2011-02-23 08:29:49', 1),
(125, '', 'files/uploads/193957.txt', 'text/plain', 2986548, 't055031', 0, '2011-02-23 08:30:27', 0, 0, 1, '2011-02-23 08:30:27', 1),
(126, '', 'files/uploads/868848.txt', 'text/plain', 2986548, 't055031', 0, '2011-02-23 08:31:50', 0, 0, 1, '2011-02-23 08:31:50', 1),
(127, '', 'files/uploads/583445.txt', 'text/plain', 2986548, 't055031', 0, '2011-02-23 10:08:59', 0, 0, 1, '2011-02-23 10:08:59', 1),
(128, '', 'files/uploads/389769.txt', 'text/plain', 2986548, 't055031', 0, '2011-02-23 10:21:03', 0, 0, 1, '2011-02-23 10:21:03', 1),
(129, '', 'files/uploads/186512.txt', 'text/plain', 0, 'n155000', 0, '2011-03-02 16:15:11', 0, 0, 1, '2011-03-02 16:15:11', 1),
(130, '', 'files/uploads/147392.txt', 'text/plain', 0, 'n155000', 0, '2011-03-02 16:15:11', 0, 0, 91, '2011-03-02 16:15:11', 91),
(131, '', 'files/uploads/886485.txt', 'text/plain', 0, 'n155000', 0, '2011-03-02 16:53:38', 0, 0, 1, '2011-03-02 16:53:38', 1),
(132, '', 'files/uploads/127558.txt', 'text/plain', 0, 'n155000', 0, '2011-03-02 16:53:38', 0, 0, 91, '2011-03-02 16:53:38', 91),
(133, '', 'files/uploads/630590.txt', 'text/plain', 0, 'n155000', 0, '2011-03-02 16:54:45', 0, 0, 1, '2011-03-02 16:54:45', 1),
(134, '', 'files/uploads/13494.txt', 'text/plain', 0, 'n155000', 0, '2011-03-02 16:54:45', 0, 0, 91, '2011-03-02 16:54:45', 91),
(135, '', 'files/uploads/352725.txt', 'text/plain', 9295, 'n155000', 0, '2011-03-02 17:14:04', 0, 0, 91, '2011-03-02 17:14:04', 91),
(136, '', 'files/uploads/754327.txt', 'text/plain', 9295, 'n155000', 0, '2011-03-02 17:20:27', 0, 0, 91, '2011-03-02 17:20:27', 91),
(137, '', 'files/uploads/369752.txt', 'text/plain', 9295, 'n155000', 0, '2011-03-02 17:39:36', 0, 0, 91, '2011-03-02 17:39:36', 91),
(138, '', 'files/uploads/199938.txt', 'text/plain', 0, 'n155000', 0, '2011-03-02 17:57:25', 0, 0, 1, '2011-03-02 17:57:25', 1),
(139, '', 'files/uploads/958317.txt', 'text/plain', 0, 'n155000', 0, '2011-03-02 17:57:50', 0, 0, 1, '2011-03-02 17:57:50', 1),
(140, '', 'files/uploads/30094.txt', 'text/plain', 7091, 'n155000', 0, '2011-03-04 11:15:52', 0, 0, 1, '2011-03-04 11:15:52', 1),
(141, '', 'files/uploads/700499.txt', 'text/plain', 7091, 'n155000', 0, '2011-03-04 16:22:17', 0, 0, 1, '2011-03-04 16:22:17', 1),
(142, '', 'files/uploads/712369.txt', 'text/plain', 7091, 'n155000', 0, '2011-03-04 16:23:46', 0, 0, 1, '2011-03-04 16:23:46', 1),
(143, '', 'files/uploads/53285.txt', 'text/plain', 7091, 'n155000', 0, '2011-03-04 16:25:32', 0, 0, 1, '2011-03-04 16:25:32', 1),
(144, '', 'files/uploads/315375.txt', 'text/plain', 7091, 'n155000', 0, '2011-03-04 16:26:13', 0, 0, 1, '2011-03-04 16:26:13', 1),
(145, '', 'files/uploads/807788.txt', 'text/plain', 7121, 't055011', 0, '2011-03-04 17:05:02', 0, 0, 1, '2011-03-04 17:05:02', 1),
(146, '', 'files/uploads/970522.txt', 'text/plain', 7121, 't055011', 0, '2011-03-04 17:06:47', 0, 0, 1, '2011-03-04 17:06:47', 1),
(147, '', 'files/uploads/507220.txt', 'text/plain', 7121, 't055011', 0, '2011-03-04 17:09:18', 0, 0, 1, '2011-03-04 17:09:18', 1),
(148, '', 'files/uploads/163199.txt', 'text/plain', 508219, 'n155000', 0, '2011-03-07 10:47:35', 0, 0, 1, '2011-03-07 10:47:35', 1),
(149, '', 'files/uploads/265880.txt', 'text/plain', 508219, 'n155000', 0, '2011-03-07 10:54:40', 0, 0, 1, '2011-03-07 10:54:40', 1),
(150, '', 'files/uploads/429194.txt', 'text/plain', 508219, 'n155000', 0, '2011-03-07 10:55:41', 0, 0, 1, '2011-03-07 10:55:41', 1),
(151, '', 'files/uploads/184132.txt', 'text/plain', 508219, 'n155000', 0, '2011-03-07 10:55:52', 0, 0, 1, '2011-03-07 10:55:52', 1),
(152, '', 'files/uploads/6171.txt', 'text/plain', 508219, 'n155000', 0, '2011-03-07 11:21:14', 0, 0, 1, '2011-03-07 11:21:14', 1),
(153, '', 'files/uploads/304390.txt', 'text/plain', 508219, 'n155000', 0, '2011-03-07 11:23:11', 0, 0, 1, '2011-03-07 11:23:11', 1),
(154, '', 'files/uploads/235335.txt', 'text/plain', 508219, 'n155000', 0, '2011-03-07 11:23:48', 0, 0, 1, '2011-03-07 11:23:48', 1),
(155, '', 'files/uploads/691986.txt', 'text/plain', 508219, 'n155000', 0, '2011-03-07 11:24:13', 0, 0, 1, '2011-03-07 11:24:13', 1),
(156, '', 'files/uploads/768669.txt', 'text/plain', 508219, 'n155000', 0, '2011-03-07 11:26:11', 0, 0, 1, '2011-03-07 11:26:11', 1),
(157, '', 'files/uploads/487355.txt', 'text/plain', 508219, 'n155000', 0, '2011-03-07 11:27:01', 0, 0, 1, '2011-03-07 11:27:01', 1),
(158, '', 'files/uploads/992951.txt', 'text/plain', 508219, 'n155000', 0, '2011-03-07 11:27:19', 0, 0, 1, '2011-03-07 11:27:19', 1),
(159, '', 'files/uploads/842727.txt', 'text/plain', 508219, 'n155000', 0, '2011-03-07 11:28:06', 0, 0, 1, '2011-03-07 11:28:06', 1),
(160, '', 'files/uploads/513689.txt', 'text/plain', 508219, 'n155000', 0, '2011-03-07 11:28:34', 0, 0, 1, '2011-03-07 11:28:34', 1),
(161, '', 'files/uploads/754296.txt', 'text/plain', 508219, 'n155000', 0, '2011-03-07 11:30:37', 0, 0, 1, '2011-03-07 11:30:37', 1),
(162, '', 'files/uploads/904947.txt', 'text/plain', 508219, 'n155000', 0, '2011-03-07 11:31:45', 0, 0, 1, '2011-03-07 11:31:45', 1),
(163, '', 'files/uploads/811847.txt', 'text/plain', 508219, 'n155000', 0, '2011-03-07 11:33:35', 0, 0, 1, '2011-03-07 11:33:35', 1),
(164, '', 'files/uploads/459861.txt', 'text/plain', 508219, 'n155000', 0, '2011-03-07 11:34:37', 0, 0, 1, '2011-03-07 11:34:37', 1),
(165, '', 'files/uploads/579021.txt', 'text/plain', 7121, 'n155000', 0, '2011-03-07 11:36:50', 0, 0, 1, '2011-03-07 11:36:50', 1),
(166, '', 'files/uploads/596780.txt', 'text/plain', 7121, 'n155000', 0, '2011-03-07 11:39:13', 0, 0, 1, '2011-03-07 11:39:13', 1),
(167, '', 'files/uploads/140313.txt', 'text/plain', 7121, 'n155000', 0, '2011-03-07 11:39:27', 0, 0, 1, '2011-03-07 11:39:27', 1),
(168, '', 'files/uploads/739771.txt', 'text/plain', 7121, 'n155000', 0, '2011-03-07 11:40:03', 0, 0, 1, '2011-03-07 11:40:03', 1),
(169, '', 'files/uploads/342350.txt', 'text/plain', 508219, 'n155000', 0, '2011-03-07 11:40:22', 0, 0, 1, '2011-03-07 11:40:22', 1),
(170, '', 'files/uploads/948979.txt', 'text/plain', 7121, 'n155000', 0, '2011-03-07 11:40:42', 0, 0, 1, '2011-03-07 11:40:42', 1),
(171, '', 'files/uploads/435877.txt', 'text/plain', 7121, 'n155000', 0, '2011-03-07 11:41:02', 0, 0, 1, '2011-03-07 11:41:02', 1),
(172, '', 'files/uploads/365724.txt', 'text/plain', 7121, 'n155000', 0, '2011-03-07 11:41:28', 0, 0, 1, '2011-03-07 11:41:28', 1),
(173, '', 'files/uploads/259137.txt', 'text/plain', 7121, 'n155000', 0, '2011-03-07 11:42:51', 0, 0, 1, '2011-03-07 11:42:51', 1),
(174, '', 'files/uploads/170278.txt', 'text/plain', 7121, 'n155000', 0, '2011-03-07 11:43:08', 0, 0, 1, '2011-03-07 11:43:08', 1),
(175, '', 'files/uploads/765129.txt', 'text/plain', 7121, 'n155000', 0, '2011-03-07 11:44:52', 0, 0, 1, '2011-03-07 11:44:52', 1),
(176, '', 'files/uploads/413998.txt', 'text/plain', 7121, 'n155000', 0, '2011-03-07 11:46:47', 0, 0, 1, '2011-03-07 11:46:47', 1),
(177, '', 'files/uploads/58839.txt', 'text/plain', 508219, 'n155000', 0, '2011-03-07 11:48:04', 0, 0, 1, '2011-03-07 11:48:04', 1),
(178, '', 'files/uploads/826982.txt', 'text/plain', 508219, 'n155000', 0, '2011-03-07 11:48:19', 0, 0, 1, '2011-03-07 11:48:19', 1),
(179, '', 'files/uploads/359774.txt', 'text/plain', 508219, 'n155000', 0, '2011-03-07 11:50:40', 0, 0, 1, '2011-03-07 11:50:40', 1),
(180, '', 'files/uploads/288400.txt', 'text/plain', 508219, 'n155000', 0, '2011-03-07 11:51:42', 0, 0, 1, '2011-03-07 11:51:42', 1),
(181, '', 'files/uploads/599099.txt', 'text/plain', 508219, 'n155000', 0, '2011-03-07 11:53:15', 0, 0, 1, '2011-03-07 11:53:15', 1),
(182, '', 'files/uploads/705565.txt', 'text/plain', 508219, 'n155000', 0, '2011-03-07 11:54:02', 0, 0, 1, '2011-03-07 11:54:02', 1),
(183, '', 'files/uploads/420833.txt', 'text/plain', 508219, 'n155000', 0, '2011-03-07 11:55:38', 0, 0, 1, '2011-03-07 11:55:38', 1),
(184, '', 'files/uploads/303932.txt', 'text/plain', 508219, 'n155000', 0, '2011-03-07 11:56:18', 0, 0, 1, '2011-03-07 11:56:18', 1),
(185, '', 'files/uploads/548048.txt', 'text/plain', 508219, 'n155000', 0, '2011-03-07 11:58:37', 0, 0, 1, '2011-03-07 11:58:37', 1),
(186, '', 'files/uploads/656100.txt', 'text/plain', 508219, 'n155000', 0, '2011-03-07 11:59:05', 0, 0, 1, '2011-03-07 11:59:05', 1),
(187, '', 'files/uploads/412594.txt', 'text/plain', 503896, 'n155000', 0, '2011-03-07 12:01:17', 0, 0, 1, '2011-03-07 12:01:17', 1),
(188, '', 'files/uploads/874493.txt', 'text/plain', 503896, 'n155000', 0, '2011-03-07 12:36:53', 0, 0, 1, '2011-03-07 12:36:53', 1),
(189, '', 'files/uploads/335881.txt', 'text/plain', 503896, 'n155000', 0, '2011-03-07 12:42:01', 0, 0, 1, '2011-03-07 12:42:01', 1);

-- --------------------------------------------------------

--
-- Table structure for table `users`
--

CREATE TABLE IF NOT EXISTS `users` (
  `id` int(11) NOT NULL AUTO_INCREMENT,
  `username` varchar(50) NOT NULL,
  `firstName` varchar(50) NOT NULL,
  `lastName` varchar(50) NOT NULL,
  `email` varchar(255) NOT NULL,
  `ext` int(11) NOT NULL,
  `password` varchar(255) NOT NULL,
  `group_id` int(11) NOT NULL,
  `dept_id` int(11) NOT NULL,
  `active` tinyint(1) NOT NULL,
  `activationkey` varchar(255) NOT NULL,
  `numreccs` int(11) NOT NULL DEFAULT '20',
  `created` datetime NOT NULL,
  `creator_id` int(11) DEFAULT NULL,
  `modified` datetime NOT NULL,
  `modifier_id` int(11) DEFAULT NULL,
  `lastlogin` datetime NOT NULL,
  PRIMARY KEY (`id`),
  UNIQUE KEY `username` (`username`),
  UNIQUE KEY `email` (`email`)
) ENGINE=MyISAM  DEFAULT CHARSET=latin1 AUTO_INCREMENT=95 ;

--
-- Dumping data for table `users`
--

INSERT INTO `users` (`id`, `username`, `firstName`, `lastName`, `email`, `ext`, `password`, `group_id`, `dept_id`, `active`, `activationkey`, `numreccs`, `created`, `creator_id`, `modified`, `modifier_id`, `lastlogin`) VALUES
(1, 'dstearns', 'Derek', 'Stearns', 'derek.stearns@ps.net', 1111, 'd400be631554f271790d9054af9213326c96fb7d', 26, 1, 1, '', 50, '2011-01-03 15:56:40', NULL, '2011-01-24 08:02:38', NULL, '2031-01-01 00:00:00'),
(94, 'test', '', '', 'test@gmail.com', 123, '821a387f299d59ed2a4f9bf9b989eaf1bf4b1126', 24, 0, 0, '', 20, '2011-03-04 12:40:42', NULL, '2011-03-04 12:40:42', NULL, '0000-00-00 00:00:00'),
(91, 'dtest', 'Derek', 'Stearns', 'derek_stearns@dell.com', 123, 'ba9c423740dd559cfe0ad51b740986f928d3a553', 24, 2, 0, '', 20, '2011-03-02 09:12:29', NULL, '2011-03-11 15:27:49', NULL, '2031-01-01 00:00:00');

-- --------------------------------------------------------

--
-- Table structure for table `usertickets`
--

CREATE TABLE IF NOT EXISTS `usertickets` (
  `id` varchar(255) NOT NULL,
  `npassword` varchar(255) NOT NULL,
  `user_id` int(11) NOT NULL,
  `expiredate` date NOT NULL,
  `created` timestamp NOT NULL DEFAULT CURRENT_TIMESTAMP ON UPDATE CURRENT_TIMESTAMP,
  PRIMARY KEY (`id`)
) ENGINE=MyISAM DEFAULT CHARSET=latin1;

--
-- Dumping data for table `usertickets`
--

INSERT INTO `usertickets` (`id`, `npassword`, `user_id`, `expiredate`, `created`) VALUES
('8h9z96up6f53qsgmzbj0v39qc', '', 49, '2011-01-21', '2011-01-07 13:23:23'),
('71vlvqrknq086kkww49fnqbgv', '', 50, '2011-01-21', '2011-01-07 13:27:11'),
('71phy5rqf084dxa56vxgqzec2', '', 61, '2011-03-10', '2011-02-24 17:48:47'),
('kvyds98euixfl557zhlbri1f7', '', 63, '2011-03-10', '2011-02-24 18:05:17'),
('ta1vv8ynbdjp1mi9j04j434vf', '', 64, '2011-03-10', '2011-02-24 18:21:09'),
('n3ohbg38lzvp4kwzl47wydxdt', '', 65, '2011-03-14', '2011-02-28 08:33:05'),
('9ejm5o92g32qyyzohdmeccy3h', '', 67, '2011-03-14', '2011-02-28 08:56:06'),
('iqd24pxsn4pwwtjcx4ocd7dil', '', 68, '2011-03-14', '2011-02-28 09:15:19'),
('gs6291enaihbw72laz2qutncn', '', 69, '2011-03-14', '2011-02-28 09:18:53'),
('8h15g48ah60a15w6zoairr5ig', '', 71, '2011-03-14', '2011-02-28 09:47:22'),
('y9bs7i4spnekosvpi3sc3g0z1', '', 78, '2011-03-14', '2011-02-28 14:48:06'),
('ybbog490pvqr39us435xhxrqf', '', 79, '2011-03-16', '2011-03-02 08:40:15'),
('v48w5cgyo5o36sw1xgjj68n1z', '', 80, '2011-03-16', '2011-03-02 08:41:04'),
('wn4dhsisuh4q7l6y6fkkh9vgm', '', 81, '2011-03-16', '2011-03-02 08:41:30'),
('ep64vdk3f912iargjxuc645u2', '', 82, '2011-03-16', '2011-03-02 08:42:03'),
('42anivufp60b4x0jb83glsuf3', '', 83, '2011-03-16', '2011-03-02 08:42:23'),
('fb44n4ji9g5rv8b400pdh9foq', '', 84, '2011-03-16', '2011-03-02 08:43:18'),
('jxd75tc65ohmzwt9ek2fhm1o0', '', 85, '2011-03-16', '2011-03-02 08:43:42'),
('78z1ulq3b9ijceqvpahxvfhd1', '', 86, '2011-03-16', '2011-03-02 08:49:49'),
('w75zbfl4zvad524b1djgn2h5j', '', 87, '2011-03-16', '2011-03-02 08:52:09'),
('x5rmc32d7spese3kicgehzke3', '', 88, '2011-03-16', '2011-03-02 08:55:55'),
('nypwub5t56aary527ckkwpc7k', '', 89, '2011-03-16', '2011-03-02 09:01:28'),
('eizrn8aa6sns2nw35bxhjd4vg', '', 90, '2011-03-16', '2011-03-02 09:05:18'),
('65z662cakcghxbrzbxar4a9bi', '', 91, '2011-03-16', '2011-03-02 09:12:29'),
('5mnor3t6r7kulqsqmued36n1k', '', 92, '2011-03-16', '2011-03-02 10:07:35'),
('1bqdxlrsmnwzj0w6g13d3uee2', '', 93, '2011-03-16', '2011-03-02 10:08:15'),
('4cgx9lvg1iqdfjf26dm0hc0vz', '', 94, '2011-03-18', '2011-03-04 12:40:43');

/*!40101 SET CHARACTER_SET_CLIENT=@OLD_CHARACTER_SET_CLIENT */;
/*!40101 SET CHARACTER_SET_RESULTS=@OLD_CHARACTER_SET_RESULTS */;
/*!40101 SET COLLATION_CONNECTION=@OLD_COLLATION_CONNECTION */;
